deal_id,category,subcategory,geo,title,description,fine_print,num_options,option_names,price,value,discount_pct,merchant_name,image_quality_score,days_live,weekly_udvs_w1,weekly_orders_w1,weekly_udvs_w2,weekly_orders_w2,weekly_udvs_w3,weekly_orders_w3,weekly_udvs_w4,weekly_orders_w4,weekly_udvs_w5,weekly_orders_w5,weekly_udvs_w6,weekly_orders_w6,weekly_udvs_w7,weekly_orders_w7,weekly_udvs_w8,weekly_orders_w8,cvr,aov,refund_rate
d04a54f4-c8aa-4083-bba5-9b67df39c6e8,Home Services,HVAC,Seattle,Termite Inspection & Treatment Plan at GreenLeaf Services,"What We Offer: Our licensed, bonded, and insured professionals arrive at your home with all necessary supplies and equipment — you don't need to provide anything. The service includes a thorough walkthrough before we begin, the service itself, and a final inspection with you to ensure everything meets your standards. We clean up after ourselves. Why You Should Grab This Offer: We've served over 2,000 homes in Seattle and maintain a 4.7-star rating. Every technician is background-checked, drug-tested, and has an average of 8 years of experience. We offer a 100% satisfaction guarantee — if you're not happy, we come back and fix it at no charge. Our customers particularly appreciate our on-time arrival and transparent pricing with no hidden fees. Good to Know: Serving Seattle and surrounding areas within 30 miles. Online booking with 2-hour arrival windows. Service takes approximately 1-3 hours depending on home size and scope.",Not valid on holidays; Promotional value expires 120 days after purchase; Excludes alcohol,4,"Single Room, Multi-Room Package, Complete Home Overhaul",105,184,0.4293,GreenLeaf Services,3,19,1479,135,1185,88,1507,153,2223,171,1598,112,1561,99,1758,134,1793,148,0.079365,88.62,0.0793
d94bb39f-843c-4ac6-9a93-7dbabd1314ed,Health & Fitness,Chiropractic,Chicago,Phentermine Weight-Loss Program w/ Consultation at Peak Med Center,"What We Offer: This package includes an initial assessment with a certified professional who will review your health history, discuss your goals, and create a personalized treatment or training plan. All sessions are one-on-one in a modern, fully equipped facility. Equipment is sanitized between each client. Why You Should Grab This Offer: Our practitioners hold nationally recognized certifications and undergo continuing education annually. We take a data-driven approach — your progress is tracked session to session, with adjustments made based on measurable outcomes, not guesswork. Over 85% of our clients report noticeable improvement within the first month. Good to Know: Flexible scheduling with morning, afternoon, and evening slots available. Located in Chicago with free on-site parking. Insurance not accepted — all pricing is transparent and upfront with no hidden fees.",48-hour cancellation policy; Photo ID required; Valid at Chicago location only; Must present voucher on arrival; Valid for dine-in only; Subject to availability; Limit 1 per household,3,"Option 1, Option 2, Option 3",56,142,0.6056,Peak Med Center,1,103,1501,82,1282,53,1232,63,1315,64,1787,83,1581,80,678,30,1224,48,0.047453,54.59,0.0784
e2c08629-c85e-4e6e-8bce-1c9b47008c5b,Health & Fitness,Weight Loss,Chicago,Restore & Recharge at Vitality Dental,An opportunity to enjoy premium service at a fraction of the regular cost. Our customers love the convenience and value of this deal. Valid for the options listed. See fine print for scheduling and restrictions.,Must redeem within 30 days; Expires 90 days from purchase; Gratuity not included; Limit 1 per household; Valid at Chicago location only; New customers only; Valid Mon-Fri only,4,"1 Visit, 3 Visits, 5 Visits, 10 Visits",35,54,0.3519,Vitality Dental,4,44,1050,41,1078,50,1166,42,737,29,1010,37,1248,45,949,29,814,27,0.037258,47.54,0.1044
7c765ecb-e12b-4d43-ad86-f249a9ca99ba,Beauty & Spas,Hair,Los Angeles,Revitalize Your Look w/ Amazing Services at Sapphire Beauty Bar,Experience the best that Los Angeles has to offer with this popular deal. Thousands of Groupon customers have enjoyed this offer. Book now to secure your spot before availability runs out. See fine print for redemption details.,No refunds after redemption; Valid at Los Angeles location only; Not valid Dec 24-Jan 2; No cash value; Merchant is solely responsible for care; Excludes alcohol; Valid for dine-in only,4,"Mini Refresh, Classic Treatment, Luxury Package, Ultimate Transformation",48,127,0.622,Sapphire Beauty Bar,4,67,2961,75,3006,69,3025,68,2934,66,2596,57,2984,66,2174,66,2985,64,0.023428,65.54,0.0943
872bbb9d-a910-415a-b804-cf2316c0496c,Automotive,Inspection,Los Angeles,Amazing Auto Service at MasterMech Tire & Auto,"Save on this top-rated experience in Los Angeles. Whether you're a local or just visiting, this deal offers real value. Simple redemption — just show your voucher. See fine print for full details.",Subject to availability; Merchant is solely responsible for care; Valid for dine-in only; Not valid Dec 24-Jan 2; Valid at Los Angeles location only,1,1 Session,61,156,0.609,MasterMech Tire & Auto,2,68,922,13,1045,14,914,9,924,11,834,11,946,13,1126,17,1185,14,0.012918,74.76,0.0542
30f2f9d8-f471-44b8-876e-bcc991826a3e,Automotive,Detailing,Los Angeles,AC Recharge & System Check at Jiffy Auto Spa,"What Is Included: Up to five quarts of quality oil (synthetic blend or full synthetic depending on option purchased), standard oil filter, lubrication of chassis components per manufacturer specs, and a complimentary multi-point maintenance check. Our certified technicians perform an inspection covering fluid levels, tire pressure, battery test, wiper blades, headlights and taillights, air filter, and antifreeze/coolant levels. What Is Not Included: Extra quarts beyond five are available for an additional fee at time of service. Premium or canister filters available for purchase. European oil types not included. Why You Should Grab This Offer: Our ASE-certified technicians complete over 270 hours of professional training. No appointment needed — stay-in-your-car service completed in approximately 15-20 minutes. Contactless payment available. Good to Know: Valid at participating locations. Digital inspection report emailed after service. All work backed by a service guarantee.",Must present voucher on arrival; Excludes alcohol; Limit 1 per person; Valid for dine-in only; Excludes weekends & public holidays; Expires 90 days from purchase,2,"Quick Service, Bumper-to-Bumper Overhaul",69,142,0.5141,Jiffy Auto Spa,4,100,1578,87,1056,74,1252,86,1036,85,959,80,1280,110,947,76,1109,122,0.078117,67.36,0.0944
d3d59cdf-2818-4317-b302-d6c39f517479,Things to Do,Tours,Seattle,Unforgettable Fun at Epic Cruises,"Treat yourself or someone special to this offer. Whether it's a birthday, anniversary, or just a Tuesday — you deserve something nice. Great quality at an unbeatable price. Restrictions may apply — see fine print for full details.",Not valid on holidays; No refunds after redemption; 48-hour cancellation policy,3,"Taster, Full Day Explorer, VIP Experience",45,67,0.3284,Epic Cruises,2,14,2435,36,1614,16,2923,42,2683,34,2286,24,2435,32,1954,28,2373,41,0.013527,65.09,0.0498
f426e648-4e88-41ba-97e1-32154ba24598,Retail,Fashion,Manchester,Must-Have Items at Great Prices,This is a deal you won't want to miss. Perfect for anyone looking for a great experience at a great price. Limited availability — grab it before it's gone. Valid for new and existing customers. See fine print for full details and restrictions.,Cannot be combined with other offers; Not valid on holidays; Gratuity not included; Excludes weekends & public holidays; Photo ID required; Not valid Dec 24-Jan 2; Limit 1 per household; Valid at Manchester location only; Excludes alcohol; Subject to availability,3,"Option 1, Option 2, Option 3",33,47,0.2979,Curated Emporium,1,106,1525,17,2538,32,1254,11,1132,13,2073,17,1901,18,1604,15,1640,15,0.010097,45.18,0.1511
2d5345d7-887f-414d-98a3-67bd91e63b7a,Automotive,Detailing,Seattle,Engine Diagnostic Scan & Report at PrecisionAuto Service Center,"What Is Included: Up to five quarts of quality oil (synthetic blend or full synthetic depending on option purchased), standard oil filter, lubrication of chassis components per manufacturer specs, and a complimentary multi-point maintenance check. Our certified technicians perform an inspection covering fluid levels, tire pressure, battery test, wiper blades, headlights and taillights, air filter, and antifreeze/coolant levels. What Is Not Included: Extra quarts beyond five are available for an additional fee at time of service. Premium or canister filters available for purchase. European oil types not included. Why You Should Grab This Offer: Our ASE-certified technicians complete over 270 hours of professional training. No appointment needed — stay-in-your-car service completed in approximately 15-20 minutes. Contactless payment available. Good to Know: Valid at participating locations. Digital inspection report emailed after service. All work backed by a service guarantee.",Cannot be combined with other offers; Promotional value expires 120 days after purchase; Valid for dine-in only; Not valid Dec 24-Jan 2; Excludes alcohol,1,Complete Vehicle Refresh,84,160,0.475,PrecisionAuto Service Center,2,104,1339,65,1275,45,1299,73,1854,127,1721,88,1263,42,1704,77,1857,87,0.049058,123.13,0.0536
94f72ee4-1852-4ab6-b21a-511a8f0cb99e,Retail,Fashion,San Francisco,"Organic Skincare Set — Cleanser, Serum & Moisturizer",What's Included: Product ships within 2-3 business days via USPS or UPS with tracking number provided via email. Each item is quality-inspected before shipping and arrives in protective packaging. 30-day hassle-free returns accepted with original packaging — we'll provide a prepaid return label. Why You Should Grab This Offer: This product has been one of our top sellers with over 500 five-star reviews. Made with premium materials designed for daily use. Makes an excellent gift — arrives in presentation-ready packaging with the option to include a personalized gift note at checkout. Good to Know: Available in multiple sizes and colors — select your preferred option at checkout. Ships to all 50 US states. International shipping available for an additional fee. Bulk orders of 5+ units receive an automatic 10% discount.,Excludes alcohol; Valid for dine-in only; New customers only; Appointment required; Not valid on holidays; Limit 1 per household; Valid at San Francisco location only,3,"1 Session, 3 Sessions, 5 Sessions",12,27,0.5556,Curated Collection,3,82,198,7,166,5,220,7,219,7,209,6,218,4,234,5,211,8,0.029254,14.56,0.0655
aef6b9ea-456e-4c35-8293-6a89b0de6612,Food & Drink,Meal Kits,London,Amazing Dining Experience at Golden Cafe,Experience the best that London has to offer with this popular deal. Thousands of Groupon customers have enjoyed this offer. Book now to secure your spot before availability runs out. See fine print for redemption details.,Valid at London location only; Excludes weekends & public holidays; Gratuity not included,2,"Small, Large",34,79,0.5696,Golden Cafe,3,36,211,2,148,1,257,1,174,2,300,4,223,2,165,2,166,3,0.010341,35.68,0.0481
f4f00fc0-264d-437c-84dd-1231a2e9a19e,Beauty & Spas,Spa,Barcelona,Treat Yourself to a Premium Beauty Service at Crystal Scalp Care Spa,"Looking for something special? This deal has you covered. Great for individuals, couples, or groups. Flexible scheduling available. Check the fine print for full terms and restrictions. Voucher must be presented on arrival.",No cash value; Valid Mon-Fri only; No refunds after redemption; Limit 1 per household; Must present voucher on arrival; Gratuity not included,1,Complete Transformation,89,177,0.4972,Crystal Scalp Care Spa,5,94,1525,49,1959,81,1529,43,1465,49,1431,55,1933,68,1341,43,1334,39,0.034114,135.24,0.1078
7071f6eb-672c-4a13-ae23-1f1d5a1f964d,Beauty & Spas,Hair,Manchester,Before & After Full-Face Rejuvenation — PRP + Micro-Needling at Ivory Salon,"What We Offer: A results-driven treatment tailored to your individual needs, performed by certified specialists who have completed over 500 hours of advanced training. Each session includes a pre-treatment consultation, the procedure itself, and post-care instructions. We use only premium, cruelty-free products from leading clinical brands. Why You Should Grab This Offer: This treatment has been one of our most popular services for the past two years, with a 92% client satisfaction rate. Whether this is your first time or you're a returning client, we customize every session. Our treatment rooms are private and fully sanitized between appointments. Good to Know: Walk-ins welcome, but appointments are recommended to guarantee your preferred time. Located in downtown Manchester with easy transit access. Gift cards available if you'd like to share the experience.",Merchant is solely responsible for care; Not valid on holidays,3,"Option 1, Option 2, Option 3",53,83,0.3614,Ivory Salon,3,84,1354,97,1125,87,1543,77,1492,142,1028,79,1562,117,1214,116,665,48,0.07643,70.73,0.0751
f75ba083-29cf-4e05-8496-34e32ae87e5d,Retail,Gifts,London,Amazing Deal on Must-Have Products,Experience the best that London has to offer with this popular deal. Thousands of Groupon customers have enjoyed this offer. Book now to secure your spot before availability runs out. See fine print for redemption details.,Merchant is solely responsible for care; Valid at London location only,4,"Sample Pack, Full Set, Deluxe Gift Box",37,65,0.4308,Haven Supply,3,26,3084,50,1833,29,1751,33,2442,42,2561,37,2613,36,1888,33,2444,42,0.016223,48.69,0.0734
efc1d243-84c0-44c9-9ff3-fdce5db08eb1,Food & Drink,Cafes & Bakeries,Madrid,Afternoon Tea for Two w/ Champagne & 3-Tier Stand at Copper BBQ,"What We Offer: Enjoy a carefully curated dining experience prepared by our award-winning chef using locally sourced, seasonal ingredients. Each course is thoughtfully paired with beverages selected by our in-house sommelier. The menu changes quarterly to reflect the freshest produce available, so every visit offers something new. Vegetarian, vegan, and gluten-free options are always available — just let your server know. Why You Should Grab This Offer: We've been recognized by local food critics as one of Madrid's best-kept secrets, with a 4.6-star average on Google and Yelp. Our intimate dining room seats just 40 guests, creating a personal atmosphere you won't find at larger establishments. Private dining available for groups of 8 or more. Good to Know: Reservations recommended, especially on weekends. Free street parking available after 6 PM. Kids' menu available for diners under 12.",Appointment required; Not valid Dec 24-Jan 2; Gratuity not included; Merchant is solely responsible for care; Promotional value expires 120 days after purchase,2,"Small, Large",33,64,0.4844,Copper BBQ,4,26,2107,135,2860,150,1355,67,2337,136,2171,134,2537,137,2542,156,2795,144,0.056619,31.35,0.0552
63c0bfa3-fed9-4638-b37c-6b1bdfe2ba0c,Beauty & Spas,Med Spa,San Francisco,Enjoy a Fantastic Beauty Package at Pristine Wellness Center,This is a deal you won't want to miss. Perfect for anyone looking for a great experience at a great price. Limited availability — grab it before it's gone. Valid for new and existing customers. See fine print for full details and restrictions.,No refunds after redemption; Photo ID required,3,"1 Session, 3 Sessions, 5 Sessions",90,156,0.4231,Pristine Wellness Center,3,24,1839,38,1474,25,1496,22,1828,33,1597,27,1569,26,1655,26,1543,20,0.016691,110.61,0.0486
46d1be41-f5e3-4f42-a0e2-ed6c1ce2403d,Beauty & Spas,Nails,Houston,120-Min HIFU Full Face & Neck Lift + Collagen Treatment at Pristine Spa,"What We Offer: This deal includes a full consultation to identify your specific skin concerns, followed by a customized treatment performed by a licensed aesthetician with over 10 years of experience. All products used are medical-grade and dermatologist-approved. The session begins with a thorough skin analysis, followed by the treatment itself, and ends with a personalized at-home care plan. Before and after photos are taken so you can track your results over time. Why You Should Grab This Offer: Whether you're dealing with fine lines, uneven skin tone, acne scarring, or just want a refresh, this treatment is designed to deliver visible results from the first session. Our specialists tailor every session to your skin type — no cookie-cutter approach. Good to Know: Located in Houston with free parking and complimentary refreshments in the waiting area. Open 7 days a week with evening appointments available. Online booking at our website — same-week availability.",Limit 1 per person; Subject to availability,4,"1 Visit, 3 Visits, 5 Visits, 10 Visits",20,37,0.4595,Pristine Spa,2,96,2720,47,1910,43,2387,50,2813,57,1572,31,2651,41,1567,31,3123,65,0.019474,23.1,0.0359
c7b4616b-d5ae-448f-9366-2393061477cc,Retail,Home Goods,Houston,"Personalized Canvas Print — 8x10, 16x20, or 24x36",What's Included: Product ships within 2-3 business days via USPS or UPS with tracking number provided via email. Each item is quality-inspected before shipping and arrives in protective packaging. 30-day hassle-free returns accepted with original packaging — we'll provide a prepaid return label. Why You Should Grab This Offer: This product has been one of our top sellers with over 500 five-star reviews. Made with premium materials designed for daily use. Makes an excellent gift — arrives in presentation-ready packaging with the option to include a personalized gift note at checkout. Good to Know: Available in multiple sizes and colors — select your preferred option at checkout. Ships to all 50 US states. International shipping available for an additional fee. Bulk orders of 5+ units receive an automatic 10% discount.,Gratuity not included; Excludes alcohol; No refunds after redemption; New customers only; Cannot be combined with other offers; Photo ID required,2,"Starter Set, Complete Collection",36,67,0.4627,Heritage Supply,2,78,3631,76,2645,68,3340,63,2002,48,3248,60,2705,51,3812,92,2468,61,0.02176,54.09,0.0451
d14809b9-36aa-43f3-85da-4f82d092650e,Beauty & Spas,Skin Care,Barcelona,Unwind w/ a Wonderful Relaxation Package at Opulent Spa,A great way to try something new without breaking the bank. This deal has been popular with Groupon customers. Limited quantities available. Valid only for the option purchased. See fine print for all terms.,Appointment required; Valid at Barcelona location only; New customers only; Limit 1 per household; Expires 90 days from purchase; Not valid Dec 24-Jan 2; Must redeem within 30 days; Excludes alcohol,2,"Option 1, Option 2",50,88,0.4318,Opulent Spa,2,78,2095,29,2310,28,1729,21,1675,20,2224,27,1841,23,1993,22,1780,22,0.012271,51.69,0.0454
2376c7e2-f31b-4124-a9ec-8676b7c9feea,Home Services,Handyman,Manchester,Best Home Care in Manchester at TruGuard Experts,Highly rated by Groupon customers in Manchester. Easy online booking with instant confirmation. Satisfaction guaranteed or your money back. This deal won't last long — availability is limited.,Promotional value expires 120 days after purchase; Photo ID required; Not valid Dec 24-Jan 2; Not valid on holidays,2,"Small, Large",53,146,0.637,TruGuard Experts,2,7,2145,23,1933,11,1660,22,1624,21,2227,15,2235,24,2278,29,1965,26,0.010643,72.47,0.0512
05c8dcbd-1192-4032-90fd-4a71f5b159e8,Beauty & Spas,Med Spa,London,Enjoy a Fantastic Beauty Package at Lotus Skin Lounge,Experience the best that London has to offer with this popular deal. Thousands of Groupon customers have enjoyed this offer. Book now to secure your spot before availability runs out. See fine print for redemption details.,Must redeem within 30 days; Merchant is solely responsible for care; Promotional value expires 120 days after purchase; Valid Mon-Fri only,1,Basic,84,166,0.494,Lotus Skin Lounge,1,16,1371,19,1376,39,1918,41,2254,45,2334,54,1234,22,2144,40,1406,30,0.02066,113.04,0.0224
fb4156f9-4f6b-4d3a-9545-41c19b038937,Home Services,Pest Control,San Francisco,Trusted Service from AllStar Home Services,An opportunity to enjoy premium service at a fraction of the regular cost. Our customers love the convenience and value of this deal. Valid for the options listed. See fine print for scheduling and restrictions.,Expires 90 days from purchase; Limit 1 per person; Not valid Dec 24-Jan 2; Promotional value expires 120 days after purchase; Excludes weekends & public holidays; Valid for dine-in only; Must be 18+,4,"Option 1, Option 2, Option 3, Option 4",111,170,0.3471,AllStar Home Services,3,33,1267,23,1239,25,1400,24,863,15,1182,21,1733,45,1196,27,1283,22,0.019876,143.95,0.0976
7e4b602c-1ae9-4822-9fd9-f128f8ca8d4d,Beauty & Spas,Skin Care,Barcelona,Revitalize Your Look w/ Amazing Services at Zen Skin Lounge,A great way to try something new without breaking the bank. This deal has been popular with Groupon customers. Limited quantities available. Valid only for the option purchased. See fine print for all terms.,Valid Mon-Fri only; No refunds after redemption; 48-hour cancellation policy; Valid at Barcelona location only; No cash value; Promotional value expires 120 days after purchase; Photo ID required; New customers only; Excludes weekends & public holidays,2,"Single, Double",62,153,0.5948,Zen Skin Lounge,3,86,1630,28,3037,69,2963,55,3108,62,2376,51,2106,34,2691,46,3639,74,0.019443,52.44,0.0944
b6c3f2fc-2640-4ceb-b207-afd64ae393ed,Retail,Gifts,Barcelona,Memory Foam Pillow — Standard or King Size,"What's Included: Your order includes everything listed in the product description — no additional purchases required. Each item is manufactured to strict quality standards with durable materials built to last. Detailed care instructions included in the box. Why You Should Grab This Offer: We've sold over 10,000 units of this product and maintain a 4.5-star average rating. Customer favorites include the build quality, packaging, and fast shipping. Perfect as a treat for yourself or as a thoughtful gift for someone special. We stand behind every product with a 1-year manufacturer warranty. Good to Know: Ships from our US-based warehouse. Standard shipping takes 3-5 business days. Express shipping available at checkout for an additional fee. Contact our customer service team for any questions — average response time under 4 hours.",48-hour cancellation policy; Valid at Barcelona location only; Limit 1 per person; Must present voucher on arrival; Expires 90 days from purchase; Must redeem within 30 days,2,"Starter Set, Complete Collection",56,91,0.3846,Artisan Emporium,4,89,2838,215,1860,152,2452,151,1267,93,2123,174,3181,218,2248,159,1841,132,0.072656,72.13,0.1161
85a75edc-ac4d-45f1-9244-cd3141dca67d,Travel,Resorts,Denver,Relax & Unwind at Royal Hotel & Spa,Experience the best that Denver has to offer with this popular deal. Thousands of Groupon customers have enjoyed this offer. Book now to secure your spot before availability runs out. See fine print for redemption details.,Promotional value expires 120 days after purchase; New customers only; 48-hour cancellation policy; Valid for dine-in only; No cash value,1,Weekend Escape,348,560,0.3786,Royal Hotel & Spa,5,81,1791,60,2198,109,2232,79,3292,98,2123,41,2801,106,2853,149,1706,80,0.038008,437.6,0.0633
7406a191-43f7-4557-aa77-f6a5dd96ac2d,Retail,Home Goods,Los Angeles,Custom Phone Case — 100+ Designs w/ Free Shipping,What's Included: Product ships within 2-3 business days via USPS or UPS with tracking number provided via email. Each item is quality-inspected before shipping and arrives in protective packaging. 30-day hassle-free returns accepted with original packaging — we'll provide a prepaid return label. Why You Should Grab This Offer: This product has been one of our top sellers with over 500 five-star reviews. Made with premium materials designed for daily use. Makes an excellent gift — arrives in presentation-ready packaging with the option to include a personalized gift note at checkout. Good to Know: Available in multiple sizes and colors — select your preferred option at checkout. Ships to all 50 US states. International shipping available for an additional fee. Bulk orders of 5+ units receive an automatic 10% discount.,Valid for dine-in only; Subject to availability; Must be 18+; Not valid Dec 24-Jan 2; No cash value,2,"1 Session, 3 Sessions",29,46,0.3696,Wander Supply,4,95,1195,115,1297,94,968,66,581,38,1040,89,1020,90,1161,88,950,54,0.077204,29.57,0.0383
fa53b500-0507-45f0-9c0e-5f4148359e06,Automotive,Inspection,Birmingham,Amazing Auto Service at PrecisionAuto Car Wash & Detail,An opportunity to enjoy premium service at a fraction of the regular cost. Our customers love the convenience and value of this deal. Valid for the options listed. See fine print for scheduling and restrictions.,48-hour cancellation policy; Gratuity not included; Must be 18+; Limit 1 per person; Expires 90 days from purchase,1,Complete Vehicle Refresh,70,154,0.5455,PrecisionAuto Car Wash & Detail,1,119,1462,26,1013,22,1212,26,1356,25,987,21,1472,23,1400,25,1340,28,0.019137,103.93,0.083
23366f23-db95-4b70-b02d-328c4c61a919,Beauty & Spas,Skin Care,Chicago,60-Min Facial w/ Microdermabrasion & LED Light Therapy at Sapphire Wellness Center,"During the procedure, a licensed professional uses specialized equipment to target problem areas. The treatment is non-invasive and typically takes 45-60 minutes per session. Clients may experience mild redness for 1-2 hours post-treatment, which subsides naturally. What We Offer: Choose from single sessions or multi-session packages for best results. All treatments are performed in a private, sanitized room using FDA-approved devices. A patch test is included for first-time clients at no extra charge. Why You Should Grab This Offer: Rated 4.8 stars by over 200 Groupon customers. Our board-certified staff combines clinical expertise with a relaxing spa atmosphere — so you get real results without the clinical feel. Results are cumulative; most clients see noticeable improvement after 2-3 sessions. Good to Know: New and returning clients welcome. Consultation required before first treatment — if you are ineligible, a full refund will be provided.",Photo ID required; Limit 1 per household,1,Complete Transformation,59,129,0.5426,Sapphire Wellness Center,4,118,1627,111,1304,95,1877,139,1746,158,1818,164,1792,171,1735,160,2004,130,0.081134,70.97,0.0579
8c85a346-2de1-4234-ac57-b4fd32141df6,Home Services,Handyman,Dallas,Professional Care for Your Home at EcoShield Home Services,"Save on this top-rated experience in Dallas. Whether you're a local or just visiting, this deal offers real value. Simple redemption — just show your voucher. See fine print for full details.",Must present voucher on arrival; Excludes alcohol; Expires 90 days from purchase; Valid for dine-in only; Cannot be combined with other offers; Limit 1 per household; Promotional value expires 120 days after purchase; New customers only; No cash value,2,"Single, Double",180,332,0.4578,EcoShield Home Services,1,111,1931,38,1817,38,1788,25,2548,39,2492,46,2247,48,2196,41,2259,41,0.018289,217.94,0.1483
bb6b93bf-63f8-46bf-beb7-144bbf2dd044,Beauty & Spas,Hair,Chicago,Before & After Smile Transformation — Zoom Whitening at Ivory Med Spa,"During the procedure, a licensed professional uses specialized equipment to target problem areas. The treatment is non-invasive and typically takes 45-60 minutes per session. Clients may experience mild redness for 1-2 hours post-treatment, which subsides naturally. What We Offer: Choose from single sessions or multi-session packages for best results. All treatments are performed in a private, sanitized room using FDA-approved devices. A patch test is included for first-time clients at no extra charge. Why You Should Grab This Offer: Rated 4.8 stars by over 200 Groupon customers. Our board-certified staff combines clinical expertise with a relaxing spa atmosphere — so you get real results without the clinical feel. Results are cumulative; most clients see noticeable improvement after 2-3 sessions. Good to Know: New and returning clients welcome. Consultation required before first treatment — if you are ineligible, a full refund will be provided.",No refunds after redemption; Limit 1 per person; Photo ID required; Valid Mon-Fri only; Must be 18+; Promotional value expires 120 days after purchase; 48-hour cancellation policy; Excludes weekends & public holidays; Not valid on holidays; Merchant is solely responsible for care,2,"1 Session, 3 Sessions",43,118,0.6356,Ivory Med Spa,1,102,1749,73,2871,105,2252,115,3228,177,3173,123,2194,109,3398,155,2765,116,0.044984,51.98,0.1533
f5b131fa-fdcd-45e9-866f-8f6c7c452f51,Travel,Hotels,Barcelona,1 or 2-Night Stay in King Suite w/ Spa Access at Sunrise Lodge,"What We Offer: A relaxing stay at a hand-picked property featuring on-site dining, pool, fitness center, and complimentary Wi-Fi throughout. Your rate includes daily breakfast for two, served in our dining room or delivered to your suite. Rooms feature premium linens, blackout curtains, a Nespresso machine, and a fully stocked minibar (charges apply). Why You Should Grab This Offer: Escape the routine without the hassle of planning every detail. We've partnered with this property specifically for its combination of location, amenities, and service quality. Guest reviews consistently highlight the friendly staff, clean rooms, and excellent breakfast spread. Good to Know: Check-in from 3 PM, checkout by 11 AM. Late checkout available upon request (subject to availability). Free cancellation up to 48 hours before arrival. Parking included. Pet-friendly rooms available on request at select properties.",Valid Mon-Fri only; Excludes weekends & public holidays; Not valid Dec 24-Jan 2; 48-hour cancellation policy; Must present voucher on arrival; Gratuity not included; Appointment required,3,"Overnight Stay, Weekend Escape, Week-Long Retreat",153,320,0.5219,Sunrise Lodge,1,24,1535,66,658,18,1251,47,1556,65,1285,54,2064,93,1176,52,1712,63,0.040758,169.67,0.1429
f5a4bbb4-966d-468f-846b-f5695f668e52,Beauty & Spas,Nails,San Francisco,"20, 40, or 60 Units of Botox at Crystal Spa","What We Offer: This deal includes a full consultation to identify your specific skin concerns, followed by a customized treatment performed by a licensed aesthetician with over 10 years of experience. All products used are medical-grade and dermatologist-approved. The session begins with a thorough skin analysis, followed by the treatment itself, and ends with a personalized at-home care plan. Before and after photos are taken so you can track your results over time. Why You Should Grab This Offer: Whether you're dealing with fine lines, uneven skin tone, acne scarring, or just want a refresh, this treatment is designed to deliver visible results from the first session. Our specialists tailor every session to your skin type — no cookie-cutter approach. Good to Know: Located in San Francisco with free parking and complimentary refreshments in the waiting area. Open 7 days a week with evening appointments available. Online booking at our website — same-week availability.",No cash value; Not valid on holidays; Limit 1 per person; Gratuity not included,2,"Option 1, Option 2",37,100,0.63,Crystal Spa,2,38,1025,53,944,48,665,46,621,33,837,56,903,66,904,51,1226,74,0.05993,39.67,0.0418
010702e4-97c4-4852-8d9f-d59b6d5559f3,Retail,Electronics,Barcelona,Shop Smart & Save Big,An opportunity to enjoy premium service at a fraction of the regular cost. Our customers love the convenience and value of this deal. Valid for the options listed. See fine print for scheduling and restrictions.,Valid for dine-in only; New customers only; Excludes alcohol; Limit 1 per household; Not valid on holidays; Gratuity not included; Excludes weekends & public holidays; Valid Mon-Fri only,3,"Sample Pack, Full Set, Deluxe Gift Box",56,76,0.2632,Wander Store,4,94,2227,67,2148,79,2587,102,2512,77,2607,101,2418,95,2330,94,1784,76,0.037125,75.14,0.1232
cd4c0e29-2c20-4639-895e-b6692cdd49b6,Travel,Hotels,Madrid,Escape the Everyday at Golden Gate Inn,"Save on this top-rated experience in Madrid. Whether you're a local or just visiting, this deal offers real value. Simple redemption — just show your voucher. See fine print for full details.",Excludes alcohol; Expires 90 days from purchase; Gratuity not included; Limit 1 per household,2,"Quick Getaway, Extended Retreat",197,399,0.5063,Golden Gate Inn,2,118,2389,12,2075,12,3111,25,2125,14,2354,14,2722,21,2299,15,2339,14,0.006542,299.4,0.0513
7b13d839-46cb-4c07-a3d1-aa33b9c94987,Beauty & Spas,Skin Care,Madrid,Indulge in a Relaxing Spa Experience at Bella Wellness Center,Experience the best that Madrid has to offer with this popular deal. Thousands of Groupon customers have enjoyed this offer. Book now to secure your spot before availability runs out. See fine print for redemption details.,Not valid on holidays; No cash value; Promotional value expires 120 days after purchase; Valid for dine-in only; Valid at Madrid location only; Valid Mon-Fri only; Must present voucher on arrival; No refunds after redemption; Excludes alcohol,2,"Option 1, Option 2",21,42,0.5,Bella Wellness Center,3,34,1414,24,1384,18,987,15,1570,26,1791,25,1300,23,1353,23,1150,17,0.015618,23.56,0.0609
8c3cb10a-7924-42df-a08b-be43444ca3b4,Food & Drink,Cafes & Bakeries,Los Angeles,"Family Meal Deal — 2 Entrees, 2 Sides & Dessert at Silver Grill","What We Offer: This deal is valid toward our full food and drink menu during the specified hours. Choose from appetizers, entrees, and desserts crafted fresh daily by our kitchen team. Our menu features a mix of house specialties and seasonal rotating dishes — there's something for every palate. Full bar available with craft cocktails, local beers, and an curated wine list. Why You Should Grab This Offer: Whether it's date night, a family dinner, or a casual meal with friends, this deal gives you the flexibility to order what you want from our complete menu. Our restaurant is known for generous portions, fresh ingredients, and a warm atmosphere that keeps customers coming back. Good to Know: Located in the heart of Los Angeles. Walk-ins welcome. Outdoor seating available seasonally. Ask about our loyalty program for returning guests.",Must present voucher on arrival; Valid at Los Angeles location only; Valid for dine-in only; Promotional value expires 120 days after purchase; No cash value,3,"Light Bites, Full Dining Experience, Chef's Table VIP",16,27,0.4074,Silver Grill,5,17,2500,199,1467,144,2109,135,1552,119,1186,79,2565,227,1536,167,1553,142,0.083771,24.98,0.0768
cd3fa5e3-cbfe-4e59-82da-8dc363e934e1,Beauty & Spas,Spa,New York,Luxury HeadSpa for 1 or 2 w/ Scalp Massage & Robes at Orchid Scalp Care Spa,"During the procedure, a licensed professional uses specialized equipment to target problem areas. The treatment is non-invasive and typically takes 45-60 minutes per session. Clients may experience mild redness for 1-2 hours post-treatment, which subsides naturally. What We Offer: Choose from single sessions or multi-session packages for best results. All treatments are performed in a private, sanitized room using FDA-approved devices. A patch test is included for first-time clients at no extra charge. Why You Should Grab This Offer: Rated 4.8 stars by over 200 Groupon customers. Our board-certified staff combines clinical expertise with a relaxing spa atmosphere — so you get real results without the clinical feel. Results are cumulative; most clients see noticeable improvement after 2-3 sessions. Good to Know: New and returning clients welcome. Consultation required before first treatment — if you are ineligible, a full refund will be provided.",Excludes alcohol; Not valid on holidays,2,"Option 1, Option 2",68,78,0.1282,Orchid Scalp Care Spa,2,73,2827,21,3868,28,3474,26,2294,12,2056,14,3169,21,2512,14,3583,22,0.006643,68.5,0.1086
0b3ed1b6-ead8-49c2-83e7-e17f3cab070d,Things to Do,Entertainment,Houston,Indoor Go-Kart Racing — 2 Races for One or Two at Wildcard Entertainment,"What We Offer: A guided experience led by knowledgeable local experts who know every hidden gem in Houston. Small group sizes — maximum 12 participants — ensure a personal, interactive experience. All necessary equipment and materials are included in the price. No prior experience or special skills required. Why You Should Grab This Offer: We've hosted over 5,000 guests and maintain a 4.8-star rating. Our guides don't just walk you through the experience — they make it memorable with stories, tips, and insider knowledge you won't find in a guidebook. Perfect for families, couples, corporate outings, or solo adventurers. Good to Know: Open year-round, rain or shine (indoor alternatives available for weather-sensitive activities). Children under 12 must be accompanied by an adult. Gift cards available — makes a great last-minute present. Arrive 15 minutes before your scheduled start time.",No refunds after redemption; Not valid on holidays; Must present voucher on arrival; 48-hour cancellation policy; Subject to availability; Merchant is solely responsible for care; Appointment required; Cannot be combined with other offers; Must be 18+,2,"Small, Large",38,75,0.4933,Wildcard Entertainment,1,113,1122,31,1504,37,1176,34,1092,39,1105,26,1163,26,1211,32,1367,40,0.027207,40.27,0.1593
6e9cfa4c-3922-4533-8275-16ce89c8dca8,Health & Fitness,Dental,London,3 or 5 Acupuncture Sessions w/ Initial Consultation at Genesis Health Center,"What We Offer: Choose from single or multi-session packages designed to fit your health goals. Each session begins with a brief check-in to assess how you're feeling and adjust the plan as needed. Our facility is ADA-accessible, climate-controlled, and equipped with the latest diagnostic and therapeutic tools. Why You Should Grab This Offer: Over 1,500 clients in London have trusted us with their care. We maintain a 4.6-star rating on Google with particular praise for our professional, no-pressure approach. Every treatment is backed by a satisfaction guarantee — if you're not happy with your experience, we'll work to make it right. Good to Know: Extended hours available Tuesday through Thursday until 8 PM. Bring comfortable clothing for movement-based sessions. Free consultation for first-time clients to determine the best treatment path.",Expires 90 days from purchase; Not valid on holidays; No refunds after redemption; Must present voucher on arrival; Limit 1 per household; Excludes alcohol; Appointment required; 48-hour cancellation policy,2,"Option 1, Option 2",119,182,0.3462,Genesis Health Center,1,83,1023,21,1470,30,1182,31,1058,22,1191,20,1188,28,1495,32,1237,23,0.021028,152.08,0.1047
47a05b05-be94-4c96-9bc8-02f676b13e21,Beauty & Spas,Med Spa,Manchester,Before & After Acne Treatment — HydraFacial + LED at Orchid Beauty Studio,"What We Offer: This deal includes a full consultation to identify your specific skin concerns, followed by a customized treatment performed by a licensed aesthetician with over 10 years of experience. All products used are medical-grade and dermatologist-approved. The session begins with a thorough skin analysis, followed by the treatment itself, and ends with a personalized at-home care plan. Before and after photos are taken so you can track your results over time. Why You Should Grab This Offer: Whether you're dealing with fine lines, uneven skin tone, acne scarring, or just want a refresh, this treatment is designed to deliver visible results from the first session. Our specialists tailor every session to your skin type — no cookie-cutter approach. Good to Know: Located in Manchester with free parking and complimentary refreshments in the waiting area. Open 7 days a week with evening appointments available. Online booking at our website — same-week availability.",Must present voucher on arrival; Must be 18+; Limit 1 per person; Merchant is solely responsible for care; Must redeem within 30 days; Excludes alcohol; Not valid Dec 24-Jan 2; No refunds after redemption,4,"1 Visit, 3 Visits, 5 Visits, 10 Visits",150,206,0.2718,Orchid Beauty Studio,5,62,2367,207,2556,210,1978,145,2663,202,2178,188,3101,196,2478,149,2171,153,0.074389,120.0,0.0836
32fe508e-fce9-4b63-96c5-674c9eb57570,Home Services,Landscaping,Seattle,Trusted Service from BrightHome Solutions,"Treat yourself or someone special to this offer. Whether it's a birthday, anniversary, or just a Tuesday — you deserve something nice. Great quality at an unbeatable price. Restrictions may apply — see fine print for full details.",Valid at Seattle location only; Must present voucher on arrival; Excludes alcohol; Cannot be combined with other offers; Limit 1 per person; Must be 18+; New customers only,1,Standard,25,66,0.6212,BrightHome Solutions,5,55,1604,56,2517,68,1881,60,2886,96,2257,78,1579,53,2847,83,2349,78,0.03192,20.0,0.0786
d98e597a-7096-4b23-917b-5f020940a66d,Things to Do,Attractions,Denver,Guided Wine Tour — 3 Vineyards w/ Tastings at Thrill Adventures,"What We Offer: A hands-on experience that combines education and entertainment in a relaxed, welcoming environment. All materials, equipment, and instruction are included — just show up and enjoy. Sessions run for the duration listed and include a take-home component where applicable. Our instructors are patient, encouraging, and passionate about sharing their craft. Why You Should Grab This Offer: We believe the best experiences are the ones where you actually learn something new. Our sessions are designed to be approachable for complete beginners while still engaging for those with some background. Located in the heart of Denver with a fun, social vibe that makes this ideal for date nights, friend outings, or family weekends. Good to Know: Ages 8 and up welcome (under 16 must be accompanied by a paying adult). Complimentary refreshments provided. Online booking with instant confirmation.",Cannot be combined with other offers; Not valid Dec 24-Jan 2; Subject to availability; Appointment required; Expires 90 days from purchase,3,"Taster, Full Day Explorer, VIP Experience",85,119,0.2857,Thrill Adventures,5,116,820,67,275,23,740,55,868,76,609,54,618,47,898,83,733,53,0.082359,99.02,0.0646
77f72e36-4e6e-422a-84d0-5bd1914d2bad,Things to Do,Tours,Dallas,Kid-Friendly Trampoline Park — 60 or 90-Min Jump Pass at Wildcard Escape Room,"What We Offer: A guided experience led by knowledgeable local experts who know every hidden gem in Dallas. Small group sizes — maximum 12 participants — ensure a personal, interactive experience. All necessary equipment and materials are included in the price. No prior experience or special skills required. Why You Should Grab This Offer: We've hosted over 5,000 guests and maintain a 4.8-star rating. Our guides don't just walk you through the experience — they make it memorable with stories, tips, and insider knowledge you won't find in a guidebook. Perfect for families, couples, corporate outings, or solo adventurers. Good to Know: Open year-round, rain or shine (indoor alternatives available for weather-sensitive activities). Children under 12 must be accompanied by an adult. Gift cards available — makes a great last-minute present. Arrive 15 minutes before your scheduled start time.",No cash value; Excludes weekends & public holidays; New customers only; Expires 90 days from purchase; Not valid Dec 24-Jan 2; Excludes alcohol; 48-hour cancellation policy; Photo ID required; Must redeem within 30 days,2,"Basic, Standard",58,105,0.4476,Wildcard Escape Room,2,77,1960,75,3631,153,3536,144,2537,96,2854,86,2546,105,3083,141,2757,137,0.04091,64.92,0.0526
6c0049af-df07-4455-b538-30219f7f278a,Travel,Getaways,Houston,Escape the Everyday at Riviera Retreat,Experience the best that Houston has to offer with this popular deal. Thousands of Groupon customers have enjoyed this offer. Book now to secure your spot before availability runs out. See fine print for redemption details.,Excludes alcohol; Valid Mon-Fri only; Cannot be combined with other offers; No cash value; Merchant is solely responsible for care,3,"Overnight Stay, Weekend Escape, Week-Long Retreat",331,462,0.2835,Riviera Retreat,1,74,2445,28,2562,28,1305,18,2800,38,2174,24,2178,30,1964,23,1707,27,0.012606,371.62,0.0698
d9c53aec-6613-491f-8309-c065b2a41eeb,Things to Do,Entertainment,Manchester,Kid-Friendly Hot Air Balloon Ride for One or Two at Epic Excursions,"What We Offer: An unforgettable activity designed for all skill levels. Whether you're a first-timer or a seasoned pro, our experienced staff will ensure you have a safe, enjoyable time. Sessions are structured with a brief orientation, the main activity, and time for questions or photos afterward. Groups of 6 or more receive a dedicated host. Why You Should Grab This Offer: This isn't a factory-line tourist trap — we limit capacity to maintain quality, so every guest gets real attention. Our facility has been recently renovated with state-of-the-art equipment. We've been voted one of Manchester's top activities on TripAdvisor for three consecutive years. Good to Know: Walk-ins welcome but reservations guarantee your spot during peak times. Private event bookings available for birthdays, team outings, and celebrations. Free parking on-site.",Limit 1 per person; Photo ID required; No refunds after redemption; Promotional value expires 120 days after purchase; Must be 18+; New customers only,1,Full Adventure,61,102,0.402,Epic Excursions,2,57,2106,111,1690,100,1618,105,2142,112,2193,99,1565,99,1076,48,1863,113,0.055216,91.81,0.0901
37871e3a-4d79-4aae-9df2-867660e945bc,Things to Do,Entertainment,Denver,Make Your Weekend Special at Panorama Experiences,This is a deal you won't want to miss. Perfect for anyone looking for a great experience at a great price. Limited availability — grab it before it's gone. Valid for new and existing customers. See fine print for full details and restrictions.,Promotional value expires 120 days after purchase; Excludes alcohol; Valid for dine-in only; Photo ID required; Must present voucher on arrival; Limit 1 per household; Limit 1 per person; 48-hour cancellation policy; No refunds after redemption,1,Full Adventure,40,69,0.4203,Panorama Experiences,3,96,2173,59,1777,49,2268,51,2307,52,2370,53,1984,50,1522,43,1864,58,0.025515,65.39,0.0729
cd8b806d-d5c5-4206-a3df-e38c5030b4ce,Food & Drink,Dining Cruises,Denver,Enjoy a Night Out at Rustic BBQ,An opportunity to enjoy premium service at a fraction of the regular cost. Our customers love the convenience and value of this deal. Valid for the options listed. See fine print for scheduling and restrictions.,Valid Mon-Fri only; No refunds after redemption; No cash value,1,Standard,29,61,0.5246,Rustic BBQ,5,57,2642,102,2628,66,2958,75,3071,86,2055,54,2180,66,2857,87,3175,108,0.029862,34.96,0.0366
46f2cc8c-0adc-4dcf-80f2-c373e0f33287,Retail,Fashion,Birmingham,6 or 12-Pack Premium Scented Candles,"What's Included: Your order includes everything listed in the product description — no additional purchases required. Each item is manufactured to strict quality standards with durable materials built to last. Detailed care instructions included in the box. Why You Should Grab This Offer: We've sold over 10,000 units of this product and maintain a 4.5-star average rating. Customer favorites include the build quality, packaging, and fast shipping. Perfect as a treat for yourself or as a thoughtful gift for someone special. We stand behind every product with a 1-year manufacturer warranty. Good to Know: Ships from our US-based warehouse. Standard shipping takes 3-5 business days. Express shipping available at checkout for an additional fee. Contact our customer service team for any questions — average response time under 4 hours.",Limit 1 per household; No cash value; New customers only; Must present voucher on arrival; Merchant is solely responsible for care; Gratuity not included; Valid for dine-in only; Cannot be combined with other offers,3,"Option 1, Option 2, Option 3",18,40,0.55,Artisan Supply,3,18,512,32,453,24,350,18,457,24,526,25,450,21,445,23,228,9,0.051447,20.64,0.0908
2361d9fa-2e25-4202-9383-1fa701b6f246,Beauty & Spas,Spa,San Francisco,Transform Your Skin w/ Professional Care at Bella Med Spa,"Treat yourself or someone special to this offer. Whether it's a birthday, anniversary, or just a Tuesday — you deserve something nice. Great quality at an unbeatable price. Restrictions may apply — see fine print for full details.",Gratuity not included; Subject to availability; Cannot be combined with other offers; Excludes weekends & public holidays; Must present voucher on arrival,3,"Small, Medium, Large",27,74,0.6351,Bella Med Spa,5,72,3740,192,3361,170,3582,175,1734,70,3880,220,3496,167,3464,150,2683,129,0.049075,32.94,0.0406
e9a6f97f-1561-41ea-b08a-969c09679eb5,Retail,Gifts,London,Smart Watch — Fitness Tracker w/ Heart Rate Monitor,What's Included: Product ships within 2-3 business days via USPS or UPS with tracking number provided via email. Each item is quality-inspected before shipping and arrives in protective packaging. 30-day hassle-free returns accepted with original packaging — we'll provide a prepaid return label. Why You Should Grab This Offer: This product has been one of our top sellers with over 500 five-star reviews. Made with premium materials designed for daily use. Makes an excellent gift — arrives in presentation-ready packaging with the option to include a personalized gift note at checkout. Good to Know: Available in multiple sizes and colors — select your preferred option at checkout. Ships to all 50 US states. International shipping available for an additional fee. Bulk orders of 5+ units receive an automatic 10% discount.,Promotional value expires 120 days after purchase; Valid for dine-in only; Valid Mon-Fri only; No cash value; No refunds after redemption; Gratuity not included; Valid at London location only,4,"Option 1, Option 2, Option 3, Option 4",19,44,0.5682,Curated Supply,1,90,1574,58,1338,42,1219,38,1075,27,1392,41,1258,35,1613,56,1556,61,0.032472,21.94,0.0375
bcdffd11-446d-4034-9fb7-7fc97f8d9c6c,Beauty & Spas,Med Spa,Denver,Before & After Full-Face Rejuvenation — PRP + Micro-Needling at Pearl Salon,"What We Offer: Relax and rejuvenate with a treatment designed to address your specific concerns. Our licensed therapists begin each session with a brief consultation to understand your goals — whether that's tension relief, skin rejuvenation, or overall wellness. All products are hypoallergenic and suited for sensitive skin. Why You Should Grab This Offer: We've served over 3,000 clients in Denver and maintain a 4.7-star average across review platforms. Every treatment is performed in a calming, private environment with soft music and aromatherapy. We don't rush — your session time is your session time, no cutting corners. Good to Know: Complimentary hot tea and water provided. Free parking available. Same-day appointments available on weekdays. First-time clients receive a follow-up check-in call within 48 hours.",Expires 90 days from purchase; New customers only; Valid for dine-in only,2,"1 Session, 3 Sessions",89,128,0.3047,Pearl Salon,2,111,1758,64,1743,56,1754,57,2457,50,1577,47,1674,45,1723,41,2229,69,0.028763,87.12,0.0658
8f33fc11-1d49-40d6-aa66-696885135d1b,Things to Do,Outdoor Activities,Manchester,An Experience You Won't Forget at Freefall Fun Zone,"Treat yourself or someone special to this offer. Whether it's a birthday, anniversary, or just a Tuesday — you deserve something nice. Great quality at an unbeatable price. Restrictions may apply — see fine print for full details.",Promotional value expires 120 days after purchase; Limit 1 per person; Valid for dine-in only; Expires 90 days from purchase,3,"Small, Medium, Large",14,20,0.3,Freefall Fun Zone,4,72,366,12,617,19,440,8,458,11,493,14,489,15,488,13,513,13,0.027174,18.13,0.1042
1185eb48-b1c8-430b-897a-11c4e229491a,Home Services,Handyman,Birmingham,Termite Inspection & Treatment Plan at Premier Home Services,"What We Offer: Our licensed, bonded, and insured professionals arrive at your home with all necessary supplies and equipment — you don't need to provide anything. The service includes a thorough walkthrough before we begin, the service itself, and a final inspection with you to ensure everything meets your standards. We clean up after ourselves. Why You Should Grab This Offer: We've served over 2,000 homes in Birmingham and maintain a 4.7-star rating. Every technician is background-checked, drug-tested, and has an average of 8 years of experience. We offer a 100% satisfaction guarantee — if you're not happy, we come back and fix it at no charge. Our customers particularly appreciate our on-time arrival and transparent pricing with no hidden fees. Good to Know: Serving Birmingham and surrounding areas within 30 miles. Online booking with 2-hour arrival windows. Service takes approximately 1-3 hours depending on home size and scope.",New customers only; Not valid on holidays; Valid for dine-in only,2,"Small, Large",134,219,0.3881,Premier Home Services,2,17,3238,215,2894,166,3894,267,2698,197,4154,318,3704,243,2830,183,1627,134,0.068813,154.02,0.0507
0e7a7732-78fb-41d3-8421-1cd14eee2bb7,Health & Fitness,Wellness,San Francisco,Best Wellness Deal at Core Performance Lab,A great way to try something new without breaking the bank. This deal has been popular with Groupon customers. Limited quantities available. Valid only for the option purchased. See fine print for all terms.,Excludes alcohol; Not valid Dec 24-Jan 2; Limit 1 per household; Subject to availability; Promotional value expires 120 days after purchase; Cannot be combined with other offers; Photo ID required,1,Starter Assessment,71,153,0.5359,Core Performance Lab,2,77,3333,65,3123,56,2696,51,2917,53,2773,35,2883,59,2783,47,2397,37,0.017594,69.53,0.0788
813eaed4-5381-4151-8f01-d1f4640f4470,Automotive,Oil Change,Madrid,Top-Rated Vehicle Service at RoadReady Auto Center,Experience the best that Madrid has to offer with this popular deal. Thousands of Groupon customers have enjoyed this offer. Book now to secure your spot before availability runs out. See fine print for redemption details.,Must present voucher on arrival; No refunds after redemption; Expires 90 days from purchase; Limit 1 per household; Valid Mon-Fri only; Subject to availability; Must be 18+; Valid at Madrid location only; Excludes alcohol,3,"Option 1, Option 2, Option 3",30,76,0.6053,RoadReady Auto Center,4,83,1351,51,891,25,777,19,987,32,921,32,684,23,839,34,749,26,0.033616,34.24,0.1126
5b8a6101-8bb5-40f3-927e-7d5cb105f8c2,Automotive,Oil Change,Manchester,Headlight Restoration for Both Headlights at AutoShine Car Wash & Detail,"What We Offer: A comprehensive vehicle service performed by trained technicians using manufacturer-approved parts and fluids. Service includes a detailed inspection report emailed to you upon completion, so you have a clear record of your vehicle's condition. No appointment necessary — walk-ins welcome 7 days a week. Why You Should Grab This Offer: We've serviced over 10,000 vehicles in Manchester and consistently earn top ratings for speed, quality, and transparency. Our customers appreciate that we explain what we find, recommend only what's needed, and never pressure you into additional services. Every job is backed by a 12-month or 12,000-mile warranty on parts and labor. Good to Know: Most services completed in 30-60 minutes. Comfortable waiting area with complimentary Wi-Fi, coffee, and snacks. Shuttle service available within 5 miles for longer services. Ask about our fleet discount for businesses.",Excludes alcohol; Must present voucher on arrival; Valid Mon-Fri only; Expires 90 days from purchase; 48-hour cancellation policy; Subject to availability; Valid at Manchester location only; Limit 1 per person; Valid for dine-in only,2,"Quick Service, Bumper-to-Bumper Overhaul",17,47,0.6383,AutoShine Car Wash & Detail,4,34,2758,232,2885,214,2184,173,1762,107,2245,170,1035,76,2871,182,2765,166,0.071332,23.46,0.0636
d87e9fed-5d31-4746-847e-be1d8fbae1d8,Retail,Home Goods,Chicago,Must-Have Items at Great Prices,Experience the best that Chicago has to offer with this popular deal. Thousands of Groupon customers have enjoyed this offer. Book now to secure your spot before availability runs out. See fine print for redemption details.,Photo ID required; Cannot be combined with other offers; No refunds after redemption; Must redeem within 30 days; Subject to availability; Limit 1 per person; Expires 90 days from purchase,4,"1 Visit, 3 Visits, 5 Visits, 10 Visits",24,62,0.6129,Nomad Boutique,4,14,2037,107,1423,91,1763,93,1335,75,2299,130,1638,97,1692,70,1580,87,0.054478,28.73,0.0659
637f83cf-6e5a-4a76-b177-0dfdd59d196f,Food & Drink,Dining Cruises,Houston,Amazing Dining Experience at Stone Kitchen,"Save on this top-rated experience in Houston. Whether you're a local or just visiting, this deal offers real value. Simple redemption — just show your voucher. See fine print for full details.",Appointment required; Limit 1 per household; Valid Mon-Fri only; Not valid on holidays; No cash value; Must redeem within 30 days,2,"1 Session, 3 Sessions",14,20,0.3,Stone Kitchen,3,120,1694,17,1320,19,1558,23,1790,28,1141,13,1541,20,1304,19,1414,18,0.013348,15.9,0.0758
8dc94ab0-44be-412e-9334-ec74167c64d4,Things to Do,Tours,Boston,Thrill & Excitement at Summit Activities,"Looking for something special? This deal has you covered. Great for individuals, couples, or groups. Flexible scheduling available. Check the fine print for full terms and restrictions. Voucher must be presented on arrival.",Must redeem within 30 days; 48-hour cancellation policy; Gratuity not included; No refunds after redemption; Not valid on holidays; Must present voucher on arrival; New customers only,2,"Explorer, Ultimate Adventure",64,114,0.4386,Summit Activities,1,83,4118,108,2853,63,3618,98,4057,73,4529,113,3191,59,3861,86,3414,85,0.02311,73.77,0.0395
418a372b-f49a-4a57-a9fa-77d22bca76f1,Food & Drink,Meal Kits,Dallas,Savor Delicious Flavors at Red BBQ,Highly rated by Groupon customers in Dallas. Easy online booking with instant confirmation. Satisfaction guaranteed or your money back. This deal won't last long — availability is limited.,48-hour cancellation policy; Not valid Dec 24-Jan 2; Promotional value expires 120 days after purchase; Limit 1 per person; Photo ID required; Excludes alcohol; Merchant is solely responsible for care; Cannot be combined with other offers; No cash value; Must present voucher on arrival,1,Standard,13,26,0.5,Red BBQ,4,98,1378,31,1125,45,958,25,1211,38,1369,45,1044,30,1251,50,1826,60,0.031883,16.36,0.0984
5c3501f6-8a28-43fa-b39e-4b527972f2eb,Health & Fitness,Chiropractic,Boston,Boost Your Health w/ Fantastic Services at Genesis Health Center,"Save on this top-rated experience in Boston. Whether you're a local or just visiting, this deal offers real value. Simple redemption — just show your voucher. See fine print for full details.",Appointment required; No refunds after redemption; No cash value; New customers only,3,"Trial Session, Fitness Jumpstart, Complete Wellness Program",63,105,0.4,Genesis Health Center,1,48,1807,32,2808,50,2459,48,1812,21,1855,28,1981,37,2755,50,1792,37,0.017546,69.69,0.0587
54eeab1d-3cc9-4321-8f43-e0ae948394f3,Retail,Home Goods,Denver,Custom Phone Case — 100+ Designs w/ Free Shipping,"What's Included: Your order includes everything listed in the product description — no additional purchases required. Each item is manufactured to strict quality standards with durable materials built to last. Detailed care instructions included in the box. Why You Should Grab This Offer: We've sold over 10,000 units of this product and maintain a 4.5-star average rating. Customer favorites include the build quality, packaging, and fast shipping. Perfect as a treat for yourself or as a thoughtful gift for someone special. We stand behind every product with a 1-year manufacturer warranty. Good to Know: Ships from our US-based warehouse. Standard shipping takes 3-5 business days. Express shipping available at checkout for an additional fee. Contact our customer service team for any questions — average response time under 4 hours.",Must redeem within 30 days; Excludes weekends & public holidays; Must present voucher on arrival; Merchant is solely responsible for care; Cannot be combined with other offers; Appointment required; New customers only,2,"Option 1, Option 2",25,34,0.2647,Haven Store,3,42,2004,79,2115,50,3160,153,2398,87,1653,49,3067,138,2302,101,2903,92,0.03821,31.87,0.083
6facac7e-0d02-4a8c-864a-e17687b1e095,Things to Do,Tours,Denver,Fun for Everyone at Horizon Activities,A great way to try something new without breaking the bank. This deal has been popular with Groupon customers. Limited quantities available. Valid only for the option purchased. See fine print for all terms.,Valid at Denver location only; Limit 1 per person; Expires 90 days from purchase; Gratuity not included; Promotional value expires 120 days after purchase; No refunds after redemption; 48-hour cancellation policy; Merchant is solely responsible for care; Must redeem within 30 days,3,"1 Session, 3 Sessions, 5 Sessions",27,47,0.4255,Horizon Activities,1,29,1130,19,1264,20,1477,25,1225,17,1078,13,1174,21,924,13,1197,19,0.015524,29.64,0.0453
22862007-0e22-49ad-b5ba-5a3940682794,Things to Do,Classes,Dallas,Wonderful Adventure Awaits at Wildcard Adventures,Experience the best that Dallas has to offer with this popular deal. Thousands of Groupon customers have enjoyed this offer. Book now to secure your spot before availability runs out. See fine print for redemption details.,Must redeem within 30 days; Limit 1 per person; Promotional value expires 120 days after purchase; Valid for dine-in only; No cash value; Subject to availability,3,"Option 1, Option 2, Option 3",12,35,0.6571,Wildcard Adventures,3,57,834,22,1190,30,1507,34,1172,20,986,15,1268,28,1408,29,1322,25,0.020956,17.06,0.0717
fdff4672-c791-4545-b8db-6e7ce4175d1c,Travel,Hotels,Madrid,Romantic 1-Night Stay w/ Champagne & Couples Massage at Crest Lodge,"What We Offer: A relaxing stay at a hand-picked property featuring on-site dining, pool, fitness center, and complimentary Wi-Fi throughout. Your rate includes daily breakfast for two, served in our dining room or delivered to your suite. Rooms feature premium linens, blackout curtains, a Nespresso machine, and a fully stocked minibar (charges apply). Why You Should Grab This Offer: Escape the routine without the hassle of planning every detail. We've partnered with this property specifically for its combination of location, amenities, and service quality. Guest reviews consistently highlight the friendly staff, clean rooms, and excellent breakfast spread. Good to Know: Check-in from 3 PM, checkout by 11 AM. Late checkout available upon request (subject to availability). Free cancellation up to 48 hours before arrival. Parking included. Pet-friendly rooms available on request at select properties.",Valid at Madrid location only; Not valid on holidays; No refunds after redemption; Subject to availability; Must be 18+; Excludes weekends & public holidays; New customers only,1,Weekend Escape,280,435,0.3563,Crest Lodge,3,75,1334,97,2399,165,2206,156,2214,171,1761,144,2070,128,2007,118,1763,134,0.070649,326.06,0.1142
0c4f0158-3681-4bd6-bc37-8a66527a5478,Automotive,Tires,Madrid,Synthetic Oil Change w/ 21-Point Inspection at QuickLube Auto Spa,"What We Offer: A comprehensive vehicle service performed by trained technicians using manufacturer-approved parts and fluids. Service includes a detailed inspection report emailed to you upon completion, so you have a clear record of your vehicle's condition. No appointment necessary — walk-ins welcome 7 days a week. Why You Should Grab This Offer: We've serviced over 10,000 vehicles in Madrid and consistently earn top ratings for speed, quality, and transparency. Our customers appreciate that we explain what we find, recommend only what's needed, and never pressure you into additional services. Every job is backed by a 12-month or 12,000-mile warranty on parts and labor. Good to Know: Most services completed in 30-60 minutes. Comfortable waiting area with complimentary Wi-Fi, coffee, and snacks. Shuttle service available within 5 miles for longer services. Ask about our fleet discount for businesses.",48-hour cancellation policy; No refunds after redemption; Valid at Madrid location only,2,"Quick Service, Bumper-to-Bumper Overhaul",44,93,0.5269,QuickLube Auto Spa,3,71,1697,51,2363,51,2649,68,2322,60,2678,83,1817,48,2347,69,1282,35,0.027106,56.49,0.0542
6de76dbd-fd9e-4f35-a5e9-76c6abf943bd,Beauty & Spas,Hair,San Francisco,Before & After Skin Rejuvenation — 3 or 6 Micro-Needling Sessions at Pure Aesthetics,"What We Offer: This deal includes a full consultation to identify your specific skin concerns, followed by a customized treatment performed by a licensed aesthetician with over 10 years of experience. All products used are medical-grade and dermatologist-approved. The session begins with a thorough skin analysis, followed by the treatment itself, and ends with a personalized at-home care plan. Before and after photos are taken so you can track your results over time. Why You Should Grab This Offer: Whether you're dealing with fine lines, uneven skin tone, acne scarring, or just want a refresh, this treatment is designed to deliver visible results from the first session. Our specialists tailor every session to your skin type — no cookie-cutter approach. Good to Know: Located in San Francisco with free parking and complimentary refreshments in the waiting area. Open 7 days a week with evening appointments available. Online booking at our website — same-week availability.",Cannot be combined with other offers; 48-hour cancellation policy; Limit 1 per person; Limit 1 per household,2,"Touch-Up, Head-to-Toe Glow",146,159,0.0818,Pure Aesthetics,2,12,505,1,416,3,598,4,580,4,736,5,597,6,510,3,566,1,0.005989,238.86,0.0403
b04a6436-7f4c-4810-957e-ffb78e3bbadd,Automotive,Oil Change,Madrid,Amazing Auto Service at QuickLube Motor Works,"Save on this top-rated experience in Madrid. Whether you're a local or just visiting, this deal offers real value. Simple redemption — just show your voucher. See fine print for full details.",Appointment required; Expires 90 days from purchase; Excludes weekends & public holidays; Photo ID required; Cannot be combined with other offers; Excludes alcohol,1,Standard,80,125,0.36,QuickLube Motor Works,1,115,1297,23,1199,25,1316,34,1365,23,951,20,1961,47,1373,26,2167,43,0.020724,84.82,0.1346
e3ddc752-1f14-4ae5-82c1-91eb43d0b608,Food & Drink,Dining Cruises,Birmingham,5-Course Italian Tasting Menu for Two at Sofia's Smokehouse,"What We Offer: A complete dining experience that includes your choice of entrees, sides, and beverages as outlined in the deal options. Everything is prepared to order — nothing sits under a heat lamp. Our kitchen team takes pride in consistency: every plate that leaves our kitchen meets the same standard, whether it's a Tuesday lunch or Saturday dinner. Why You Should Grab This Offer: We've been serving Birmingham for over 8 years and have built a loyal following through honest food at fair prices. Featured in local press and food blogs. Our staff is attentive without being overbearing — we want you to enjoy your meal, not feel rushed. Good to Know: Dine-in only. Reservations available online or by phone. Large party accommodations available with 48 hours notice. Validated parking in the adjacent garage.",Must be 18+; Limit 1 per person; Must redeem within 30 days; Photo ID required,2,"Date Night Dinner, Grand Feast for Two",43,89,0.5169,Sofia's Smokehouse,5,48,1620,117,1784,135,1684,119,2021,112,1569,114,1672,104,1785,110,1782,123,0.067112,48.58,0.0675
1b71aee1-3b43-4fc2-85e2-6f4135564b3c,Things to Do,Tours,Dallas,Create Lasting Memories at Freefall Escape Room,Experience the best that Dallas has to offer with this popular deal. Thousands of Groupon customers have enjoyed this offer. Book now to secure your spot before availability runs out. See fine print for redemption details.,Not valid Dec 24-Jan 2; No cash value; Limit 1 per person; Cannot be combined with other offers,3,"Taster, Full Day Explorer, VIP Experience",54,110,0.5091,Freefall Escape Room,3,107,801,13,794,13,991,18,841,13,1255,20,874,17,1030,15,1236,28,0.017515,54.47,0.0463
dd4e8cee-85db-4960-9529-c38bca863c17,Things to Do,Entertainment,Miami,Create Lasting Memories at Explorer Activities,This is a deal you won't want to miss. Perfect for anyone looking for a great experience at a great price. Limited availability — grab it before it's gone. Valid for new and existing customers. See fine print for full details and restrictions.,Appointment required; Limit 1 per household; Valid at Miami location only,1,Standard,50,87,0.4253,Explorer Activities,4,8,3521,166,2457,96,3062,143,2835,157,2497,88,2696,82,2715,102,3637,222,0.04509,53.51,0.0807
dd232191-f3c5-4ec6-b009-19f3083bac33,Food & Drink,Restaurants,New York,Brunch for Two — 3 Courses w/ Bottomless Mimosas at Maple Smokehouse,"What We Offer: A complete dining experience that includes your choice of entrees, sides, and beverages as outlined in the deal options. Everything is prepared to order — nothing sits under a heat lamp. Our kitchen team takes pride in consistency: every plate that leaves our kitchen meets the same standard, whether it's a Tuesday lunch or Saturday dinner. Why You Should Grab This Offer: We've been serving New York for over 8 years and have built a loyal following through honest food at fair prices. Featured in local press and food blogs. Our staff is attentive without being overbearing — we want you to enjoy your meal, not feel rushed. Good to Know: Dine-in only. Reservations available online or by phone. Large party accommodations available with 48 hours notice. Validated parking in the adjacent garage.",Not valid Dec 24-Jan 2; Merchant is solely responsible for care,2,"Date Night Dinner, Grand Feast for Two",21,58,0.6379,Maple Smokehouse,3,39,3598,214,3225,142,4124,237,4106,206,3987,184,3035,178,4088,226,3598,212,0.053728,22.2,0.0308
a2765b9a-63f5-484c-bca7-15b786d62131,Retail,Home Goods,Birmingham,Wonderful Selection at Unbeatable Prices,Experience the best that Birmingham has to offer with this popular deal. Thousands of Groupon customers have enjoyed this offer. Book now to secure your spot before availability runs out. See fine print for redemption details.,No cash value; Limit 1 per person; Photo ID required; New customers only; Not valid Dec 24-Jan 2; Valid Mon-Fri only; Limit 1 per household; 48-hour cancellation policy,4,"1 Visit, 3 Visits, 5 Visits, 10 Visits",22,47,0.5319,Curated Supply,5,119,2595,50,2330,57,1726,26,2809,44,2432,27,1298,24,2794,38,2516,30,0.016,24.5,0.1284
7e89b10b-76dc-49b6-ba8c-954a42e0a19a,Food & Drink,Meal Kits,New York,Food Lovers' Delight at Copper Tavern,This is a deal you won't want to miss. Perfect for anyone looking for a great experience at a great price. Limited availability — grab it before it's gone. Valid for new and existing customers. See fine print for full details and restrictions.,Expires 90 days from purchase; New customers only; Cannot be combined with other offers,4,"1 Visit, 3 Visits, 5 Visits, 10 Visits",40,91,0.5604,Copper Tavern,2,118,3726,47,2542,31,2715,35,2926,58,2664,47,3139,37,2851,45,2906,42,0.014572,51.48,0.0744
6abe933e-9792-4730-970c-d355e9d77ffe,Things to Do,Outdoor Activities,Birmingham,Best Experience in Birmingham at Wildcard Cruises,An opportunity to enjoy premium service at a fraction of the regular cost. Our customers love the convenience and value of this deal. Valid for the options listed. See fine print for scheduling and restrictions.,New customers only; 48-hour cancellation policy; Must be 18+; Appointment required; Not valid on holidays; Must redeem within 30 days; Merchant is solely responsible for care; Not valid Dec 24-Jan 2; No cash value,2,"Basic, Standard",25,64,0.6094,Wildcard Cruises,3,110,1984,50,2098,51,1710,60,1714,38,1997,73,1809,42,2088,43,2422,70,0.026988,30.84,0.049
0fc97d06-956d-43c4-81fe-c46d34c6d652,Home Services,Handyman,Seattle,Best Home Care in Seattle at HomeFirst Experts,"Save on this top-rated experience in Seattle. Whether you're a local or just visiting, this deal offers real value. Simple redemption — just show your voucher. See fine print for full details.",Gratuity not included; Promotional value expires 120 days after purchase,4,"Single Room, Multi-Room Package, Complete Home Overhaul",62,89,0.3034,HomeFirst Experts,1,78,2285,37,2345,33,2904,51,2218,42,3521,61,2995,50,2460,41,2687,51,0.017091,66.11,0.0767
9afa207b-10b9-42ea-9431-9b180a010e03,Automotive,Inspection,Seattle,Incredible Vehicle Service at RoadReady Tire & Auto,Highly rated by Groupon customers in Seattle. Easy online booking with instant confirmation. Satisfaction guaranteed or your money back. This deal won't last long — availability is limited.,48-hour cancellation policy; Must be 18+; Subject to availability,2,"Option 1, Option 2",67,94,0.2872,RoadReady Tire & Auto,4,56,2076,52,2185,83,2139,74,1972,55,1704,41,1605,47,1644,57,2352,76,0.030937,65.33,0.0398
1f5afcae-01bf-4eb2-aa98-aa93327df4a3,Beauty & Spas,Nails,London,Transform Your Skin w/ Professional Care at Glow Wellness Center,Highly rated by Groupon customers in London. Easy online booking with instant confirmation. Satisfaction guaranteed or your money back. This deal won't last long — availability is limited.,Photo ID required; Excludes weekends & public holidays; Promotional value expires 120 days after purchase; Valid Mon-Fri only; Excludes alcohol; Must present voucher on arrival; Valid at London location only; Not valid Dec 24-Jan 2,2,"Single, Double",41,72,0.4306,Glow Wellness Center,1,90,971,13,1815,29,1692,27,1290,18,1749,24,625,10,1537,31,1740,23,0.015325,48.34,0.1049
a56324f0-25db-41e9-beb7-ccc089588b4a,Food & Drink,Restaurants,Birmingham,Wonderful Culinary Experience at Marco's Trattoria,Highly rated by Groupon customers in Birmingham. Easy online booking with instant confirmation. Satisfaction guaranteed or your money back. This deal won't last long — availability is limited.,Valid at Birmingham location only; Not valid Dec 24-Jan 2; Subject to availability; Limit 1 per person; Limit 1 per household; Excludes alcohol,4,"1 Visit, 3 Visits, 5 Visits, 10 Visits",10,26,0.6154,Marco's Trattoria,5,110,1577,52,1221,48,1184,43,2069,101,1591,73,1877,90,2547,105,2022,78,0.04188,13.58,0.0814
cd6e52e3-1502-463d-8681-220b0a7331ce,Retail,Electronics,San Francisco,Smart Watch — Fitness Tracker w/ Heart Rate Monitor,What's Included: Product ships within 2-3 business days via USPS or UPS with tracking number provided via email. Each item is quality-inspected before shipping and arrives in protective packaging. 30-day hassle-free returns accepted with original packaging — we'll provide a prepaid return label. Why You Should Grab This Offer: This product has been one of our top sellers with over 500 five-star reviews. Made with premium materials designed for daily use. Makes an excellent gift — arrives in presentation-ready packaging with the option to include a personalized gift note at checkout. Good to Know: Available in multiple sizes and colors — select your preferred option at checkout. Ships to all 50 US states. International shipping available for an additional fee. Bulk orders of 5+ units receive an automatic 10% discount.,No refunds after redemption; Merchant is solely responsible for care,2,"Basic, Standard",53,59,0.1017,Haven Shop,5,22,2602,9,2904,8,3392,10,3346,10,2766,6,2569,7,3626,10,2225,7,0.00286,67.33,0.0871
942a99cf-70ee-41af-b29e-0558d33447bd,Things to Do,Outdoor Activities,Birmingham,Family-Friendly 60-Min Escape Room for Up to 6 Players at Adventure Fun Zone,"What We Offer: A hands-on experience that combines education and entertainment in a relaxed, welcoming environment. All materials, equipment, and instruction are included — just show up and enjoy. Sessions run for the duration listed and include a take-home component where applicable. Our instructors are patient, encouraging, and passionate about sharing their craft. Why You Should Grab This Offer: We believe the best experiences are the ones where you actually learn something new. Our sessions are designed to be approachable for complete beginners while still engaging for those with some background. Located in the heart of Birmingham with a fun, social vibe that makes this ideal for date nights, friend outings, or family weekends. Good to Know: Ages 8 and up welcome (under 16 must be accompanied by a paying adult). Complimentary refreshments provided. Online booking with instant confirmation.",Appointment required; No refunds after redemption; Photo ID required,2,"Basic, Standard",69,100,0.31,Adventure Fun Zone,3,72,1501,122,1185,60,1612,145,1386,78,1352,120,1035,56,1174,84,1523,125,0.073366,74.85,0.0288
ed8f2a32-aa8c-4527-81da-c22fd21b4b61,Retail,Gifts,Birmingham,Custom Phone Case — 100+ Designs w/ Free Shipping,"What's Included: Your order includes everything listed in the product description — no additional purchases required. Each item is manufactured to strict quality standards with durable materials built to last. Detailed care instructions included in the box. Why You Should Grab This Offer: We've sold over 10,000 units of this product and maintain a 4.5-star average rating. Customer favorites include the build quality, packaging, and fast shipping. Perfect as a treat for yourself or as a thoughtful gift for someone special. We stand behind every product with a 1-year manufacturer warranty. Good to Know: Ships from our US-based warehouse. Standard shipping takes 3-5 business days. Express shipping available at checkout for an additional fee. Contact our customer service team for any questions — average response time under 4 hours.",Cannot be combined with other offers; Not valid Dec 24-Jan 2; No cash value; Valid at Birmingham location only; New customers only; Must redeem within 30 days,3,"Sample Pack, Full Set, Deluxe Gift Box",14,41,0.6585,Modern Emporium,2,75,4284,150,3954,138,2386,107,2796,114,3481,110,2644,80,3084,120,3035,169,0.038498,21.04,0.1058
982135f8-bce4-400e-93b1-ca4c9550df20,Beauty & Spas,Med Spa,Dallas,Refresh & Renew at Aura Spa,Experience the best that Dallas has to offer with this popular deal. Thousands of Groupon customers have enjoyed this offer. Book now to secure your spot before availability runs out. See fine print for redemption details.,Cannot be combined with other offers; Excludes alcohol; Must redeem within 30 days; Subject to availability; Valid Mon-Fri only,3,"Express Glow, Full Rejuvenation, VIP Pamper Day",47,125,0.624,Aura Spa,4,82,1635,53,1273,48,872,44,1406,67,1848,75,1194,57,1723,85,1615,70,0.043144,69.37,0.0513
1768feea-3776-43ff-a161-cab03cf27598,Food & Drink,Meal Kits,Boston,3-Course Steakhouse Dinner for Two w/ Wine at The Famous Trattoria,"What We Offer: This deal is valid toward our full food and drink menu during the specified hours. Choose from appetizers, entrees, and desserts crafted fresh daily by our kitchen team. Our menu features a mix of house specialties and seasonal rotating dishes — there's something for every palate. Full bar available with craft cocktails, local beers, and an curated wine list. Why You Should Grab This Offer: Whether it's date night, a family dinner, or a casual meal with friends, this deal gives you the flexibility to order what you want from our complete menu. Our restaurant is known for generous portions, fresh ingredients, and a warm atmosphere that keeps customers coming back. Good to Know: Located in the heart of Boston. Walk-ins welcome. Outdoor seating available seasonally. Ask about our loyalty program for returning guests.",Must redeem within 30 days; New customers only; Valid Mon-Fri only; Not valid on holidays; Must present voucher on arrival; Subject to availability,2,"Basic, Standard",10,20,0.5,The Famous Trattoria,3,23,760,25,925,41,1023,43,991,34,1050,25,900,37,592,27,957,35,0.037094,11.0,0.05
4e3811d8-6b00-46a2-a13b-e9b02ebf52ad,Food & Drink,Restaurants,London,Taste the Best of London at Golden Cafe,Highly rated by Groupon customers in London. Easy online booking with instant confirmation. Satisfaction guaranteed or your money back. This deal won't last long — availability is limited.,Must present voucher on arrival; Excludes weekends & public holidays; Not valid on holidays,2,"Option 1, Option 2",55,84,0.3452,Golden Cafe,5,95,1860,107,993,42,1470,74,846,27,1669,80,1022,48,1356,76,1241,53,0.048484,61.14,0.099
cfdb066a-d69f-4cde-afe8-82b7c09ac86f,Beauty & Spas,Hair,Chicago,Before & After Smile Transformation — Zoom Whitening at Aura Scalp Care Spa,"What We Offer: A results-driven treatment tailored to your individual needs, performed by certified specialists who have completed over 500 hours of advanced training. Each session includes a pre-treatment consultation, the procedure itself, and post-care instructions. We use only premium, cruelty-free products from leading clinical brands. Why You Should Grab This Offer: This treatment has been one of our most popular services for the past two years, with a 92% client satisfaction rate. Whether this is your first time or you're a returning client, we customize every session. Our treatment rooms are private and fully sanitized between appointments. Good to Know: Walk-ins welcome, but appointments are recommended to guarantee your preferred time. Located in downtown Chicago with easy transit access. Gift cards available if you'd like to share the experience.",Valid at Chicago location only; Cannot be combined with other offers; Must be 18+,3,"Option 1, Option 2, Option 3",56,119,0.5294,Aura Scalp Care Spa,3,79,4922,218,5112,282,4402,264,4210,218,3814,129,3585,217,5461,241,2831,162,0.050412,69.47,0.0528
8433993b-d8d8-4a1e-bc47-86cd47888ef3,Things to Do,Classes,London,Make Your Weekend Special at Discovery Entertainment,A great way to try something new without breaking the bank. This deal has been popular with Groupon customers. Limited quantities available. Valid only for the option purchased. See fine print for all terms.,Gratuity not included; Cannot be combined with other offers; Expires 90 days from purchase; Appointment required,2,"Explorer, Ultimate Adventure",67,100,0.33,Discovery Entertainment,1,42,3623,61,3896,52,3882,63,3190,58,3360,66,3693,75,4180,84,3850,75,0.017996,90.35,0.0913
1a49ed5a-4a1c-4ea1-a028-65b1500f0df1,Home Services,Landscaping,Seattle,Premium Home Maintenance at HomeFirst Cleaning Co.,This is a deal you won't want to miss. Perfect for anyone looking for a great experience at a great price. Limited availability — grab it before it's gone. Valid for new and existing customers. See fine print for full details and restrictions.,Valid for dine-in only; Must redeem within 30 days; Subject to availability; Valid Mon-Fri only; Expires 90 days from purchase; Appointment required; No refunds after redemption,2,"Essential Service, Whole-Home Deep Clean",99,159,0.3774,HomeFirst Cleaning Co.,3,78,2174,37,1484,27,1592,32,1835,38,1495,23,1979,33,2150,33,1349,23,0.017499,141.55,0.1124
7ea2b334-0a68-43ce-b581-a6b6b1001d06,Home Services,Pest Control,Madrid,Dryer Vent Cleaning & Inspection at Spotless Pros,"What We Offer: Our licensed, bonded, and insured professionals arrive at your home with all necessary supplies and equipment — you don't need to provide anything. The service includes a thorough walkthrough before we begin, the service itself, and a final inspection with you to ensure everything meets your standards. We clean up after ourselves. Why You Should Grab This Offer: We've served over 2,000 homes in Madrid and maintain a 4.7-star rating. Every technician is background-checked, drug-tested, and has an average of 8 years of experience. We offer a 100% satisfaction guarantee — if you're not happy, we come back and fix it at no charge. Our customers particularly appreciate our on-time arrival and transparent pricing with no hidden fees. Good to Know: Serving Madrid and surrounding areas within 30 miles. Online booking with 2-hour arrival windows. Service takes approximately 1-3 hours depending on home size and scope.",Merchant is solely responsible for care; Subject to availability; Not valid Dec 24-Jan 2; Must be 18+; Appointment required; Limit 1 per person; 48-hour cancellation policy,2,"Essential Service, Whole-Home Deep Clean",119,198,0.399,Spotless Pros,4,42,1239,95,1524,125,1699,135,1629,138,1468,125,1052,86,1200,108,1328,106,0.082413,146.32,0.1061
69e33b5f-d9b2-44e2-8bd6-bf3e50ff8888,Retail,Electronics,Barcelona,Weighted Blanket — 15 or 20 lbs w/ Removable Cover,What's Included: Product ships within 2-3 business days via USPS or UPS with tracking number provided via email. Each item is quality-inspected before shipping and arrives in protective packaging. 30-day hassle-free returns accepted with original packaging — we'll provide a prepaid return label. Why You Should Grab This Offer: This product has been one of our top sellers with over 500 five-star reviews. Made with premium materials designed for daily use. Makes an excellent gift — arrives in presentation-ready packaging with the option to include a personalized gift note at checkout. Good to Know: Available in multiple sizes and colors — select your preferred option at checkout. Ships to all 50 US states. International shipping available for an additional fee. Bulk orders of 5+ units receive an automatic 10% discount.,Promotional value expires 120 days after purchase; Gratuity not included; Subject to availability; Not valid on holidays; Limit 1 per household,4,"1 Visit, 3 Visits, 5 Visits, 10 Visits",31,46,0.3261,Ember Shop,4,57,4721,202,3209,202,6044,339,5693,322,4031,270,4984,232,5865,412,4438,232,0.056714,27.21,0.0537
75c135c4-25ab-4834-a9e2-5bb36f51b382,Health & Fitness,Chiropractic,London,5 or 10 Personal Training Sessions w/ Body Composition Analysis at Optimal Chiropractic,"What We Offer: A comprehensive evaluation followed by a customized treatment plan. Our state-of-the-art facility features the latest equipment and technology, operated by practitioners with an average of 12 years of clinical experience. First-time patients receive a thorough consultation covering medical history, lifestyle factors, and treatment goals. Why You Should Grab This Offer: We believe in treating the root cause, not just symptoms. Our team works collaboratively to ensure continuity of care across visits. Follow-up sessions are scheduled based on your individual progress — no unnecessary upsells. Clients appreciate our straightforward approach and evidence-based methodology. Good to Know: Conveniently located in downtown London with easy transit access. Online booking available with real-time availability. Walk-ins accepted for select services on weekdays.",Photo ID required; No refunds after redemption; Must redeem within 30 days; Expires 90 days from purchase; Not valid Dec 24-Jan 2; Valid for dine-in only,1,Starter Assessment,131,206,0.3641,Optimal Chiropractic,3,31,2554,131,2295,126,1788,88,2876,98,3046,150,2530,89,2775,148,2458,105,0.046009,104.8,0.0544
feffa4f5-92e8-4feb-bb29-f948220ed030,Food & Drink,Dining Cruises,San Francisco,$30 for $60 Worth of Dinner for Two at Golden Smokehouse,"What We Offer: Enjoy a carefully curated dining experience prepared by our award-winning chef using locally sourced, seasonal ingredients. Each course is thoughtfully paired with beverages selected by our in-house sommelier. The menu changes quarterly to reflect the freshest produce available, so every visit offers something new. Vegetarian, vegan, and gluten-free options are always available — just let your server know. Why You Should Grab This Offer: We've been recognized by local food critics as one of San Francisco's best-kept secrets, with a 4.6-star average on Google and Yelp. Our intimate dining room seats just 40 guests, creating a personal atmosphere you won't find at larger establishments. Private dining available for groups of 8 or more. Good to Know: Reservations recommended, especially on weekends. Free street parking available after 6 PM. Kids' menu available for diners under 12.",Merchant is solely responsible for care; Excludes weekends & public holidays; Gratuity not included; Must be 18+; Not valid Dec 24-Jan 2; Limit 1 per household,2,"Date Night Dinner, Grand Feast for Two",25,35,0.2857,Golden Smokehouse,3,94,2325,116,1468,66,2082,104,3144,144,2933,120,1950,87,2522,124,3421,132,0.044999,26.31,0.096
1839add7-a910-460f-9bf3-3de03a95ff7c,Retail,Home Goods,Miami,Top Picks for Every Budget,A great way to try something new without breaking the bank. This deal has been popular with Groupon customers. Limited quantities available. Valid only for the option purchased. See fine print for all terms.,Not valid on holidays; Must be 18+; Cannot be combined with other offers; Appointment required; Merchant is solely responsible for care; New customers only; Limit 1 per household,3,"Basic, Standard, Premium",55,82,0.3293,Heirloom Shop,4,60,815,47,1121,63,1120,59,1270,72,1522,85,1623,101,1319,73,1487,84,0.056826,60.23,0.1487
bb622968-062b-481a-9fe9-be658f27e6b1,Health & Fitness,Weight Loss,Los Angeles,A Healthier You Starts at Zenith Med Center,"Save on this top-rated experience in Los Angeles. Whether you're a local or just visiting, this deal offers real value. Simple redemption — just show your voucher. See fine print for full details.",Valid for dine-in only; Promotional value expires 120 days after purchase; New customers only; Excludes alcohol,1,Single Visit,58,135,0.5704,Zenith Med Center,2,68,1937,56,2562,77,1485,44,2456,68,2700,80,1820,41,2154,72,2534,68,0.028672,56.65,0.0657
7e295a7f-8a86-46e4-92ee-86bdb8cd4783,Travel,Resorts,Denver,Incredible Escape at Seaside Inn,Experience the best that Denver has to offer with this popular deal. Thousands of Groupon customers have enjoyed this offer. Book now to secure your spot before availability runs out. See fine print for redemption details.,Merchant is solely responsible for care; Appointment required; Excludes weekends & public holidays; Promotional value expires 120 days after purchase; Limit 1 per person; Must redeem within 30 days,1,Weekend Escape,151,304,0.5033,Seaside Inn,2,29,1664,29,809,15,1207,17,1338,20,1560,31,1483,29,1592,29,1124,17,0.017352,216.03,0.0246
b4fd8510-ec35-4409-b68d-d9dadac47596,Home Services,HVAC,New York,Termite Inspection & Treatment Plan at TopNotch Home Services,"What We Offer: Our licensed, bonded, and insured professionals arrive at your home with all necessary supplies and equipment — you don't need to provide anything. The service includes a thorough walkthrough before we begin, the service itself, and a final inspection with you to ensure everything meets your standards. We clean up after ourselves. Why You Should Grab This Offer: We've served over 2,000 homes in New York and maintain a 4.7-star rating. Every technician is background-checked, drug-tested, and has an average of 8 years of experience. We offer a 100% satisfaction guarantee — if you're not happy, we come back and fix it at no charge. Our customers particularly appreciate our on-time arrival and transparent pricing with no hidden fees. Good to Know: Serving New York and surrounding areas within 30 miles. Online booking with 2-hour arrival windows. Service takes approximately 1-3 hours depending on home size and scope.",No refunds after redemption; Valid at New York location only; New customers only; Limit 1 per person; Subject to availability; Must be 18+; Gratuity not included; Valid Mon-Fri only; Not valid on holidays,2,"Single, Double",108,197,0.4518,TopNotch Home Services,4,116,1454,109,1642,115,1917,158,2157,180,1853,160,2219,173,1098,93,1962,129,0.078101,111.38,0.1585
6d83ec60-917b-4f86-8f7d-756a30ee8017,Automotive,Tires,Los Angeles,Engine Diagnostic Scan & Report at MasterMech Auto Spa,"What Is Included: Up to five quarts of quality oil (synthetic blend or full synthetic depending on option purchased), standard oil filter, lubrication of chassis components per manufacturer specs, and a complimentary multi-point maintenance check. Our certified technicians perform an inspection covering fluid levels, tire pressure, battery test, wiper blades, headlights and taillights, air filter, and antifreeze/coolant levels. What Is Not Included: Extra quarts beyond five are available for an additional fee at time of service. Premium or canister filters available for purchase. European oil types not included. Why You Should Grab This Offer: Our ASE-certified technicians complete over 270 hours of professional training. No appointment needed — stay-in-your-car service completed in approximately 15-20 minutes. Contactless payment available. Good to Know: Valid at participating locations. Digital inspection report emailed after service. All work backed by a service guarantee.",Promotional value expires 120 days after purchase; Cannot be combined with other offers; New customers only; Photo ID required; Must be 18+,3,"1 Session, 3 Sessions, 5 Sessions",47,71,0.338,MasterMech Auto Spa,4,75,1482,82,1697,109,3204,188,2430,155,2882,221,3065,191,3442,207,2955,195,0.063714,50.86,0.0894
be7dea7b-7ccb-423a-a88c-d437d788cafa,Travel,Resorts,Miami,Best Vacation Deal at Riviera Retreat,An opportunity to enjoy premium service at a fraction of the regular cost. Our customers love the convenience and value of this deal. Valid for the options listed. See fine print for scheduling and restrictions.,Not valid on holidays; Must present voucher on arrival; Excludes alcohol; Limit 1 per person; Valid at Miami location only,3,"Small, Medium, Large",116,156,0.2564,Riviera Retreat,5,53,2405,76,2848,72,1816,58,2269,53,2537,69,2233,68,3004,62,1720,38,0.026338,103.62,0.0686
c1a3aa65-2497-4f1d-9165-d822a776d12c,Beauty & Spas,Spa,London,Revitalize Your Look w/ Amazing Services at Opulent Day Spa,A great way to try something new without breaking the bank. This deal has been popular with Groupon customers. Limited quantities available. Valid only for the option purchased. See fine print for all terms.,Merchant is solely responsible for care; Must present voucher on arrival; Expires 90 days from purchase,3,"Basic, Standard, Premium",44,101,0.5644,Opulent Day Spa,3,79,5284,163,4863,132,5126,94,5366,140,5115,139,5146,112,3430,89,4049,127,0.025952,46.83,0.0627
a876db7f-a535-46b4-9e21-d1bc644967b0,Health & Fitness,Chiropractic,Seattle,"Dental Exam, Cleaning & X-Ray at Thrive Fitness Studio","What We Offer: This package includes an initial assessment with a certified professional who will review your health history, discuss your goals, and create a personalized treatment or training plan. All sessions are one-on-one in a modern, fully equipped facility. Equipment is sanitized between each client. Why You Should Grab This Offer: Our practitioners hold nationally recognized certifications and undergo continuing education annually. We take a data-driven approach — your progress is tracked session to session, with adjustments made based on measurable outcomes, not guesswork. Over 85% of our clients report noticeable improvement within the first month. Good to Know: Flexible scheduling with morning, afternoon, and evening slots available. Located in Seattle with free on-site parking. Insurance not accepted — all pricing is transparent and upfront with no hidden fees.",Must redeem within 30 days; Must be 18+; Expires 90 days from purchase,4,"1 Visit, 3 Visits, 5 Visits, 10 Visits",88,216,0.5926,Thrive Fitness Studio,3,32,2962,144,4249,162,2539,112,897,45,2342,103,2853,135,3570,159,3041,133,0.044226,101.85,0.0536
54d722f0-dde6-4509-803e-48793a796401,Things to Do,Entertainment,Manchester,Family-Friendly Zip Line Tour — 2-Hour Adventure at Wildcard Tours,"What We Offer: A guided experience led by knowledgeable local experts who know every hidden gem in Manchester. Small group sizes — maximum 12 participants — ensure a personal, interactive experience. All necessary equipment and materials are included in the price. No prior experience or special skills required. Why You Should Grab This Offer: We've hosted over 5,000 guests and maintain a 4.8-star rating. Our guides don't just walk you through the experience — they make it memorable with stories, tips, and insider knowledge you won't find in a guidebook. Perfect for families, couples, corporate outings, or solo adventurers. Good to Know: Open year-round, rain or shine (indoor alternatives available for weather-sensitive activities). Children under 12 must be accompanied by an adult. Gift cards available — makes a great last-minute present. Arrive 15 minutes before your scheduled start time.",Must be 18+; Subject to availability; Photo ID required,2,"Basic, Standard",11,20,0.45,Wildcard Tours,2,28,2524,109,3349,124,2362,90,3106,142,2512,130,3266,128,2384,88,2068,71,0.040888,10.67,0.0458
ec387575-25eb-4db3-971c-210a0645733f,Food & Drink,Restaurants,Miami,Wonderful Culinary Experience at Stone Steakhouse,Experience the best that Miami has to offer with this popular deal. Thousands of Groupon customers have enjoyed this offer. Book now to secure your spot before availability runs out. See fine print for redemption details.,Must be 18+; Excludes alcohol; Subject to availability; Must redeem within 30 days; Promotional value expires 120 days after purchase,3,"Light Bites, Full Dining Experience, Chef's Table VIP",13,20,0.35,Stone Steakhouse,3,96,2188,54,1981,35,2157,50,1472,27,1781,36,1851,32,2145,46,2305,39,0.020088,18.47,0.0352
17bf10b1-aeac-4d12-9a68-9d2d4a28fc61,Automotive,Oil Change,Miami,"Hand Wash, Wax & Interior Vacuum at MasterMech Auto Care","What We Offer: A comprehensive vehicle service performed by trained technicians using manufacturer-approved parts and fluids. Service includes a detailed inspection report emailed to you upon completion, so you have a clear record of your vehicle's condition. No appointment necessary — walk-ins welcome 7 days a week. Why You Should Grab This Offer: We've serviced over 10,000 vehicles in Miami and consistently earn top ratings for speed, quality, and transparency. Our customers appreciate that we explain what we find, recommend only what's needed, and never pressure you into additional services. Every job is backed by a 12-month or 12,000-mile warranty on parts and labor. Good to Know: Most services completed in 30-60 minutes. Comfortable waiting area with complimentary Wi-Fi, coffee, and snacks. Shuttle service available within 5 miles for longer services. Ask about our fleet discount for businesses.",Photo ID required; Valid at Miami location only; Not valid Dec 24-Jan 2,3,"1 Session, 3 Sessions, 5 Sessions",317,593,0.4654,MasterMech Auto Care,2,112,1813,31,2405,40,1888,27,2689,40,2535,30,2266,35,1961,24,1495,14,0.014133,406.28,0.043
efd9bea0-727b-4604-a20d-d97be50d79fa,Travel,Getaways,Houston,A Wonderful Retreat at Monterey Lodge,This is a deal you won't want to miss. Perfect for anyone looking for a great experience at a great price. Limited availability — grab it before it's gone. Valid for new and existing customers. See fine print for full details and restrictions.,Limit 1 per person; Merchant is solely responsible for care; Not valid on holidays; Must redeem within 30 days; Not valid Dec 24-Jan 2,3,"1 Session, 3 Sessions, 5 Sessions",306,415,0.2627,Monterey Lodge,2,80,2445,35,2732,47,2381,34,1986,23,2093,21,2577,33,1572,26,1507,17,0.013647,301.53,0.0658
d15da692-9d90-4a5f-b179-4b45c9233236,Things to Do,Tours,Los Angeles,Guided Wine Tour — 3 Vineyards w/ Tastings at Horizon Entertainment,"What We Offer: A hands-on experience that combines education and entertainment in a relaxed, welcoming environment. All materials, equipment, and instruction are included — just show up and enjoy. Sessions run for the duration listed and include a take-home component where applicable. Our instructors are patient, encouraging, and passionate about sharing their craft. Why You Should Grab This Offer: We believe the best experiences are the ones where you actually learn something new. Our sessions are designed to be approachable for complete beginners while still engaging for those with some background. Located in the heart of Los Angeles with a fun, social vibe that makes this ideal for date nights, friend outings, or family weekends. Good to Know: Ages 8 and up welcome (under 16 must be accompanied by a paying adult). Complimentary refreshments provided. Online booking with instant confirmation.",Must be 18+; Excludes alcohol; Must redeem within 30 days; Appointment required,2,"Single, Double",56,90,0.3778,Horizon Entertainment,3,85,2638,95,3015,95,2264,78,2886,86,1797,73,2368,62,3302,120,2651,86,0.03322,53.2,0.0685
8df3dfa5-c004-4823-9e8b-fed9c9403ca8,Beauty & Spas,Skin Care,London,One or Three Chemical Peels w/ Dermaplaning at Sapphire Spa,"What We Offer: A results-driven treatment tailored to your individual needs, performed by certified specialists who have completed over 500 hours of advanced training. Each session includes a pre-treatment consultation, the procedure itself, and post-care instructions. We use only premium, cruelty-free products from leading clinical brands. Why You Should Grab This Offer: This treatment has been one of our most popular services for the past two years, with a 92% client satisfaction rate. Whether this is your first time or you're a returning client, we customize every session. Our treatment rooms are private and fully sanitized between appointments. Good to Know: Walk-ins welcome, but appointments are recommended to guarantee your preferred time. Located in downtown London with easy transit access. Gift cards available if you'd like to share the experience.",No cash value; No refunds after redemption; Excludes alcohol; Photo ID required,2,"Quick Refresh, Full Makeover",145,209,0.3062,Sapphire Spa,2,65,1922,82,1888,86,1715,74,2045,61,1359,52,1433,69,1307,65,1326,69,0.04294,171.67,0.0608
c07e0ba2-c552-4375-848d-4696b147c95b,Beauty & Spas,Spa,New York,Before & After Wrinkle Reduction — Botox or Filler at Opulent Spa,"What We Offer: This deal includes a full consultation to identify your specific skin concerns, followed by a customized treatment performed by a licensed aesthetician with over 10 years of experience. All products used are medical-grade and dermatologist-approved. The session begins with a thorough skin analysis, followed by the treatment itself, and ends with a personalized at-home care plan. Before and after photos are taken so you can track your results over time. Why You Should Grab This Offer: Whether you're dealing with fine lines, uneven skin tone, acne scarring, or just want a refresh, this treatment is designed to deliver visible results from the first session. Our specialists tailor every session to your skin type — no cookie-cutter approach. Good to Know: Located in New York with free parking and complimentary refreshments in the waiting area. Open 7 days a week with evening appointments available. Online booking at our website — same-week availability.",Valid for dine-in only; Excludes alcohol,2,"Option 1, Option 2",459,704,0.348,Opulent Spa,3,45,1761,21,1757,25,1502,28,1618,17,1706,20,2052,35,2033,22,2053,37,0.014156,479.28,0.071
261e765d-6015-4628-8deb-fb6f8c566292,Health & Fitness,Dental,Miami,Start Your Fitness Journey at Eclipse Performance Lab,"Save on this top-rated experience in Miami. Whether you're a local or just visiting, this deal offers real value. Simple redemption — just show your voucher. See fine print for full details.",Merchant is solely responsible for care; No cash value; Appointment required; Not valid Dec 24-Jan 2; New customers only; Promotional value expires 120 days after purchase; No refunds after redemption; Cannot be combined with other offers; Gratuity not included,1,Starter Assessment,28,67,0.5821,Eclipse Performance Lab,3,108,1799,46,2072,53,1950,55,1876,54,1745,46,1508,41,1420,39,1588,35,0.026436,48.23,0.1097
2cde840f-5250-4ecc-aa0b-96dd6fa7e91f,Health & Fitness,Wellness,Birmingham,Phentermine Weight-Loss Program w/ Consultation at Genesis Chiropractic,"What We Offer: This package includes an initial assessment with a certified professional who will review your health history, discuss your goals, and create a personalized treatment or training plan. All sessions are one-on-one in a modern, fully equipped facility. Equipment is sanitized between each client. Why You Should Grab This Offer: Our practitioners hold nationally recognized certifications and undergo continuing education annually. We take a data-driven approach — your progress is tracked session to session, with adjustments made based on measurable outcomes, not guesswork. Over 85% of our clients report noticeable improvement within the first month. Good to Know: Flexible scheduling with morning, afternoon, and evening slots available. Located in Birmingham with free on-site parking. Insurance not accepted — all pricing is transparent and upfront with no hidden fees.",Gratuity not included; Excludes weekends & public holidays; Merchant is solely responsible for care,1,Starter Assessment,477,888,0.4628,Genesis Chiropractic,5,99,1665,9,2151,5,2091,11,2157,10,1520,7,1660,7,2043,6,2316,12,0.004294,736.55,0.0615
aa79aca6-e3ed-4b26-b237-cbac08b198d3,Travel,Hotels,London,1-Night Stay w/ $50 Dining Credit & Late Checkout at Napa Suites,"What We Offer: A relaxing stay at a hand-picked property featuring on-site dining, pool, fitness center, and complimentary Wi-Fi throughout. Your rate includes daily breakfast for two, served in our dining room or delivered to your suite. Rooms feature premium linens, blackout curtains, a Nespresso machine, and a fully stocked minibar (charges apply). Why You Should Grab This Offer: Escape the routine without the hassle of planning every detail. We've partnered with this property specifically for its combination of location, amenities, and service quality. Guest reviews consistently highlight the friendly staff, clean rooms, and excellent breakfast spread. Good to Know: Check-in from 3 PM, checkout by 11 AM. Late checkout available upon request (subject to availability). Free cancellation up to 48 hours before arrival. Parking included. Pet-friendly rooms available on request at select properties.",Limit 1 per person; 48-hour cancellation policy; Valid Mon-Fri only; Not valid on holidays,2,"Basic, Standard",237,435,0.4552,Napa Suites,1,31,3785,161,2331,77,3136,163,2830,124,3095,143,3131,140,2611,114,3511,179,0.045068,290.4,0.0357
2f851243-04a1-40e8-96c1-7b8efc5f91a3,Health & Fitness,Weight Loss,Chicago,Take Charge of Your Health at Renew Med Center,"Treat yourself or someone special to this offer. Whether it's a birthday, anniversary, or just a Tuesday — you deserve something nice. Great quality at an unbeatable price. Restrictions may apply — see fine print for full details.",Valid Mon-Fri only; No refunds after redemption; Excludes weekends & public holidays,2,"Small, Large",57,136,0.5809,Renew Med Center,3,81,1108,16,1132,22,1161,20,1063,28,783,19,932,14,586,10,1113,25,0.019548,72.47,0.0807
aa59e00f-b7c9-4d65-9cd9-0bdd406329ba,Beauty & Spas,Skin Care,New York,Revitalize Your Look w/ Amazing Services at Pearl Wellness Center,This is a deal you won't want to miss. Perfect for anyone looking for a great experience at a great price. Limited availability — grab it before it's gone. Valid for new and existing customers. See fine print for full details and restrictions.,Not valid on holidays; Subject to availability; Photo ID required; Not valid Dec 24-Jan 2; Must redeem within 30 days; Valid at New York location only,2,"Quick Refresh, Full Makeover",70,115,0.3913,Pearl Wellness Center,2,69,2745,24,1396,21,2037,23,2707,32,2809,28,1823,23,1644,22,2415,28,0.011436,100.98,0.1259
a0a5b033-a538-42e5-98d6-25d78cc5ed35,Things to Do,Outdoor Activities,New York,Unforgettable Fun at Explorer Entertainment,Experience the best that New York has to offer with this popular deal. Thousands of Groupon customers have enjoyed this offer. Book now to secure your spot before availability runs out. See fine print for redemption details.,Not valid Dec 24-Jan 2; Must redeem within 30 days; No refunds after redemption; Appointment required; Cannot be combined with other offers,3,"Option 1, Option 2, Option 3",42,65,0.3538,Explorer Entertainment,2,41,676,10,1086,14,739,11,727,7,613,7,1167,22,897,15,590,7,0.014319,44.92,0.0783
1b0a859a-3742-4520-8794-afb22908bf98,Retail,Gifts,Houston,Must-Have Items at Great Prices,Highly rated by Groupon customers in Houston. Easy online booking with instant confirmation. Satisfaction guaranteed or your money back. This deal won't last long — availability is limited.,Photo ID required; Appointment required,1,Curated Collection,12,21,0.4286,Bloom Collection,3,48,1438,37,777,19,861,25,1624,53,1206,33,1258,32,1051,23,1672,31,0.025589,14.87,0.035
aaf3191c-48b3-44f9-9b9b-f0aca166cc87,Beauty & Spas,Nails,Boston,One or Two 60-Min Lymphatic Drainage Massages at Harmony Salon,"What We Offer: A results-driven treatment tailored to your individual needs, performed by certified specialists who have completed over 500 hours of advanced training. Each session includes a pre-treatment consultation, the procedure itself, and post-care instructions. We use only premium, cruelty-free products from leading clinical brands. Why You Should Grab This Offer: This treatment has been one of our most popular services for the past two years, with a 92% client satisfaction rate. Whether this is your first time or you're a returning client, we customize every session. Our treatment rooms are private and fully sanitized between appointments. Good to Know: Walk-ins welcome, but appointments are recommended to guarantee your preferred time. Located in downtown Boston with easy transit access. Gift cards available if you'd like to share the experience.",Excludes alcohol; Appointment required; Must present voucher on arrival; Merchant is solely responsible for care,1,Basic,84,116,0.2759,Harmony Salon,2,30,2196,63,1002,37,1379,48,2140,83,1835,49,1766,50,1670,54,1912,77,0.033165,108.51,0.0436
6cbf6665-8b9a-4873-a5ce-636d27b3ab90,Health & Fitness,Wellness,Chicago,NAD+ Infusion or Glutathione IV Drip at Meridian Med Center,"What We Offer: Choose from single or multi-session packages designed to fit your health goals. Each session begins with a brief check-in to assess how you're feeling and adjust the plan as needed. Our facility is ADA-accessible, climate-controlled, and equipped with the latest diagnostic and therapeutic tools. Why You Should Grab This Offer: Over 1,500 clients in Chicago have trusted us with their care. We maintain a 4.6-star rating on Google with particular praise for our professional, no-pressure approach. Every treatment is backed by a satisfaction guarantee — if you're not happy with your experience, we'll work to make it right. Good to Know: Extended hours available Tuesday through Thursday until 8 PM. Bring comfortable clothing for movement-based sessions. Free consultation for first-time clients to determine the best treatment path.",Excludes alcohol; Limit 1 per person; Valid at Chicago location only; Valid for dine-in only; No refunds after redemption; Promotional value expires 120 days after purchase; Appointment required,2,"Single, Double",88,239,0.6318,Meridian Med Center,3,108,1785,102,1536,104,1439,136,2174,164,1611,155,1603,127,1812,98,1408,149,0.077424,98.62,0.1651
e515caef-5005-4a33-9f83-d5fb457a1da9,Things to Do,Entertainment,Chicago,Incredible Entertainment at Epic Activities,"Treat yourself or someone special to this offer. Whether it's a birthday, anniversary, or just a Tuesday — you deserve something nice. Great quality at an unbeatable price. Restrictions may apply — see fine print for full details.",Cannot be combined with other offers; Excludes weekends & public holidays; No refunds after redemption; Excludes alcohol,4,"Quick Try, Half Day, Full Day Adventure, Private Group Experience",94,135,0.3037,Epic Activities,1,9,3211,18,2847,26,3305,28,2545,24,2665,33,2538,20,2774,28,1727,15,0.008884,142.34,0.0995
ae04a453-f2d3-4c33-83f6-2f1b8fa6af9b,Things to Do,Entertainment,New York,Family-Friendly 2-Hour Kayak or Paddleboard Rental at Discovery Cruises,"What We Offer: A guided experience led by knowledgeable local experts who know every hidden gem in New York. Small group sizes — maximum 12 participants — ensure a personal, interactive experience. All necessary equipment and materials are included in the price. No prior experience or special skills required. Why You Should Grab This Offer: We've hosted over 5,000 guests and maintain a 4.8-star rating. Our guides don't just walk you through the experience — they make it memorable with stories, tips, and insider knowledge you won't find in a guidebook. Perfect for families, couples, corporate outings, or solo adventurers. Good to Know: Open year-round, rain or shine (indoor alternatives available for weather-sensitive activities). Children under 12 must be accompanied by an adult. Gift cards available — makes a great last-minute present. Arrive 15 minutes before your scheduled start time.",Valid for dine-in only; No cash value; Promotional value expires 120 days after purchase; Cannot be combined with other offers; No refunds after redemption; Gratuity not included; Excludes alcohol,1,Full Adventure,47,69,0.3188,Discovery Cruises,2,24,1991,67,2757,71,2553,74,2526,69,1547,48,2699,74,2219,70,2131,52,0.028497,57.53,0.121
67231f8b-55ed-49ae-9e77-7cc1bb5761af,Food & Drink,Restaurants,Madrid,Fantastic Food & Drinks at Copper Trattoria,"Treat yourself or someone special to this offer. Whether it's a birthday, anniversary, or just a Tuesday — you deserve something nice. Great quality at an unbeatable price. Restrictions may apply — see fine print for full details.",Must redeem within 30 days; Excludes alcohol; Promotional value expires 120 days after purchase; New customers only; Not valid Dec 24-Jan 2; No cash value; Cannot be combined with other offers,4,"Option 1, Option 2, Option 3, Option 4",41,88,0.5341,Copper Trattoria,3,22,2983,63,3706,73,2692,72,2695,47,3074,56,2944,49,2932,62,3019,69,0.02042,47.78,0.0867
9943f469-1b3d-4340-b88c-8210c5f82a6e,Home Services,Handyman,Birmingham,Keep Your Home in Top Shape w/ TopNotch Experts,A great way to try something new without breaking the bank. This deal has been popular with Groupon customers. Limited quantities available. Valid only for the option purchased. See fine print for all terms.,Subject to availability; No cash value; Valid at Birmingham location only; Not valid Dec 24-Jan 2; Excludes weekends & public holidays,1,Full Home Treatment,109,239,0.5439,TopNotch Experts,3,81,1379,42,1135,34,946,19,1071,29,1438,41,1209,39,1221,29,1426,34,0.027176,171.53,0.0744
60f77cf8-0994-4230-a5ee-bdace81a51a8,Food & Drink,Dining Cruises,Birmingham,Fantastic Food & Drinks at Blue BBQ,Highly rated by Groupon customers in Birmingham. Easy online booking with instant confirmation. Satisfaction guaranteed or your money back. This deal won't last long — availability is limited.,48-hour cancellation policy; Excludes alcohol; Limit 1 per household; Limit 1 per person; Photo ID required; Not valid Dec 24-Jan 2,2,"Basic, Standard",43,81,0.4691,Blue BBQ,4,94,2504,58,2309,42,2269,52,2269,51,2086,45,2481,45,2079,44,1851,46,0.021459,49.29,0.0629
755d740d-d371-4331-9f47-ad7ad5452332,Beauty & Spas,Med Spa,Barcelona,"6 Sessions of Laser Hair-Removal on Small, Medium, or Large Area at Orchid Beauty Studio","What We Offer: A results-driven treatment tailored to your individual needs, performed by certified specialists who have completed over 500 hours of advanced training. Each session includes a pre-treatment consultation, the procedure itself, and post-care instructions. We use only premium, cruelty-free products from leading clinical brands. Why You Should Grab This Offer: This treatment has been one of our most popular services for the past two years, with a 92% client satisfaction rate. Whether this is your first time or you're a returning client, we customize every session. Our treatment rooms are private and fully sanitized between appointments. Good to Know: Walk-ins welcome, but appointments are recommended to guarantee your preferred time. Located in downtown Barcelona with easy transit access. Gift cards available if you'd like to share the experience.",Cannot be combined with other offers; Valid for dine-in only; Must be 18+; Valid at Barcelona location only; Must present voucher on arrival; 48-hour cancellation policy; Excludes weekends & public holidays; Promotional value expires 120 days after purchase,4,"1 Visit, 3 Visits, 5 Visits, 10 Visits",140,205,0.3171,Orchid Beauty Studio,2,33,1422,40,1545,29,904,25,1423,40,1816,54,1171,36,1475,48,1317,44,0.028538,139.86,0.0717
ca7331fa-ee3f-45c6-aabc-4807b382cbe2,Beauty & Spas,Skin Care,Denver,"1, 3, or 6 Laser Skin-Resurfacing Sessions at Opulent Beauty Studio","What We Offer: Relax and rejuvenate with a treatment designed to address your specific concerns. Our licensed therapists begin each session with a brief consultation to understand your goals — whether that's tension relief, skin rejuvenation, or overall wellness. All products are hypoallergenic and suited for sensitive skin. Why You Should Grab This Offer: We've served over 3,000 clients in Denver and maintain a 4.7-star average across review platforms. Every treatment is performed in a calming, private environment with soft music and aromatherapy. We don't rush — your session time is your session time, no cutting corners. Good to Know: Complimentary hot tea and water provided. Free parking available. Same-day appointments available on weekdays. First-time clients receive a follow-up check-in call within 48 hours.",Limit 1 per person; Valid for dine-in only; Valid Mon-Fri only; Appointment required; Limit 1 per household; Not valid on holidays; No cash value; Must redeem within 30 days; Excludes alcohol; Expires 90 days from purchase,1,Single Visit,48,72,0.3333,Opulent Beauty Studio,4,25,1248,105,1170,92,1317,84,877,61,1225,113,557,51,1197,101,1014,71,0.078791,42.97,0.0923
c6936ef8-4b72-44e8-a9a5-f4794f16e0b2,Travel,Hotels,Miami,Best Vacation Deal at Grand Hotel & Spa,An opportunity to enjoy premium service at a fraction of the regular cost. Our customers love the convenience and value of this deal. Valid for the options listed. See fine print for scheduling and restrictions.,Limit 1 per household; Gratuity not included; New customers only,3,"Small, Medium, Large",201,276,0.2717,Grand Hotel & Spa,2,54,1966,17,1955,18,1603,22,2139,23,1946,27,1715,24,1451,19,1741,23,0.011918,225.8,0.0587
8e32f0b3-2bb9-4674-94fb-a437659b97dd,Health & Fitness,Dental,San Francisco,One or Three Chiropractic Adjustments w/ Consultation at Pinnacle Health Center,"What We Offer: This package includes an initial assessment with a certified professional who will review your health history, discuss your goals, and create a personalized treatment or training plan. All sessions are one-on-one in a modern, fully equipped facility. Equipment is sanitized between each client. Why You Should Grab This Offer: Our practitioners hold nationally recognized certifications and undergo continuing education annually. We take a data-driven approach — your progress is tracked session to session, with adjustments made based on measurable outcomes, not guesswork. Over 85% of our clients report noticeable improvement within the first month. Good to Know: Flexible scheduling with morning, afternoon, and evening slots available. Located in San Francisco with free on-site parking. Insurance not accepted — all pricing is transparent and upfront with no hidden fees.",No refunds after redemption; Expires 90 days from purchase; Limit 1 per person; 48-hour cancellation policy,3,"Trial Session, Fitness Jumpstart, Complete Wellness Program",44,90,0.5111,Pinnacle Health Center,1,27,1821,50,2826,106,2016,78,2112,80,1902,55,1500,62,1894,56,2622,105,0.035464,48.98,0.0563
2ca1aef4-c3e2-4f39-8927-16293b61e420,Home Services,Handyman,Barcelona,Full Carpet Cleaning for 3 or 5 Rooms at Elite Cleaning Co.,"What We Offer: Our licensed, bonded, and insured professionals arrive at your home with all necessary supplies and equipment — you don't need to provide anything. The service includes a thorough walkthrough before we begin, the service itself, and a final inspection with you to ensure everything meets your standards. We clean up after ourselves. Why You Should Grab This Offer: We've served over 2,000 homes in Barcelona and maintain a 4.7-star rating. Every technician is background-checked, drug-tested, and has an average of 8 years of experience. We offer a 100% satisfaction guarantee — if you're not happy, we come back and fix it at no charge. Our customers particularly appreciate our on-time arrival and transparent pricing with no hidden fees. Good to Know: Serving Barcelona and surrounding areas within 30 miles. Online booking with 2-hour arrival windows. Service takes approximately 1-3 hours depending on home size and scope.",Excludes weekends & public holidays; Excludes alcohol; Subject to availability; Merchant is solely responsible for care; Must redeem within 30 days; Expires 90 days from purchase; Not valid on holidays,3,"Basic, Standard, Premium",173,232,0.2543,Elite Cleaning Co.,1,97,1642,31,1745,46,1679,48,1722,42,1170,29,1116,24,1585,34,1052,33,0.024507,182.83,0.0509
a2a4ce1e-4023-417b-b418-7bbedc55f4a6,Health & Fitness,Chiropractic,Boston,Feel Your Best at Apex Chiropractic,"Treat yourself or someone special to this offer. Whether it's a birthday, anniversary, or just a Tuesday — you deserve something nice. Great quality at an unbeatable price. Restrictions may apply — see fine print for full details.",Valid at Boston location only; Not valid Dec 24-Jan 2; Must redeem within 30 days; No refunds after redemption; Gratuity not included; Valid Mon-Fri only,3,"Trial Session, Fitness Jumpstart, Complete Wellness Program",86,130,0.3385,Apex Chiropractic,3,25,2002,38,2184,29,1805,30,2201,45,1443,29,2269,41,1609,31,2099,36,0.017871,114.57,0.0929
830f614d-a257-4b38-b1dc-54f497aae436,Home Services,Landscaping,Boston,Amazing Home Service at BrightHome Home Services,"Treat yourself or someone special to this offer. Whether it's a birthday, anniversary, or just a Tuesday — you deserve something nice. Great quality at an unbeatable price. Restrictions may apply — see fine print for full details.",No cash value; Subject to availability; New customers only; Gratuity not included; Limit 1 per household,4,"Single Room, Multi-Room Package, Complete Home Overhaul",70,164,0.5732,BrightHome Home Services,2,56,1570,21,1574,28,1744,32,1813,22,2188,37,2139,45,2688,39,2207,36,0.016329,77.66,0.0771
664c3418-1cf1-4dd6-b90f-0dab812ea30b,Food & Drink,Meal Kits,Seattle,$30 for $60 Worth of Dinner for Two at Copper Brasserie,"What We Offer: A complete dining experience that includes your choice of entrees, sides, and beverages as outlined in the deal options. Everything is prepared to order — nothing sits under a heat lamp. Our kitchen team takes pride in consistency: every plate that leaves our kitchen meets the same standard, whether it's a Tuesday lunch or Saturday dinner. Why You Should Grab This Offer: We've been serving Seattle for over 8 years and have built a loyal following through honest food at fair prices. Featured in local press and food blogs. Our staff is attentive without being overbearing — we want you to enjoy your meal, not feel rushed. Good to Know: Dine-in only. Reservations available online or by phone. Large party accommodations available with 48 hours notice. Validated parking in the adjacent garage.",Must be 18+; Photo ID required; New customers only; Valid at Seattle location only,1,Chef's Experience,25,50,0.5,Copper Brasserie,3,11,1606,100,2224,126,2570,137,3090,167,2089,106,2458,155,2615,134,2202,128,0.05585,38.2,0.063
995e9803-331e-4992-b1a0-278563caa536,Retail,Home Goods,Seattle,Top Picks for Every Budget,Highly rated by Groupon customers in Seattle. Easy online booking with instant confirmation. Satisfaction guaranteed or your money back. This deal won't last long — availability is limited.,Cannot be combined with other offers; Gratuity not included; No cash value; Subject to availability; Expires 90 days from purchase; Must present voucher on arrival,3,"Small, Medium, Large",31,53,0.4151,Scout Store,5,114,5008,154,4647,162,4173,148,5285,209,5398,204,3128,120,5037,197,4364,136,0.035907,27.73,0.1072
729b092b-3c69-4101-9f4a-c0d49b497fa9,Food & Drink,Cafes & Bakeries,Seattle,Treat Your Taste Buds at Sage Smokehouse,Experience the best that Seattle has to offer with this popular deal. Thousands of Groupon customers have enjoyed this offer. Book now to secure your spot before availability runs out. See fine print for redemption details.,Must redeem within 30 days; Limit 1 per household; Subject to availability; Appointment required; Must present voucher on arrival; Cannot be combined with other offers,3,"Light Bites, Full Dining Experience, Chef's Table VIP",26,50,0.48,Sage Smokehouse,3,8,728,16,786,18,794,24,766,15,950,19,755,21,679,13,609,14,0.023076,41.11,0.0717
31f7036b-cf54-4179-b37b-7160a84403d7,Automotive,Inspection,Dallas,"Tire Rotation, Balance & Brake Inspection at TopGear Garage","What Is Included: Up to five quarts of quality oil (synthetic blend or full synthetic depending on option purchased), standard oil filter, lubrication of chassis components per manufacturer specs, and a complimentary multi-point maintenance check. Our certified technicians perform an inspection covering fluid levels, tire pressure, battery test, wiper blades, headlights and taillights, air filter, and antifreeze/coolant levels. What Is Not Included: Extra quarts beyond five are available for an additional fee at time of service. Premium or canister filters available for purchase. European oil types not included. Why You Should Grab This Offer: Our ASE-certified technicians complete over 270 hours of professional training. No appointment needed — stay-in-your-car service completed in approximately 15-20 minutes. Contactless payment available. Good to Know: Valid at participating locations. Digital inspection report emailed after service. All work backed by a service guarantee.",Valid Mon-Fri only; Expires 90 days from purchase; Subject to availability; Not valid on holidays; Valid for dine-in only; Appointment required; No cash value; Excludes alcohol; No refunds after redemption; Not valid Dec 24-Jan 2,4,"1 Visit, 3 Visits, 5 Visits, 10 Visits",48,72,0.3333,TopGear Garage,3,111,3159,191,1841,87,2527,131,2983,161,2505,144,2355,101,2807,200,1985,113,0.055947,64.27,0.0532
23b38b91-3a23-45aa-8ed6-0d868ba79129,Retail,Fashion,Chicago,Best Deal on Premium Products,A great way to try something new without breaking the bank. This deal has been popular with Groupon customers. Limited quantities available. Valid only for the option purchased. See fine print for all terms.,Must redeem within 30 days; Photo ID required; Promotional value expires 120 days after purchase; Not valid on holidays; Subject to availability; Limit 1 per person; Valid at Chicago location only; New customers only; Cannot be combined with other offers,3,"Option 1, Option 2, Option 3",34,82,0.5854,Wander Boutique,5,61,2388,71,2364,98,2688,123,2364,65,1800,73,1934,91,1445,40,2917,128,0.038492,46.27,0.0887
da37b54a-b870-49b6-a570-8858d60f4c10,Home Services,Landscaping,New York,Fantastic Professional Service at Elite Solutions,This is a deal you won't want to miss. Perfect for anyone looking for a great experience at a great price. Limited availability — grab it before it's gone. Valid for new and existing customers. See fine print for full details and restrictions.,Not valid on holidays; Excludes weekends & public holidays; Expires 90 days from purchase; Limit 1 per person; New customers only; Excludes alcohol,2,"Essential Service, Whole-Home Deep Clean",134,198,0.3232,Elite Solutions,1,71,524,8,700,14,1090,21,1019,16,881,14,817,13,829,13,842,12,0.016562,210.01,0.1063
924396a4-346c-45a7-907f-c2b319f7ce3a,Beauty & Spas,Skin Care,New York,Refresh & Renew at Glow Day Spa,Experience the best that New York has to offer with this popular deal. Thousands of Groupon customers have enjoyed this offer. Book now to secure your spot before availability runs out. See fine print for redemption details.,Promotional value expires 120 days after purchase; Valid at New York location only; Must present voucher on arrival; Must redeem within 30 days; Gratuity not included; Not valid on holidays; Appointment required; Limit 1 per household; No cash value; Not valid Dec 24-Jan 2,4,"1 Visit, 3 Visits, 5 Visits, 10 Visits",66,129,0.4884,Glow Day Spa,4,72,3829,105,2830,101,3037,112,1597,39,2205,72,3469,104,2332,68,3709,130,0.031772,82.93,0.0416
964a62e6-85eb-40b2-abd9-ed7312571e04,Food & Drink,Meal Kits,Manchester,Incredible Meal for Two at Marco's Grill,Experience the best that Manchester has to offer with this popular deal. Thousands of Groupon customers have enjoyed this offer. Book now to secure your spot before availability runs out. See fine print for redemption details.,Must present voucher on arrival; Valid for dine-in only; Limit 1 per person; Not valid Dec 24-Jan 2; 48-hour cancellation policy; Photo ID required; No cash value,2,"Small, Large",36,59,0.3898,Marco's Grill,1,52,798,18,695,13,797,19,924,28,858,13,724,17,1023,20,791,17,0.021936,36.28,0.1394
8f4d7e3d-1a14-4867-aeed-11f8199f0ad5,Food & Drink,Meal Kits,Chicago,Afternoon Tea for Two w/ Champagne & 3-Tier Stand at Copper Cafe,"What We Offer: This deal is valid toward our full food and drink menu during the specified hours. Choose from appetizers, entrees, and desserts crafted fresh daily by our kitchen team. Our menu features a mix of house specialties and seasonal rotating dishes — there's something for every palate. Full bar available with craft cocktails, local beers, and an curated wine list. Why You Should Grab This Offer: Whether it's date night, a family dinner, or a casual meal with friends, this deal gives you the flexibility to order what you want from our complete menu. Our restaurant is known for generous portions, fresh ingredients, and a warm atmosphere that keeps customers coming back. Good to Know: Located in the heart of Chicago. Walk-ins welcome. Outdoor seating available seasonally. Ask about our loyalty program for returning guests.",48-hour cancellation policy; Limit 1 per person; Merchant is solely responsible for care; Excludes alcohol; No cash value,2,"Option 1, Option 2",18,43,0.5814,Copper Cafe,2,69,1972,85,1821,99,1399,62,1814,116,2482,116,1618,71,1461,42,2236,101,0.046747,22.01,0.0323
6f86559f-d8dd-4757-99f4-c1963f312caf,Automotive,Inspection,Seattle,Top-Rated Vehicle Service at RoadReady Car Wash & Detail,"Save on this top-rated experience in Seattle. Whether you're a local or just visiting, this deal offers real value. Simple redemption — just show your voucher. See fine print for full details.",Gratuity not included; Limit 1 per person; Limit 1 per household; Valid for dine-in only; Appointment required,1,Standard,57,132,0.5682,RoadReady Car Wash & Detail,5,64,1959,97,2080,117,2360,110,2202,100,1923,103,2849,140,1507,65,3506,119,0.046285,76.91,0.078
b8802453-212b-4738-9c1c-135d9661cecb,Food & Drink,Meal Kits,Denver,Best Restaurant Deal in Denver at Cedar Eatery,"Save on this top-rated experience in Denver. Whether you're a local or just visiting, this deal offers real value. Simple redemption — just show your voucher. See fine print for full details.",Excludes alcohol; Subject to availability; Gratuity not included; Valid at Denver location only; Not valid on holidays,2,"Date Night Dinner, Grand Feast for Two",34,97,0.6495,Cedar Eatery,3,69,2702,30,3553,36,3072,35,2968,38,2242,30,4338,54,2597,25,4007,63,0.012206,59.31,0.0567
3ee56184-254e-4123-9c16-c890cd236fb4,Retail,Fashion,Miami,Wireless Bluetooth Earbuds w/ Charging Case,"What's Included: Your order includes everything listed in the product description — no additional purchases required. Each item is manufactured to strict quality standards with durable materials built to last. Detailed care instructions included in the box. Why You Should Grab This Offer: We've sold over 10,000 units of this product and maintain a 4.5-star average rating. Customer favorites include the build quality, packaging, and fast shipping. Perfect as a treat for yourself or as a thoughtful gift for someone special. We stand behind every product with a 1-year manufacturer warranty. Good to Know: Ships from our US-based warehouse. Standard shipping takes 3-5 business days. Express shipping available at checkout for an additional fee. Contact our customer service team for any questions — average response time under 4 hours.",Gratuity not included; No refunds after redemption; 48-hour cancellation policy; Limit 1 per person,1,Curated Collection,21,54,0.6111,Sage Boutique,3,109,1144,45,455,17,1349,67,1311,52,1196,58,1077,39,758,44,1298,57,0.044131,23.84,0.1031
a1eb14b8-1f8f-493e-865e-9762c4fffe0d,Health & Fitness,Chiropractic,Boston,10 or 20 Yoga Classes w/ Mat Rental at Pinnacle Fitness Studio,"What We Offer: This package includes an initial assessment with a certified professional who will review your health history, discuss your goals, and create a personalized treatment or training plan. All sessions are one-on-one in a modern, fully equipped facility. Equipment is sanitized between each client. Why You Should Grab This Offer: Our practitioners hold nationally recognized certifications and undergo continuing education annually. We take a data-driven approach — your progress is tracked session to session, with adjustments made based on measurable outcomes, not guesswork. Over 85% of our clients report noticeable improvement within the first month. Good to Know: Flexible scheduling with morning, afternoon, and evening slots available. Located in Boston with free on-site parking. Insurance not accepted — all pricing is transparent and upfront with no hidden fees.",Limit 1 per person; Limit 1 per household; Photo ID required; Must be 18+; Excludes weekends & public holidays; Valid at Boston location only; Not valid on holidays; No cash value; Expires 90 days from purchase,3,"Option 1, Option 2, Option 3",147,217,0.3226,Pinnacle Fitness Studio,2,57,1503,76,1180,68,2481,139,2706,176,2342,123,1757,96,1471,66,1782,72,0.053607,199.88,0.0483
a0e232c0-a234-4884-a691-b81440632630,Beauty & Spas,Nails,Miami,Enjoy a Fantastic Beauty Package at Luxe Aesthetics,"Save on this top-rated experience in Miami. Whether you're a local or just visiting, this deal offers real value. Simple redemption — just show your voucher. See fine print for full details.",Cannot be combined with other offers; Expires 90 days from purchase; Subject to availability; Excludes alcohol; Valid Mon-Fri only,1,Complete Transformation,20,46,0.5652,Luxe Aesthetics,1,70,1467,42,1292,18,1192,28,1077,24,2268,52,1199,17,1225,31,1766,42,0.022114,17.05,0.0794
e2141fb1-087a-4a4c-9aed-63858cb9ba43,Travel,Resorts,San Francisco,A Wonderful Retreat at Lakeside Inn,An opportunity to enjoy premium service at a fraction of the regular cost. Our customers love the convenience and value of this deal. Valid for the options listed. See fine print for scheduling and restrictions.,Valid for dine-in only; Valid at San Francisco location only,1,Basic,87,124,0.2984,Lakeside Inn,2,44,3269,89,2039,30,2276,55,2680,66,3465,101,2281,46,2795,59,3048,67,0.023475,88.29,0.0661
ef22a435-684d-4b45-a66e-d1b001a0c780,Retail,Electronics,Dallas,12-Piece Gourmet Chocolate Box w/ Gift Wrapping,What's Included: Product ships within 2-3 business days via USPS or UPS with tracking number provided via email. Each item is quality-inspected before shipping and arrives in protective packaging. 30-day hassle-free returns accepted with original packaging — we'll provide a prepaid return label. Why You Should Grab This Offer: This product has been one of our top sellers with over 500 five-star reviews. Made with premium materials designed for daily use. Makes an excellent gift — arrives in presentation-ready packaging with the option to include a personalized gift note at checkout. Good to Know: Available in multiple sizes and colors — select your preferred option at checkout. Ships to all 50 US states. International shipping available for an additional fee. Bulk orders of 5+ units receive an automatic 10% discount.,No cash value; Subject to availability; Must present voucher on arrival; Valid Mon-Fri only,1,Curated Collection,30,71,0.5775,Indie Shop,3,75,1754,57,1870,64,2964,109,3092,114,1641,80,3265,135,1675,91,2414,124,0.041446,40.29,0.0545
d870946d-263b-44b2-ae51-020a2faec13c,Automotive,Tires,Barcelona,Amazing Auto Service at MasterMech Motor Works,A great way to try something new without breaking the bank. This deal has been popular with Groupon customers. Limited quantities available. Valid only for the option purchased. See fine print for all terms.,Must redeem within 30 days; No refunds after redemption; Gratuity not included; Limit 1 per household; Limit 1 per person; 48-hour cancellation policy,2,"Quick Service, Bumper-to-Bumper Overhaul",70,145,0.5172,MasterMech Motor Works,4,96,3653,195,2946,137,4234,195,3153,151,2441,122,3630,151,2251,87,2953,86,0.044495,101.4,0.0754
c498e13f-a129-4c0b-a5c3-7c62d7ff0a32,Travel,Getaways,Los Angeles,2-Night City Break w/ Breakfast & Attraction Passes at Crest Suites,"What We Offer: An all-inclusive getaway that covers accommodation, meals, and select activities. The property is situated in a scenic location with easy access to local attractions, hiking trails, or beach — depending on the destination. Each room is individually appointed with modern amenities including smart TV, high-speed Wi-Fi, and luxury bathroom products. Why You Should Grab This Offer: This deal includes extras that would cost significantly more if booked separately. The property maintains a 4.5-star guest rating and is known for going above and beyond — from welcome drinks at check-in to personalized restaurant recommendations from the concierge. Ideal for couples, small families, or anyone who needs a proper break. Good to Know: Valid for the dates and room type specified in your option. Upgrades available at check-in (subject to availability). Airport transfer can be arranged for an additional fee. Resort fee included — no surprise charges.",Not valid Dec 24-Jan 2; No cash value; Expires 90 days from purchase; New customers only,2,"Option 1, Option 2",92,245,0.6245,Crest Suites,4,96,1241,89,1054,75,1201,109,1501,135,1629,113,980,81,1285,135,799,72,0.083488,87.71,0.0511
15a7399c-32d6-42c4-abf8-861af480e85e,Home Services,HVAC,Madrid,Best Home Care in Madrid at ProClean Cleaning Co.,An opportunity to enjoy premium service at a fraction of the regular cost. Our customers love the convenience and value of this deal. Valid for the options listed. See fine print for scheduling and restrictions.,Merchant is solely responsible for care; Excludes alcohol; Promotional value expires 120 days after purchase; Must redeem within 30 days,1,Basic,254,348,0.2701,ProClean Cleaning Co.,4,93,2284,85,1659,59,1508,45,2575,99,2817,87,1819,52,1554,63,1891,94,0.036258,229.96,0.0564
acf6892e-7cc5-47dd-8ef3-0a89c991427b,Automotive,Oil Change,Dallas,Keep Your Car Running Great at QuickLube Auto Care,"Looking for something special? This deal has you covered. Great for individuals, couples, or groups. Flexible scheduling available. Check the fine print for full terms and restrictions. Voucher must be presented on arrival.",Expires 90 days from purchase; Excludes alcohol; Valid Mon-Fri only; Appointment required; Cannot be combined with other offers; No refunds after redemption; No cash value; Gratuity not included,3,"Small, Medium, Large",63,142,0.5563,QuickLube Auto Care,3,69,1444,22,1288,28,1358,29,2006,39,1937,44,2163,43,1904,32,1895,36,0.019507,58.68,0.1202
ae1d0430-088d-4230-8adc-4a61dec10a90,Health & Fitness,Dental,London,Boost Your Health w/ Fantastic Services at Nova Family Dentistry,"Treat yourself or someone special to this offer. Whether it's a birthday, anniversary, or just a Tuesday — you deserve something nice. Great quality at an unbeatable price. Restrictions may apply — see fine print for full details.",Must redeem within 30 days; Valid at London location only,2,"1 Session, 3 Sessions",45,103,0.5631,Nova Family Dentistry,2,46,2816,52,3035,75,2877,45,2698,49,3108,47,2062,43,2338,43,2817,60,0.019034,39.09,0.0151
57dbf5bc-aa1d-400b-8b32-bcbc4c5ce5b0,Travel,Getaways,Birmingham,Your Dream Getaway at Grand Inn,Highly rated by Groupon customers in Birmingham. Easy online booking with instant confirmation. Satisfaction guaranteed or your money back. This deal won't last long — availability is limited.,Expires 90 days from purchase; Must present voucher on arrival; Valid for dine-in only; Subject to availability,4,"Option 1, Option 2, Option 3, Option 4",106,185,0.427,Grand Inn,1,40,2280,29,1798,24,1980,29,2614,30,1496,20,2216,34,1571,24,1467,19,0.013552,93.2,0.0438
806452e9-6449-44d6-b425-535d0b5bfa63,Automotive,Detailing,Barcelona,Keep Your Car Running Great at AutoShine Tire & Auto,"Treat yourself or someone special to this offer. Whether it's a birthday, anniversary, or just a Tuesday — you deserve something nice. Great quality at an unbeatable price. Restrictions may apply — see fine print for full details.",Valid Mon-Fri only; No refunds after redemption; Must redeem within 30 days; Excludes alcohol; Must be 18+,3,"Express Service, Full Detail, Showroom Finish",71,108,0.3426,AutoShine Tire & Auto,5,11,1856,73,2840,115,2787,98,4280,162,3739,103,2965,103,2668,95,3650,106,0.034497,91.13,0.0401
d176bb19-9d9e-4a4b-a201-0c273477d3af,Home Services,HVAC,Denver,Fantastic Professional Service at EcoShield Pros,An opportunity to enjoy premium service at a fraction of the regular cost. Our customers love the convenience and value of this deal. Valid for the options listed. See fine print for scheduling and restrictions.,Must be 18+; Valid Mon-Fri only; Cannot be combined with other offers,4,"Single Room, Multi-Room Package, Complete Home Overhaul",119,312,0.6186,EcoShield Pros,2,19,971,17,1002,16,1205,18,1182,13,865,22,838,12,858,15,676,15,0.016849,142.18,0.0493
b09f2b9d-f5ae-4891-a6e5-575bb73f9f2c,Automotive,Detailing,Manchester,AC Recharge & System Check at MotorCraft Car Wash & Detail,"What Is Included: Up to five quarts of quality oil (synthetic blend or full synthetic depending on option purchased), standard oil filter, lubrication of chassis components per manufacturer specs, and a complimentary multi-point maintenance check. Our certified technicians perform an inspection covering fluid levels, tire pressure, battery test, wiper blades, headlights and taillights, air filter, and antifreeze/coolant levels. What Is Not Included: Extra quarts beyond five are available for an additional fee at time of service. Premium or canister filters available for purchase. European oil types not included. Why You Should Grab This Offer: Our ASE-certified technicians complete over 270 hours of professional training. No appointment needed — stay-in-your-car service completed in approximately 15-20 minutes. Contactless payment available. Good to Know: Valid at participating locations. Digital inspection report emailed after service. All work backed by a service guarantee.",48-hour cancellation policy; Gratuity not included; Valid Mon-Fri only; Limit 1 per household,2,"Quick Service, Bumper-to-Bumper Overhaul",71,138,0.4855,MotorCraft Car Wash & Detail,5,9,1780,145,1462,104,1508,155,1056,99,1512,93,1384,98,1668,139,1532,127,0.080659,86.97,0.0527
013d2ad6-b963-444d-9a67-7c13159ebe1c,Food & Drink,Meal Kits,Boston,Wine Tasting for Two — 6 Wines w/ Cheese Board at Copper Eatery,"What We Offer: Enjoy a carefully curated dining experience prepared by our award-winning chef using locally sourced, seasonal ingredients. Each course is thoughtfully paired with beverages selected by our in-house sommelier. The menu changes quarterly to reflect the freshest produce available, so every visit offers something new. Vegetarian, vegan, and gluten-free options are always available — just let your server know. Why You Should Grab This Offer: We've been recognized by local food critics as one of Boston's best-kept secrets, with a 4.6-star average on Google and Yelp. Our intimate dining room seats just 40 guests, creating a personal atmosphere you won't find at larger establishments. Private dining available for groups of 8 or more. Good to Know: Reservations recommended, especially on weekends. Free street parking available after 6 PM. Kids' menu available for diners under 12.",Cannot be combined with other offers; No cash value; Not valid on holidays; 48-hour cancellation policy,3,"Option 1, Option 2, Option 3",20,54,0.6296,Copper Eatery,2,97,2307,61,2564,67,1985,60,2320,71,2030,55,2563,84,2431,72,1849,69,0.029863,28.45,0.0508
3a259100-4b6c-4645-b5d9-446d0c425a77,Food & Drink,Restaurants,London,Best Restaurant Deal in London at Harbor Kitchen,"Treat yourself or someone special to this offer. Whether it's a birthday, anniversary, or just a Tuesday — you deserve something nice. Great quality at an unbeatable price. Restrictions may apply — see fine print for full details.",Photo ID required; Excludes weekends & public holidays; Excludes alcohol; Not valid Dec 24-Jan 2,2,"Date Night Dinner, Grand Feast for Two",29,56,0.4821,Harbor Kitchen,2,22,2640,60,1869,32,1949,40,2605,41,2145,49,2275,45,2431,48,2347,46,0.019769,32.09,0.0625
18896d48-2516-43ea-9ba0-c95a652fd8de,Beauty & Spas,Skin Care,Manchester,Before & After Acne Treatment — HydraFacial + LED at Radiant Day Spa,"What We Offer: This deal includes a full consultation to identify your specific skin concerns, followed by a customized treatment performed by a licensed aesthetician with over 10 years of experience. All products used are medical-grade and dermatologist-approved. The session begins with a thorough skin analysis, followed by the treatment itself, and ends with a personalized at-home care plan. Before and after photos are taken so you can track your results over time. Why You Should Grab This Offer: Whether you're dealing with fine lines, uneven skin tone, acne scarring, or just want a refresh, this treatment is designed to deliver visible results from the first session. Our specialists tailor every session to your skin type — no cookie-cutter approach. Good to Know: Located in Manchester with free parking and complimentary refreshments in the waiting area. Open 7 days a week with evening appointments available. Online booking at our website — same-week availability.",No cash value; Merchant is solely responsible for care; Not valid on holidays; Limit 1 per person,2,"Option 1, Option 2",53,144,0.6319,Radiant Day Spa,3,27,3283,216,3802,299,3664,285,3869,328,3640,241,3103,217,5004,308,3982,324,0.073088,58.97,0.0561
34dd7bac-84fb-4c81-9acb-a4ebdee940ac,Food & Drink,Cafes & Bakeries,New York,"Family Meal Deal — 2 Entrees, 2 Sides & Dessert at Sage Eatery","What We Offer: A complete dining experience that includes your choice of entrees, sides, and beverages as outlined in the deal options. Everything is prepared to order — nothing sits under a heat lamp. Our kitchen team takes pride in consistency: every plate that leaves our kitchen meets the same standard, whether it's a Tuesday lunch or Saturday dinner. Why You Should Grab This Offer: We've been serving New York for over 8 years and have built a loyal following through honest food at fair prices. Featured in local press and food blogs. Our staff is attentive without being overbearing — we want you to enjoy your meal, not feel rushed. Good to Know: Dine-in only. Reservations available online or by phone. Large party accommodations available with 48 hours notice. Validated parking in the adjacent garage.",No refunds after redemption; Valid Mon-Fri only; Promotional value expires 120 days after purchase; Subject to availability; Appointment required,3,"1 Session, 3 Sessions, 5 Sessions",38,73,0.4795,Sage Eatery,4,40,1671,57,1095,61,1666,62,1864,95,1858,126,2023,107,1380,60,1056,53,0.049235,47.3,0.0587
16506314-2c26-4a7d-9285-9197eecb67a9,Things to Do,Tours,Manchester,Laser Tag — 3-Game Package for Two or Four at River Escape Room,"What We Offer: A hands-on experience that combines education and entertainment in a relaxed, welcoming environment. All materials, equipment, and instruction are included — just show up and enjoy. Sessions run for the duration listed and include a take-home component where applicable. Our instructors are patient, encouraging, and passionate about sharing their craft. Why You Should Grab This Offer: We believe the best experiences are the ones where you actually learn something new. Our sessions are designed to be approachable for complete beginners while still engaging for those with some background. Located in the heart of Manchester with a fun, social vibe that makes this ideal for date nights, friend outings, or family weekends. Good to Know: Ages 8 and up welcome (under 16 must be accompanied by a paying adult). Complimentary refreshments provided. Online booking with instant confirmation.",Expires 90 days from purchase; Valid for dine-in only; Valid Mon-Fri only; Valid at Manchester location only; No cash value; Limit 1 per household,3,"1 Session, 3 Sessions, 5 Sessions",53,82,0.3537,River Escape Room,2,78,1256,44,1343,66,1091,54,854,40,1666,69,1170,37,1879,88,1440,57,0.042527,62.92,0.0906
b7f7a70a-7747-4988-8046-7d7967a1334b,Travel,Getaways,Seattle,3-Night Beachfront Condo Stay for Up to 4 Guests at Harbor Retreat,"What We Offer: A relaxing stay at a hand-picked property featuring on-site dining, pool, fitness center, and complimentary Wi-Fi throughout. Your rate includes daily breakfast for two, served in our dining room or delivered to your suite. Rooms feature premium linens, blackout curtains, a Nespresso machine, and a fully stocked minibar (charges apply). Why You Should Grab This Offer: Escape the routine without the hassle of planning every detail. We've partnered with this property specifically for its combination of location, amenities, and service quality. Guest reviews consistently highlight the friendly staff, clean rooms, and excellent breakfast spread. Good to Know: Check-in from 3 PM, checkout by 11 AM. Late checkout available upon request (subject to availability). Free cancellation up to 48 hours before arrival. Parking included. Pet-friendly rooms available on request at select properties.",Valid at Seattle location only; Subject to availability; No refunds after redemption; Cannot be combined with other offers; Gratuity not included; Must be 18+; Not valid on holidays; No cash value; Limit 1 per household,1,Standard,207,435,0.5241,Harbor Retreat,2,22,3499,137,2997,104,2692,100,3449,149,3678,160,2070,96,2905,107,3199,117,0.03961,206.94,0.074
90b6b2f5-3dce-46e6-b1c4-eb6f9d625160,Things to Do,Outdoor Activities,Miami,An Experience You Won't Forget at Adventure Adventures,Highly rated by Groupon customers in Miami. Easy online booking with instant confirmation. Satisfaction guaranteed or your money back. This deal won't last long — availability is limited.,Subject to availability; Excludes weekends & public holidays; Limit 1 per person,2,"Explorer, Ultimate Adventure",42,89,0.5281,Adventure Adventures,4,44,2172,110,2305,107,2035,131,2022,104,1752,107,3070,144,2535,119,1580,67,0.050884,47.68,0.0529
4bb81896-0bfa-4629-ac1e-1495fdf3d884,Retail,Gifts,Denver,Wonderful Selection at Unbeatable Prices,"Save on this top-rated experience in Denver. Whether you're a local or just visiting, this deal offers real value. Simple redemption — just show your voucher. See fine print for full details.",Valid for dine-in only; New customers only; Cannot be combined with other offers; Subject to availability; Valid at Denver location only,3,"1 Session, 3 Sessions, 5 Sessions",33,73,0.5479,Heritage Co.,4,110,1495,41,988,35,1991,75,2160,56,1393,42,1983,63,1959,77,1947,50,0.031546,38.0,0.096
e2c33ccc-a40a-4e5b-8bef-5ab8b39b2f80,Health & Fitness,Chiropractic,Birmingham,"B12 Shot, Energy Boost, or Immunity Drip IV Therapy at Balance Dental","What We Offer: This package includes an initial assessment with a certified professional who will review your health history, discuss your goals, and create a personalized treatment or training plan. All sessions are one-on-one in a modern, fully equipped facility. Equipment is sanitized between each client. Why You Should Grab This Offer: Our practitioners hold nationally recognized certifications and undergo continuing education annually. We take a data-driven approach — your progress is tracked session to session, with adjustments made based on measurable outcomes, not guesswork. Over 85% of our clients report noticeable improvement within the first month. Good to Know: Flexible scheduling with morning, afternoon, and evening slots available. Located in Birmingham with free on-site parking. Insurance not accepted — all pricing is transparent and upfront with no hidden fees.",Photo ID required; Must be 18+; Excludes weekends & public holidays,2,"Basic, Standard",108,120,0.1,Balance Dental,3,74,1478,8,2329,12,2283,11,2308,13,1798,9,1686,9,1589,10,1845,11,0.005419,140.48,0.0502
ea98f448-89aa-4b0b-bf5a-d78ca3bde403,Food & Drink,Dining Cruises,London,5-Course Italian Tasting Menu for Two at Rustic Tavern,"What We Offer: Enjoy a carefully curated dining experience prepared by our award-winning chef using locally sourced, seasonal ingredients. Each course is thoughtfully paired with beverages selected by our in-house sommelier. The menu changes quarterly to reflect the freshest produce available, so every visit offers something new. Vegetarian, vegan, and gluten-free options are always available — just let your server know. Why You Should Grab This Offer: We've been recognized by local food critics as one of London's best-kept secrets, with a 4.6-star average on Google and Yelp. Our intimate dining room seats just 40 guests, creating a personal atmosphere you won't find at larger establishments. Private dining available for groups of 8 or more. Good to Know: Reservations recommended, especially on weekends. Free street parking available after 6 PM. Kids' menu available for diners under 12.",Valid Mon-Fri only; No cash value; Must redeem within 30 days; Appointment required; Merchant is solely responsible for care,1,Single Visit,32,45,0.2889,Rustic Tavern,2,45,3724,91,3153,108,1873,56,2676,87,3062,87,2216,50,2984,81,2458,67,0.028312,29.06,0.0574
dc994880-1734-49cb-a79a-bf69fa07d3ae,Health & Fitness,Weight Loss,Dallas,One or Two 30-Min Cryotherapy Sessions at Renew Family Dentistry,"What We Offer: A comprehensive evaluation followed by a customized treatment plan. Our state-of-the-art facility features the latest equipment and technology, operated by practitioners with an average of 12 years of clinical experience. First-time patients receive a thorough consultation covering medical history, lifestyle factors, and treatment goals. Why You Should Grab This Offer: We believe in treating the root cause, not just symptoms. Our team works collaboratively to ensure continuity of care across visits. Follow-up sessions are scheduled based on your individual progress — no unnecessary upsells. Clients appreciate our straightforward approach and evidence-based methodology. Good to Know: Conveniently located in downtown Dallas with easy transit access. Online booking available with real-time availability. Walk-ins accepted for select services on weekdays.",Valid Mon-Fri only; Limit 1 per household; Appointment required; Not valid on holidays; Subject to availability; Excludes alcohol; New customers only; Cannot be combined with other offers; Expires 90 days from purchase,2,"Small, Large",49,126,0.6111,Renew Family Dentistry,3,37,2897,103,2231,82,2868,124,2930,94,1930,82,2888,110,2567,113,2055,104,0.03987,43.38,0.0837
a9fbefe5-8bdd-46d2-8233-6b31d446785e,Things to Do,Attractions,Seattle,Wonderful Adventure Awaits at Thrill Experiences,"Looking for something special? This deal has you covered. Great for individuals, couples, or groups. Flexible scheduling available. Check the fine print for full terms and restrictions. Voucher must be presented on arrival.",Photo ID required; New customers only; Must redeem within 30 days; Gratuity not included; Valid Mon-Fri only,4,"Quick Try, Half Day, Full Day Adventure, Private Group Experience",56,86,0.3488,Thrill Experiences,4,77,1655,34,1640,41,1881,60,567,13,1483,36,1985,44,1607,41,1210,27,0.024609,66.43,0.0344
e2509e0f-8060-4247-b8e9-089f8788ad92,Health & Fitness,Chiropractic,Boston,NAD+ Infusion or Glutathione IV Drip at Revive Chiropractic,"What We Offer: This package includes an initial assessment with a certified professional who will review your health history, discuss your goals, and create a personalized treatment or training plan. All sessions are one-on-one in a modern, fully equipped facility. Equipment is sanitized between each client. Why You Should Grab This Offer: Our practitioners hold nationally recognized certifications and undergo continuing education annually. We take a data-driven approach — your progress is tracked session to session, with adjustments made based on measurable outcomes, not guesswork. Over 85% of our clients report noticeable improvement within the first month. Good to Know: Flexible scheduling with morning, afternoon, and evening slots available. Located in Boston with free on-site parking. Insurance not accepted — all pricing is transparent and upfront with no hidden fees.",Valid for dine-in only; Valid Mon-Fri only; Cannot be combined with other offers; Limit 1 per household; Gratuity not included,4,"Single Trial, 4-Week Kickstart, 8-Week Transformation, 12-Week Complete Overhaul",55,101,0.4554,Revive Chiropractic,4,59,2508,189,1580,105,1920,135,2545,155,1818,124,1878,138,2289,116,2031,153,0.067294,62.41,0.09
ca8a3d79-91f5-4ef5-a3a2-fab85d9b4b56,Automotive,Inspection,Barcelona,"Hand Wash, Wax & Interior Vacuum at MotorCraft Car Wash & Detail","What Is Included: Up to five quarts of quality oil (synthetic blend or full synthetic depending on option purchased), standard oil filter, lubrication of chassis components per manufacturer specs, and a complimentary multi-point maintenance check. Our certified technicians perform an inspection covering fluid levels, tire pressure, battery test, wiper blades, headlights and taillights, air filter, and antifreeze/coolant levels. What Is Not Included: Extra quarts beyond five are available for an additional fee at time of service. Premium or canister filters available for purchase. European oil types not included. Why You Should Grab This Offer: Our ASE-certified technicians complete over 270 hours of professional training. No appointment needed — stay-in-your-car service completed in approximately 15-20 minutes. Contactless payment available. Good to Know: Valid at participating locations. Digital inspection report emailed after service. All work backed by a service guarantee.",Photo ID required; Subject to availability; Valid at Barcelona location only; Appointment required; Not valid Dec 24-Jan 2; Must present voucher on arrival; Limit 1 per household; Must be 18+; Gratuity not included,3,"Basic, Standard, Premium",55,80,0.3125,MotorCraft Car Wash & Detail,3,77,2391,156,1245,105,2708,207,2041,158,2562,177,3102,190,1230,119,2434,180,0.072941,66.06,0.0579
873707bb-694d-4417-bda1-3336071bf0a7,Health & Fitness,Dental,Denver,A Healthier You Starts at Apex Fitness Studio,"Treat yourself or someone special to this offer. Whether it's a birthday, anniversary, or just a Tuesday — you deserve something nice. Great quality at an unbeatable price. Restrictions may apply — see fine print for full details.",Excludes alcohol; Gratuity not included; Appointment required; Must present voucher on arrival,4,"Single Trial, 4-Week Kickstart, 8-Week Transformation, 12-Week Complete Overhaul",95,177,0.4633,Apex Fitness Studio,3,104,3661,108,3726,96,3229,105,3135,76,3290,74,3260,94,2780,54,3962,84,0.025552,121.74,0.0822
83a8d0d4-3df1-4026-9180-acf101c37a56,Automotive,Oil Change,Houston,4-Wheel Alignment at FastLane Motor Works,"What We Offer: A comprehensive vehicle service performed by trained technicians using manufacturer-approved parts and fluids. Service includes a detailed inspection report emailed to you upon completion, so you have a clear record of your vehicle's condition. No appointment necessary — walk-ins welcome 7 days a week. Why You Should Grab This Offer: We've serviced over 10,000 vehicles in Houston and consistently earn top ratings for speed, quality, and transparency. Our customers appreciate that we explain what we find, recommend only what's needed, and never pressure you into additional services. Every job is backed by a 12-month or 12,000-mile warranty on parts and labor. Good to Know: Most services completed in 30-60 minutes. Comfortable waiting area with complimentary Wi-Fi, coffee, and snacks. Shuttle service available within 5 miles for longer services. Ask about our fleet discount for businesses.",Appointment required; Photo ID required; Expires 90 days from purchase,1,Single Visit,34,79,0.5696,FastLane Motor Works,2,35,2065,43,1508,53,1668,44,1626,50,2077,79,1779,60,1867,49,1940,52,0.029594,34.7,0.064
197c2b18-f83d-4e24-9abf-31050f830651,Beauty & Spas,Nails,Houston,Glow Up w/ Services at Silk Spa,Experience the best that Houston has to offer with this popular deal. Thousands of Groupon customers have enjoyed this offer. Book now to secure your spot before availability runs out. See fine print for redemption details.,Limit 1 per household; Expires 90 days from purchase; Not valid Dec 24-Jan 2; Subject to availability; Valid Mon-Fri only,2,"Touch-Up, Head-to-Toe Glow",58,99,0.4141,Silk Spa,2,56,1369,13,2303,26,2788,36,1765,21,2591,29,2162,20,2299,21,2973,31,0.010795,84.36,0.0516
10f12daa-a38b-4e9d-a646-31095c25cf25,Things to Do,Attractions,Seattle,Unforgettable Fun at Freefall Activities,Highly rated by Groupon customers in Seattle. Easy online booking with instant confirmation. Satisfaction guaranteed or your money back. This deal won't last long — availability is limited.,Must redeem within 30 days; Valid Mon-Fri only,2,"Single, Double",52,118,0.5593,Freefall Activities,2,44,2481,31,1582,17,1376,15,1466,16,2567,35,2222,30,2661,41,1988,25,0.01285,51.81,0.0741
1cdf89af-299e-47d4-a4e8-8ebb7d755f94,Things to Do,Attractions,Manchester,Family-Friendly 90-Min Sightseeing Cruise w/ Drink at Skyline Escape Room,"What We Offer: An unforgettable activity designed for all skill levels. Whether you're a first-timer or a seasoned pro, our experienced staff will ensure you have a safe, enjoyable time. Sessions are structured with a brief orientation, the main activity, and time for questions or photos afterward. Groups of 6 or more receive a dedicated host. Why You Should Grab This Offer: This isn't a factory-line tourist trap — we limit capacity to maintain quality, so every guest gets real attention. Our facility has been recently renovated with state-of-the-art equipment. We've been voted one of Manchester's top activities on TripAdvisor for three consecutive years. Good to Know: Walk-ins welcome but reservations guarantee your spot during peak times. Private event bookings available for birthdays, team outings, and celebrations. Free parking on-site.",Promotional value expires 120 days after purchase; Not valid Dec 24-Jan 2; Valid at Manchester location only; Valid for dine-in only; Photo ID required; Must be 18+; Appointment required,1,1 Session,37,92,0.5978,Skyline Escape Room,2,74,1392,94,1912,117,1405,75,1451,92,1744,137,1372,81,1921,108,1410,95,0.063377,46.49,0.0732
f118fd2e-0d6a-47ce-b4b4-a45ad6a5f0a9,Beauty & Spas,Skin Care,New York,Enjoy a Fantastic Beauty Package at Opulent Beauty Studio,An opportunity to enjoy premium service at a fraction of the regular cost. Our customers love the convenience and value of this deal. Valid for the options listed. See fine print for scheduling and restrictions.,Merchant is solely responsible for care; Limit 1 per person; Valid for dine-in only,3,"1 Session, 3 Sessions, 5 Sessions",72,109,0.3394,Opulent Beauty Studio,3,78,887,16,948,20,762,19,702,14,1095,21,649,13,954,22,820,17,0.02083,69.66,0.0886
0f94a73e-c401-4d7f-95c6-ffcc923c5caf,Beauty & Spas,Nails,Boston,Refresh & Renew at Bliss Skin Lounge,An opportunity to enjoy premium service at a fraction of the regular cost. Our customers love the convenience and value of this deal. Valid for the options listed. See fine print for scheduling and restrictions.,48-hour cancellation policy; New customers only; Promotional value expires 120 days after purchase; Valid for dine-in only; Expires 90 days from purchase; Valid at Boston location only; Must be 18+,1,Single Visit,93,138,0.3261,Bliss Skin Lounge,4,89,2022,99,2402,116,2047,105,2019,97,1397,79,2698,132,2209,102,2049,115,0.050169,88.28,0.0987
469f6d69-8d60-4bee-abb2-3379fcfa5cc6,Automotive,Inspection,New York,Top-Rated Vehicle Service at MotorCraft Auto Center,Experience the best that New York has to offer with this popular deal. Thousands of Groupon customers have enjoyed this offer. Book now to secure your spot before availability runs out. See fine print for redemption details.,Valid for dine-in only; Excludes weekends & public holidays; No refunds after redemption; Photo ID required; Promotional value expires 120 days after purchase,3,"Basic, Standard, Premium",30,57,0.4737,MotorCraft Auto Center,4,93,1993,70,1593,51,1585,45,1813,54,1578,58,1516,57,1466,54,2196,73,0.033624,34.89,0.0529
1f2aec9e-b0a8-4481-b20b-db95b0eabbab,Home Services,HVAC,New York,Incredible Savings on Home Services at AllStar Home Services,Highly rated by Groupon customers in New York. Easy online booking with instant confirmation. Satisfaction guaranteed or your money back. This deal won't last long — availability is limited.,Subject to availability; Not valid Dec 24-Jan 2; Expires 90 days from purchase; Limit 1 per household; Valid Mon-Fri only; Must present voucher on arrival; Not valid on holidays; No refunds after redemption,4,"1 Visit, 3 Visits, 5 Visits, 10 Visits",159,249,0.3614,AllStar Home Services,4,110,5660,233,3698,145,4984,209,4028,240,2733,113,5706,257,2917,128,3974,183,0.044748,212.13,0.0846
1932f630-6822-42d9-8db9-606f7425f025,Food & Drink,Dining Cruises,Boston,Best Restaurant Deal in Boston at Golden Brasserie,Experience the best that Boston has to offer with this popular deal. Thousands of Groupon customers have enjoyed this offer. Book now to secure your spot before availability runs out. See fine print for redemption details.,Cannot be combined with other offers; Appointment required; Must be 18+; Valid Mon-Fri only; Valid at Boston location only; Subject to availability,3,"Option 1, Option 2, Option 3",18,35,0.4857,Golden Brasserie,5,50,2950,116,3721,137,2442,91,2670,81,2425,93,3391,136,3414,152,2892,116,0.038569,25.44,0.0981
a348ef13-906a-46b0-a3f6-048ce40318ec,Beauty & Spas,Spa,Los Angeles,Before & After Hair Transformation w/ Balayage & Deep Conditioning at Velvet Skin Lounge,"What We Offer: Relax and rejuvenate with a treatment designed to address your specific concerns. Our licensed therapists begin each session with a brief consultation to understand your goals — whether that's tension relief, skin rejuvenation, or overall wellness. All products are hypoallergenic and suited for sensitive skin. Why You Should Grab This Offer: We've served over 3,000 clients in Los Angeles and maintain a 4.7-star average across review platforms. Every treatment is performed in a calming, private environment with soft music and aromatherapy. We don't rush — your session time is your session time, no cutting corners. Good to Know: Complimentary hot tea and water provided. Free parking available. Same-day appointments available on weekdays. First-time clients receive a follow-up check-in call within 48 hours.",Valid for dine-in only; Not valid on holidays; Cannot be combined with other offers; New customers only; Must present voucher on arrival; Promotional value expires 120 days after purchase; Must redeem within 30 days; No cash value,4,"Option 1, Option 2, Option 3, Option 4",58,105,0.4476,Velvet Skin Lounge,2,16,4367,325,2344,138,3448,242,3777,288,3249,131,2914,168,4081,300,2693,172,0.065642,78.85,0.1063
bcffae7c-2b04-435b-95f5-c40e2dfce1bb,Travel,Hotels,London,Incredible Escape at Azure Suites,"Save on this top-rated experience in London. Whether you're a local or just visiting, this deal offers real value. Simple redemption — just show your voucher. See fine print for full details.",Appointment required; Limit 1 per household; Gratuity not included; No refunds after redemption,3,"Option 1, Option 2, Option 3",176,425,0.5859,Azure Suites,2,75,1797,27,2018,35,2052,43,2139,35,3275,33,2185,38,2800,44,2399,43,0.015966,178.85,0.0765
79018f13-39ad-4330-84f9-3631d371c441,Home Services,Handyman,Seattle,Trusted Service from Spotless Experts,"Treat yourself or someone special to this offer. Whether it's a birthday, anniversary, or just a Tuesday — you deserve something nice. Great quality at an unbeatable price. Restrictions may apply — see fine print for full details.",Excludes weekends & public holidays; Expires 90 days from purchase; Promotional value expires 120 days after purchase; 48-hour cancellation policy; Appointment required; No cash value; Gratuity not included; Must be 18+; New customers only,1,Full Home Treatment,70,169,0.5858,Spotless Experts,5,54,1426,88,1343,59,2409,136,2013,76,1935,89,1566,78,2113,108,1835,100,0.050137,119.65,0.0799
4af5bc4d-0275-4ddc-bbb1-404730d40c42,Beauty & Spas,Med Spa,Houston,Before & After Hair Transformation w/ Balayage & Deep Conditioning at Orchid Wellness Center,"What We Offer: Relax and rejuvenate with a treatment designed to address your specific concerns. Our licensed therapists begin each session with a brief consultation to understand your goals — whether that's tension relief, skin rejuvenation, or overall wellness. All products are hypoallergenic and suited for sensitive skin. Why You Should Grab This Offer: We've served over 3,000 clients in Houston and maintain a 4.7-star average across review platforms. Every treatment is performed in a calming, private environment with soft music and aromatherapy. We don't rush — your session time is your session time, no cutting corners. Good to Know: Complimentary hot tea and water provided. Free parking available. Same-day appointments available on weekdays. First-time clients receive a follow-up check-in call within 48 hours.",Photo ID required; No refunds after redemption; Valid Mon-Fri only; Limit 1 per person; Valid at Houston location only; Limit 1 per household; Excludes weekends & public holidays; Must redeem within 30 days,1,Complete Transformation,83,129,0.3566,Orchid Wellness Center,4,100,1420,127,2055,162,2650,238,2308,158,2415,249,2454,276,1962,135,2003,176,0.088087,106.94,0.0712
fbded634-6ba5-499e-a313-97a60a6f9ef1,Health & Fitness,Chiropractic,Los Angeles,One or Three Chiropractic Adjustments w/ Consultation at Wellness Health Center,"What We Offer: This package includes an initial assessment with a certified professional who will review your health history, discuss your goals, and create a personalized treatment or training plan. All sessions are one-on-one in a modern, fully equipped facility. Equipment is sanitized between each client. Why You Should Grab This Offer: Our practitioners hold nationally recognized certifications and undergo continuing education annually. We take a data-driven approach — your progress is tracked session to session, with adjustments made based on measurable outcomes, not guesswork. Over 85% of our clients report noticeable improvement within the first month. Good to Know: Flexible scheduling with morning, afternoon, and evening slots available. Located in Los Angeles with free on-site parking. Insurance not accepted — all pricing is transparent and upfront with no hidden fees.",New customers only; Valid Mon-Fri only; Promotional value expires 120 days after purchase,2,"Option 1, Option 2",84,227,0.63,Wellness Health Center,3,55,689,42,704,42,882,54,630,38,590,31,562,41,730,42,705,44,0.060816,92.31,0.0145
63bcea27-d84a-4931-b962-5b098003fe1f,Health & Fitness,Weight Loss,Manchester,"Invisalign Consultation + $1,000 Off Treatment at Genesis Performance Lab","What We Offer: This package includes an initial assessment with a certified professional who will review your health history, discuss your goals, and create a personalized treatment or training plan. All sessions are one-on-one in a modern, fully equipped facility. Equipment is sanitized between each client. Why You Should Grab This Offer: Our practitioners hold nationally recognized certifications and undergo continuing education annually. We take a data-driven approach — your progress is tracked session to session, with adjustments made based on measurable outcomes, not guesswork. Over 85% of our clients report noticeable improvement within the first month. Good to Know: Flexible scheduling with morning, afternoon, and evening slots available. Located in Manchester with free on-site parking. Insurance not accepted — all pricing is transparent and upfront with no hidden fees.",Must be 18+; Appointment required; Cannot be combined with other offers; Merchant is solely responsible for care; Not valid Dec 24-Jan 2,3,"Basic, Standard, Premium",101,157,0.3567,Genesis Performance Lab,3,94,826,52,1214,81,1160,73,1292,65,1135,62,568,30,799,46,1023,56,0.058002,99.17,0.0662
43651c4f-71ea-4557-8bdc-b4c2979a1484,Food & Drink,Dining Cruises,New York,Savor Delicious Flavors at Iron Bistro,Experience the best that New York has to offer with this popular deal. Thousands of Groupon customers have enjoyed this offer. Book now to secure your spot before availability runs out. See fine print for redemption details.,Valid for dine-in only; 48-hour cancellation policy; Appointment required; Valid at New York location only; Promotional value expires 120 days after purchase; Subject to availability; Limit 1 per person; Valid Mon-Fri only; New customers only; Merchant is solely responsible for care,4,"Quick Bite, Dinner for Two, Family Feast, Private Chef Experience",44,85,0.4824,Iron Bistro,4,50,2520,95,2363,114,3633,177,3545,199,3132,204,2883,163,3772,189,4223,195,0.051245,75.84,0.1105
4f8c8e0e-979a-48ce-9dda-9ea765c383c4,Health & Fitness,Chiropractic,Manchester,Feel Your Best at Vitality Dental,Highly rated by Groupon customers in Manchester. Easy online booking with instant confirmation. Satisfaction guaranteed or your money back. This deal won't last long — availability is limited.,Limit 1 per household; Gratuity not included; Valid for dine-in only; Promotional value expires 120 days after purchase; Not valid on holidays; Valid at Manchester location only; Photo ID required,4,"Single Trial, 4-Week Kickstart, 8-Week Transformation, 12-Week Complete Overhaul",128,258,0.5039,Vitality Dental,5,97,2674,49,3560,82,2699,42,2464,49,2207,49,2910,52,2791,69,2488,50,0.020282,126.98,0.0988
46904523-6dc7-41e4-9593-3dbc4c9f3a8b,Things to Do,Tours,Chicago,Family-Friendly 2-Hour Kayak or Paddleboard Rental at Summit Entertainment,"What We Offer: A hands-on experience that combines education and entertainment in a relaxed, welcoming environment. All materials, equipment, and instruction are included — just show up and enjoy. Sessions run for the duration listed and include a take-home component where applicable. Our instructors are patient, encouraging, and passionate about sharing their craft. Why You Should Grab This Offer: We believe the best experiences are the ones where you actually learn something new. Our sessions are designed to be approachable for complete beginners while still engaging for those with some background. Located in the heart of Chicago with a fun, social vibe that makes this ideal for date nights, friend outings, or family weekends. Good to Know: Ages 8 and up welcome (under 16 must be accompanied by a paying adult). Complimentary refreshments provided. Online booking with instant confirmation.",Valid for dine-in only; Valid at Chicago location only; Must present voucher on arrival; Must be 18+,2,"Option 1, Option 2",81,114,0.2895,Summit Entertainment,4,36,1790,170,1918,137,2343,191,1803,138,2489,179,1816,160,2458,204,1513,100,0.079293,94.19,0.0317
105674a1-aa7b-4412-bfaa-49b329117543,Things to Do,Entertainment,Seattle,Fun for Everyone at River Activities,Experience the best that Seattle has to offer with this popular deal. Thousands of Groupon customers have enjoyed this offer. Book now to secure your spot before availability runs out. See fine print for redemption details.,Photo ID required; Promotional value expires 120 days after purchase; Valid at Seattle location only; Not valid Dec 24-Jan 2; 48-hour cancellation policy; Limit 1 per person; Valid for dine-in only; Excludes alcohol,2,"1 Session, 3 Sessions",42,104,0.5962,River Activities,4,74,1908,57,2428,81,1622,48,2115,76,1578,48,1670,59,1480,54,1812,54,0.032642,54.25,0.082
483c989f-d70e-4fde-a4f1-14cd60c18948,Retail,Gifts,Houston,Portable Bluetooth Speaker — Waterproof,What's Included: Product ships within 2-3 business days via USPS or UPS with tracking number provided via email. Each item is quality-inspected before shipping and arrives in protective packaging. 30-day hassle-free returns accepted with original packaging — we'll provide a prepaid return label. Why You Should Grab This Offer: This product has been one of our top sellers with over 500 five-star reviews. Made with premium materials designed for daily use. Makes an excellent gift — arrives in presentation-ready packaging with the option to include a personalized gift note at checkout. Good to Know: Available in multiple sizes and colors — select your preferred option at checkout. Ships to all 50 US states. International shipping available for an additional fee. Bulk orders of 5+ units receive an automatic 10% discount.,New customers only; Merchant is solely responsible for care; Excludes alcohol; Not valid on holidays; Appointment required; Valid for dine-in only,1,Basic,40,56,0.2857,Bloom Supply,4,34,1847,158,2589,182,2811,163,2264,180,2238,152,2213,179,1588,95,2676,186,0.071052,47.78,0.0697
0e026c60-9e97-4f83-a53f-f35be5459ebb,Home Services,HVAC,Boston,Professional Care for Your Home at SafeGuard Cleaning Co.,Highly rated by Groupon customers in Boston. Easy online booking with instant confirmation. Satisfaction guaranteed or your money back. This deal won't last long — availability is limited.,Subject to availability; Appointment required,1,Single Visit,118,231,0.4892,SafeGuard Cleaning Co.,4,81,588,15,843,21,812,13,881,21,631,15,513,10,970,15,691,15,0.021083,124.56,0.0727
e1e78c66-8d08-49ba-958e-5a2a9b843956,Health & Fitness,Chiropractic,London,"Zoom Teeth Whitening — 20, 40, or 60-Min Treatment at Prime Med Center","What We Offer: A comprehensive evaluation followed by a customized treatment plan. Our state-of-the-art facility features the latest equipment and technology, operated by practitioners with an average of 12 years of clinical experience. First-time patients receive a thorough consultation covering medical history, lifestyle factors, and treatment goals. Why You Should Grab This Offer: We believe in treating the root cause, not just symptoms. Our team works collaboratively to ensure continuity of care across visits. Follow-up sessions are scheduled based on your individual progress — no unnecessary upsells. Clients appreciate our straightforward approach and evidence-based methodology. Good to Know: Conveniently located in downtown London with easy transit access. Online booking available with real-time availability. Walk-ins accepted for select services on weekdays.",Not valid Dec 24-Jan 2; Expires 90 days from purchase; Valid at London location only; Excludes weekends & public holidays; Gratuity not included,2,"1 Session, 3 Sessions",102,157,0.3503,Prime Med Center,5,22,1269,101,1581,117,1737,139,1115,106,1531,118,1182,108,1056,90,1661,149,0.083363,117.84,0.0731
1c285cf7-f822-4fd0-afe3-c9e88b77b585,Beauty & Spas,Hair,Denver,Ultimate Pampering Session at Pristine Beauty Studio,"Looking for something special? This deal has you covered. Great for individuals, couples, or groups. Flexible scheduling available. Check the fine print for full terms and restrictions. Voucher must be presented on arrival.",Valid for dine-in only; Limit 1 per household; Excludes alcohol; Promotional value expires 120 days after purchase; New customers only,1,Single Visit,120,161,0.2547,Pristine Beauty Studio,5,27,2431,92,2345,86,2353,86,1763,86,2955,108,2592,124,2496,90,2632,128,0.040885,133.62,0.0844
1c9824e8-6480-40dd-a3b6-8b6a4cd5e340,Food & Drink,Dining Cruises,Dallas,Food Lovers' Delight at Silver BBQ,"Save on this top-rated experience in Dallas. Whether you're a local or just visiting, this deal offers real value. Simple redemption — just show your voucher. See fine print for full details.",48-hour cancellation policy; Expires 90 days from purchase; Appointment required; Valid for dine-in only; Promotional value expires 120 days after purchase; Valid Mon-Fri only,3,"Small, Medium, Large",23,45,0.4889,Silver BBQ,3,10,3706,64,3295,67,2431,53,3687,75,2343,58,3480,65,3143,78,2661,50,0.020609,30.78,0.0905
b0da25e5-3469-42f8-9f90-5172cd690b04,Things to Do,Entertainment,San Francisco,Glow-in-the-Dark Mini Golf for Two or Four at Skyline Experiences,"What We Offer: A guided experience led by knowledgeable local experts who know every hidden gem in San Francisco. Small group sizes — maximum 12 participants — ensure a personal, interactive experience. All necessary equipment and materials are included in the price. No prior experience or special skills required. Why You Should Grab This Offer: We've hosted over 5,000 guests and maintain a 4.8-star rating. Our guides don't just walk you through the experience — they make it memorable with stories, tips, and insider knowledge you won't find in a guidebook. Perfect for families, couples, corporate outings, or solo adventurers. Good to Know: Open year-round, rain or shine (indoor alternatives available for weather-sensitive activities). Children under 12 must be accompanied by an adult. Gift cards available — makes a great last-minute present. Arrive 15 minutes before your scheduled start time.",Valid at San Francisco location only; Merchant is solely responsible for care; Not valid Dec 24-Jan 2; Subject to availability; Limit 1 per person; Excludes alcohol,3,"Basic, Standard, Premium",37,66,0.4394,Skyline Experiences,5,93,1424,66,1451,92,3114,162,3059,151,2762,144,1627,105,2636,142,3572,201,0.05411,42.5,0.0745
ca060bbc-6028-4d5a-a823-fd8309469fa3,Automotive,Tires,London,Top-Rated Vehicle Service at Midas Tire & Auto,Experience the best that London has to offer with this popular deal. Thousands of Groupon customers have enjoyed this offer. Book now to secure your spot before availability runs out. See fine print for redemption details.,Limit 1 per person; Valid at London location only; Photo ID required; Excludes weekends & public holidays; Limit 1 per household; Merchant is solely responsible for care; Excludes alcohol; Not valid Dec 24-Jan 2; Cannot be combined with other offers,2,"Basic, Standard",88,136,0.3529,Midas Tire & Auto,2,102,1554,19,1684,28,2088,32,1317,22,1374,24,2493,45,1635,27,1908,34,0.016438,86.73,0.0985
a3416534-5dc9-4318-b2ad-a441bed6c1d0,Food & Drink,Restaurants,Seattle,"Pizza, Appetizer & Two Drinks for Two at Sofia's Steakhouse","What We Offer: Enjoy a carefully curated dining experience prepared by our award-winning chef using locally sourced, seasonal ingredients. Each course is thoughtfully paired with beverages selected by our in-house sommelier. The menu changes quarterly to reflect the freshest produce available, so every visit offers something new. Vegetarian, vegan, and gluten-free options are always available — just let your server know. Why You Should Grab This Offer: We've been recognized by local food critics as one of Seattle's best-kept secrets, with a 4.6-star average on Google and Yelp. Our intimate dining room seats just 40 guests, creating a personal atmosphere you won't find at larger establishments. Private dining available for groups of 8 or more. Good to Know: Reservations recommended, especially on weekends. Free street parking available after 6 PM. Kids' menu available for diners under 12.",Not valid Dec 24-Jan 2; Valid at Seattle location only; Valid Mon-Fri only; Excludes weekends & public holidays; Must present voucher on arrival; Cannot be combined with other offers; Valid for dine-in only,2,"Small, Large",15,24,0.375,Sofia's Steakhouse,2,102,2296,76,3142,112,2588,82,3437,150,2463,85,3798,156,2679,100,2052,74,0.037185,16.82,0.1311
a4f91818-960e-494f-a944-33b2d8212a14,Health & Fitness,Wellness,London,"Dental Exam, Cleaning & X-Ray at Revive Med Center","What We Offer: A comprehensive evaluation followed by a customized treatment plan. Our state-of-the-art facility features the latest equipment and technology, operated by practitioners with an average of 12 years of clinical experience. First-time patients receive a thorough consultation covering medical history, lifestyle factors, and treatment goals. Why You Should Grab This Offer: We believe in treating the root cause, not just symptoms. Our team works collaboratively to ensure continuity of care across visits. Follow-up sessions are scheduled based on your individual progress — no unnecessary upsells. Clients appreciate our straightforward approach and evidence-based methodology. Good to Know: Conveniently located in downtown London with easy transit access. Online booking available with real-time availability. Walk-ins accepted for select services on weekdays.",Subject to availability; No refunds after redemption; Must redeem within 30 days; Must be 18+; Excludes weekends & public holidays; New customers only; Not valid Dec 24-Jan 2; No cash value; Valid at London location only,4,"1 Visit, 3 Visits, 5 Visits, 10 Visits",48,100,0.52,Revive Med Center,2,69,3427,105,2335,97,2327,90,2871,73,2161,76,2022,63,2620,85,2492,81,0.033078,55.68,0.1273
c312e50b-43d5-4f3a-b2c8-cd1fc78929a7,Automotive,Oil Change,New York,Best Auto Deal in New York at MotorCraft Auto Spa,This is a deal you won't want to miss. Perfect for anyone looking for a great experience at a great price. Limited availability — grab it before it's gone. Valid for new and existing customers. See fine print for full details and restrictions.,Subject to availability; Valid for dine-in only; Must be 18+; Limit 1 per household; Valid at New York location only; New customers only; 48-hour cancellation policy,4,"1 Visit, 3 Visits, 5 Visits, 10 Visits",83,117,0.2906,MotorCraft Auto Spa,2,43,1830,25,2175,20,1929,22,1813,23,1930,26,2535,28,2392,29,1586,22,0.012044,98.57,0.1495
b3b809e1-013e-494c-817e-f59a304cb445,Travel,Resorts,Manchester,Incredible Escape at Riviera Retreat,This is a deal you won't want to miss. Perfect for anyone looking for a great experience at a great price. Limited availability — grab it before it's gone. Valid for new and existing customers. See fine print for full details and restrictions.,Limit 1 per person; Photo ID required; No cash value; Expires 90 days from purchase; 48-hour cancellation policy; New customers only,2,"Basic, Standard",163,289,0.436,Riviera Retreat,4,52,4257,182,3889,116,4073,73,3600,80,4814,127,1803,51,3003,62,3947,103,0.02702,203.54,0.0969
94f41a01-4d3e-4dc6-a788-bec7b26f0e0a,Automotive,Oil Change,Houston,Keep Your Car Running Great at TopGear Service Center,"Save on this top-rated experience in Houston. Whether you're a local or just visiting, this deal offers real value. Simple redemption — just show your voucher. See fine print for full details.",Excludes weekends & public holidays; Excludes alcohol; Not valid on holidays; Must be 18+; No cash value,1,Standard,38,75,0.4933,TopGear Service Center,2,71,878,8,1695,22,1336,15,784,7,1389,18,1328,12,1169,14,1273,12,0.010962,30.86,0.0764
5fdfafd8-2820-4206-b067-0c8010bfe253,Retail,Home Goods,San Francisco,"Organic Skincare Set — Cleanser, Serum & Moisturizer",What's Included: Product ships within 2-3 business days via USPS or UPS with tracking number provided via email. Each item is quality-inspected before shipping and arrives in protective packaging. 30-day hassle-free returns accepted with original packaging — we'll provide a prepaid return label. Why You Should Grab This Offer: This product has been one of our top sellers with over 500 five-star reviews. Made with premium materials designed for daily use. Makes an excellent gift — arrives in presentation-ready packaging with the option to include a personalized gift note at checkout. Good to Know: Available in multiple sizes and colors — select your preferred option at checkout. Ships to all 50 US states. International shipping available for an additional fee. Bulk orders of 5+ units receive an automatic 10% discount.,Limit 1 per household; Not valid Dec 24-Jan 2; No refunds after redemption; No cash value; Must be 18+,2,"Option 1, Option 2",25,41,0.3902,Urban Shop,3,88,2182,73,3082,142,2329,128,2972,132,2066,99,3046,181,2537,103,1467,63,0.046796,27.71,0.0845
aed55fa8-86d2-4cd8-962e-fe6d2ec6c4ba,Food & Drink,Meal Kits,Manchester,"Pizza, Appetizer & Two Drinks for Two at Sage Kitchen","What We Offer: Enjoy a carefully curated dining experience prepared by our award-winning chef using locally sourced, seasonal ingredients. Each course is thoughtfully paired with beverages selected by our in-house sommelier. The menu changes quarterly to reflect the freshest produce available, so every visit offers something new. Vegetarian, vegan, and gluten-free options are always available — just let your server know. Why You Should Grab This Offer: We've been recognized by local food critics as one of Manchester's best-kept secrets, with a 4.6-star average on Google and Yelp. Our intimate dining room seats just 40 guests, creating a personal atmosphere you won't find at larger establishments. Private dining available for groups of 8 or more. Good to Know: Reservations recommended, especially on weekends. Free street parking available after 6 PM. Kids' menu available for diners under 12.",New customers only; Expires 90 days from purchase; Not valid Dec 24-Jan 2; No cash value; Promotional value expires 120 days after purchase,3,"Option 1, Option 2, Option 3",10,20,0.5,Sage Kitchen,3,71,583,26,678,42,671,29,858,52,772,48,577,33,826,46,597,39,0.056634,13.96,0.0398
4804405b-dc11-4ee9-a762-eff8465406ce,Things to Do,Classes,Houston,Explore & Enjoy at City Tours,"Treat yourself or someone special to this offer. Whether it's a birthday, anniversary, or just a Tuesday — you deserve something nice. Great quality at an unbeatable price. Restrictions may apply — see fine print for full details.",Excludes weekends & public holidays; No cash value; Limit 1 per household; New customers only; Gratuity not included; Valid Mon-Fri only,3,"Basic, Standard, Premium",35,61,0.4262,City Tours,4,20,1314,66,1860,94,2181,97,1982,77,1872,85,2532,172,1915,117,1858,95,0.05176,39.04,0.0704
6d4d0acc-79dc-45cc-a042-ad852bf26a0f,Travel,Hotels,Birmingham,1 or 2-Night Stay in Oceanfront Suite w/ Breakfast at Crest Suites,"What We Offer: An all-inclusive getaway that covers accommodation, meals, and select activities. The property is situated in a scenic location with easy access to local attractions, hiking trails, or beach — depending on the destination. Each room is individually appointed with modern amenities including smart TV, high-speed Wi-Fi, and luxury bathroom products. Why You Should Grab This Offer: This deal includes extras that would cost significantly more if booked separately. The property maintains a 4.5-star guest rating and is known for going above and beyond — from welcome drinks at check-in to personalized restaurant recommendations from the concierge. Ideal for couples, small families, or anyone who needs a proper break. Good to Know: Valid for the dates and room type specified in your option. Upgrades available at check-in (subject to availability). Airport transfer can be arranged for an additional fee. Resort fee included — no surprise charges.",Must redeem within 30 days; Promotional value expires 120 days after purchase; Valid at Birmingham location only; Valid Mon-Fri only; Excludes alcohol; Limit 1 per household,4,"Overnight Stay, Weekend Escape, Week-Long Retreat",216,482,0.5519,Crest Suites,2,14,488,20,430,21,636,35,730,37,570,22,463,19,726,35,421,14,0.045475,264.56,0.0643
02d09417-209d-4a91-9079-f3d410fd624b,Food & Drink,Restaurants,London,Dine & Unwind at Iron Trattoria,Highly rated by Groupon customers in London. Easy online booking with instant confirmation. Satisfaction guaranteed or your money back. This deal won't last long — availability is limited.,Must present voucher on arrival; Must be 18+,4,"Quick Bite, Dinner for Two, Family Feast, Private Chef Experience",13,34,0.6176,Iron Trattoria,4,119,1147,30,713,27,1416,58,1017,29,1105,39,1172,34,759,27,734,29,0.033858,19.01,0.0921
9a46c3d8-d74d-4f0a-b16d-3937ffb141a8,Automotive,Detailing,London,Drive w/ Confidence After Visiting SpeedWay Motor Works,This is a deal you won't want to miss. Perfect for anyone looking for a great experience at a great price. Limited availability — grab it before it's gone. Valid for new and existing customers. See fine print for full details and restrictions.,Must be 18+; 48-hour cancellation policy; Valid Mon-Fri only; Merchant is solely responsible for care; Appointment required; Subject to availability; Gratuity not included; Not valid Dec 24-Jan 2,3,"Small, Medium, Large",33,53,0.3774,SpeedWay Motor Works,4,108,1416,128,1219,91,1283,80,1455,115,2391,153,1331,100,1077,83,1675,120,0.073436,33.91,0.117
18c6f289-e99a-40ae-a5f8-d5e7825eba27,Food & Drink,Restaurants,Dallas,Fantastic Food & Drinks at Maple Bistro,A great way to try something new without breaking the bank. This deal has been popular with Groupon customers. Limited quantities available. Valid only for the option purchased. See fine print for all terms.,Limit 1 per household; Must present voucher on arrival; Excludes alcohol; Merchant is solely responsible for care,2,"Single, Double",38,61,0.377,Maple Bistro,3,56,1568,24,1946,30,2398,56,1644,31,2449,32,2040,31,1993,39,1927,35,0.017413,33.96,0.0574
71ea881d-9f3f-4ee4-88a5-82f5e0c1e9b4,Food & Drink,Dining Cruises,London,Food Lovers' Delight at Fig & Honey Steakhouse,"Treat yourself or someone special to this offer. Whether it's a birthday, anniversary, or just a Tuesday — you deserve something nice. Great quality at an unbeatable price. Restrictions may apply — see fine print for full details.",Excludes alcohol; Subject to availability; Valid for dine-in only; Valid Mon-Fri only; Merchant is solely responsible for care; No cash value,1,Chef's Experience,20,36,0.4444,Fig & Honey Steakhouse,2,111,1785,20,1772,29,1649,21,2076,33,1507,20,1645,23,1373,20,1130,19,0.0143,26.98,0.0633
38dcc5a0-c4d1-489c-8431-c556b03c27ad,Beauty & Spas,Hair,Houston,Pamper Yourself w/ Luxurious Treatments at Radiant Day Spa,This is a deal you won't want to miss. Perfect for anyone looking for a great experience at a great price. Limited availability — grab it before it's gone. Valid for new and existing customers. See fine print for full details and restrictions.,Appointment required; Not valid Dec 24-Jan 2; Limit 1 per person,3,"Basic, Standard, Premium",38,86,0.5581,Radiant Day Spa,2,19,3531,80,3029,61,3197,65,2201,42,2831,53,2149,39,2884,43,2600,56,0.019579,50.25,0.1016
fcabb52b-5a23-43e7-b9b8-b9a6d95e0203,Food & Drink,Dining Cruises,Chicago,Enjoy a Night Out at Iron Bistro,An opportunity to enjoy premium service at a fraction of the regular cost. Our customers love the convenience and value of this deal. Valid for the options listed. See fine print for scheduling and restrictions.,No refunds after redemption; Excludes alcohol; Expires 90 days from purchase; Appointment required; Must present voucher on arrival; Not valid Dec 24-Jan 2,4,"1 Visit, 3 Visits, 5 Visits, 10 Visits",34,74,0.5405,Iron Bistro,2,95,1518,55,2772,82,2052,58,1876,54,2281,72,1945,52,2030,37,1465,43,0.028421,39.84,0.0671
9536512d-8cc4-44e9-8bb0-f135fd443435,Beauty & Spas,Spa,Denver,One or Three 60-Minute HydroFacials at Ruby Beauty Bar,"What We Offer: Relax and rejuvenate with a treatment designed to address your specific concerns. Our licensed therapists begin each session with a brief consultation to understand your goals — whether that's tension relief, skin rejuvenation, or overall wellness. All products are hypoallergenic and suited for sensitive skin. Why You Should Grab This Offer: We've served over 3,000 clients in Denver and maintain a 4.7-star average across review platforms. Every treatment is performed in a calming, private environment with soft music and aromatherapy. We don't rush — your session time is your session time, no cutting corners. Good to Know: Complimentary hot tea and water provided. Free parking available. Same-day appointments available on weekdays. First-time clients receive a follow-up check-in call within 48 hours.",Must present voucher on arrival; New customers only; Limit 1 per person; Valid at Denver location only; Valid for dine-in only; Appointment required; Must redeem within 30 days,4,"Mini Refresh, Classic Treatment, Luxury Package, Ultimate Transformation",107,147,0.2721,Ruby Beauty Bar,4,12,1649,110,1109,86,1173,76,1261,88,1174,86,813,63,850,55,1371,122,0.072979,134.68,0.0971
60f05cb6-b2d0-4d66-8cb2-408948128e08,Travel,Hotels,Dallas,1 or 2-Night Stay in Oceanfront Suite w/ Breakfast at Palm Inn,"What We Offer: A relaxing stay at a hand-picked property featuring on-site dining, pool, fitness center, and complimentary Wi-Fi throughout. Your rate includes daily breakfast for two, served in our dining room or delivered to your suite. Rooms feature premium linens, blackout curtains, a Nespresso machine, and a fully stocked minibar (charges apply). Why You Should Grab This Offer: Escape the routine without the hassle of planning every detail. We've partnered with this property specifically for its combination of location, amenities, and service quality. Guest reviews consistently highlight the friendly staff, clean rooms, and excellent breakfast spread. Good to Know: Check-in from 3 PM, checkout by 11 AM. Late checkout available upon request (subject to availability). Free cancellation up to 48 hours before arrival. Parking included. Pet-friendly rooms available on request at select properties.",Not valid on holidays; Expires 90 days from purchase; No refunds after redemption; Cannot be combined with other offers; New customers only; Excludes alcohol; Valid Mon-Fri only; Gratuity not included; Excludes weekends & public holidays; Limit 1 per person,3,"Basic, Standard, Premium",179,298,0.3993,Palm Inn,3,9,1113,59,1052,45,665,35,999,39,927,46,878,39,1169,52,1148,56,0.046661,197.92,0.0426
ee872e11-b9af-46b8-9947-ceade9c84dbf,Home Services,Pest Control,Los Angeles,Termite Inspection & Treatment Plan at FirstRate Care,"What We Offer: Professional-grade service performed by trained technicians using commercial equipment. We begin with an assessment of the scope of work, provide a clear explanation of what we'll do, and complete the job efficiently with minimal disruption to your day. A post-service report is provided summarizing what was done and any recommendations for future maintenance. Why You Should Grab This Offer: Homeowners often put off this type of maintenance because they don't know who to trust. We make it easy: fixed pricing (no hourly billing surprises), certified technicians, and a workmanship warranty. Our Groupon customers routinely become repeat clients. Good to Know: Appointment required — book online or by phone. Available Monday through Saturday, 8 AM to 6 PM. Ask about our seasonal maintenance packages for ongoing care.",Excludes weekends & public holidays; Valid at Los Angeles location only; Promotional value expires 120 days after purchase; No cash value; Must present voucher on arrival; Expires 90 days from purchase; Must be 18+,3,"Basic, Standard, Premium",159,234,0.3205,FirstRate Care,4,10,2983,172,2734,186,2144,122,2161,122,2748,177,2885,234,2193,159,1750,107,0.065262,161.06,0.1015
8a3e12c2-f686-4995-a954-6559ed5b0296,Home Services,Pest Control,Chicago,Amazing Home Service at FirstRate Care,Experience the best that Chicago has to offer with this popular deal. Thousands of Groupon customers have enjoyed this offer. Book now to secure your spot before availability runs out. See fine print for redemption details.,Valid Mon-Fri only; Expires 90 days from purchase; Must present voucher on arrival; No refunds after redemption; 48-hour cancellation policy; No cash value; Must redeem within 30 days; Merchant is solely responsible for care; New customers only; Gratuity not included,2,"Small, Large",123,170,0.2765,FirstRate Care,3,17,1987,48,1518,19,1653,49,1719,50,1440,36,966,17,1412,27,829,33,0.02421,159.35,0.068
1b3bd0cf-fa19-450f-ab87-a0a4f0abb025,Health & Fitness,Chiropractic,Dallas,Boost Your Health w/ Fantastic Services at Peak Fitness Studio,This is a deal you won't want to miss. Perfect for anyone looking for a great experience at a great price. Limited availability — grab it before it's gone. Valid for new and existing customers. See fine print for full details and restrictions.,Limit 1 per household; No cash value; New customers only; Not valid on holidays; Merchant is solely responsible for care,4,"Single Trial, 4-Week Kickstart, 8-Week Transformation, 12-Week Complete Overhaul",124,272,0.5441,Peak Fitness Studio,3,117,1648,23,2733,46,2671,45,1073,14,2071,36,1709,33,2376,54,1673,35,0.017927,158.51,0.0135
606037cb-08a7-4cda-af03-58d743bb9ecc,Automotive,Oil Change,Madrid,4-Wheel Alignment at DriveClean Auto Center,"What We Offer: A comprehensive vehicle service performed by trained technicians using manufacturer-approved parts and fluids. Service includes a detailed inspection report emailed to you upon completion, so you have a clear record of your vehicle's condition. No appointment necessary — walk-ins welcome 7 days a week. Why You Should Grab This Offer: We've serviced over 10,000 vehicles in Madrid and consistently earn top ratings for speed, quality, and transparency. Our customers appreciate that we explain what we find, recommend only what's needed, and never pressure you into additional services. Every job is backed by a 12-month or 12,000-mile warranty on parts and labor. Good to Know: Most services completed in 30-60 minutes. Comfortable waiting area with complimentary Wi-Fi, coffee, and snacks. Shuttle service available within 5 miles for longer services. Ask about our fleet discount for businesses.",Excludes weekends & public holidays; Excludes alcohol; Gratuity not included,2,"Small, Large",69,78,0.1154,DriveClean Auto Center,3,38,1271,13,1365,15,587,6,1083,11,844,10,790,9,614,8,1048,13,0.011181,76.12,0.0217
3c76a314-fdc9-4902-bf91-554b612ca45f,Beauty & Spas,Nails,Miami,Ultimate Pampering Session at Serene Scalp Care Spa,Highly rated by Groupon customers in Miami. Easy online booking with instant confirmation. Satisfaction guaranteed or your money back. This deal won't last long — availability is limited.,Expires 90 days from purchase; Not valid on holidays; Not valid Dec 24-Jan 2,4,"1 Visit, 3 Visits, 5 Visits, 10 Visits",43,99,0.5657,Serene Scalp Care Spa,2,30,461,10,662,15,649,12,587,10,475,7,357,7,417,8,322,5,0.01883,45.29,0.0382
c49f687f-174c-4519-9224-c08df9c469e6,Travel,Resorts,Miami,Best Vacation Deal at Golden Gate Lodge,Highly rated by Groupon customers in Miami. Easy online booking with instant confirmation. Satisfaction guaranteed or your money back. This deal won't last long — availability is limited.,New customers only; Merchant is solely responsible for care; Photo ID required; Excludes weekends & public holidays; Subject to availability,4,"Overnight Stay, Weekend Escape, Week-Long Retreat",183,278,0.3417,Golden Gate Lodge,4,87,1599,76,2268,128,1603,66,1768,69,2123,77,1524,44,1537,66,1926,75,0.041887,199.49,0.0854
ac90868f-607b-4cd7-9ba5-cca30134fae4,Home Services,Handyman,Denver,Fantastic Professional Service at SafeGuard Maintenance,Experience the best that Denver has to offer with this popular deal. Thousands of Groupon customers have enjoyed this offer. Book now to secure your spot before availability runs out. See fine print for redemption details.,Valid at Denver location only; No cash value; Merchant is solely responsible for care; Not valid Dec 24-Jan 2; Limit 1 per person; Appointment required; Expires 90 days from purchase; Subject to availability,4,"1 Visit, 3 Visits, 5 Visits, 10 Visits",73,129,0.4341,SafeGuard Maintenance,1,98,1877,20,1521,17,1504,18,1323,16,1663,20,1604,22,1627,20,1514,18,0.011953,83.78,0.0469
2f6ad837-49c6-4d53-b4ee-f1b085ec6af6,Things to Do,Classes,Boston,Family-Friendly Tandem Skydive w/ Video Package at Wildcard Fun Zone,"What We Offer: An unforgettable activity designed for all skill levels. Whether you're a first-timer or a seasoned pro, our experienced staff will ensure you have a safe, enjoyable time. Sessions are structured with a brief orientation, the main activity, and time for questions or photos afterward. Groups of 6 or more receive a dedicated host. Why You Should Grab This Offer: This isn't a factory-line tourist trap — we limit capacity to maintain quality, so every guest gets real attention. Our facility has been recently renovated with state-of-the-art equipment. We've been voted one of Boston's top activities on TripAdvisor for three consecutive years. Good to Know: Walk-ins welcome but reservations guarantee your spot during peak times. Private event bookings available for birthdays, team outings, and celebrations. Free parking on-site.",Not valid on holidays; Valid Mon-Fri only; Not valid Dec 24-Jan 2; Limit 1 per person; Limit 1 per household; Appointment required,3,"Basic, Standard, Premium",75,109,0.3119,Wildcard Fun Zone,1,77,3667,290,3235,285,4276,335,1817,167,4950,461,3078,230,2810,176,2968,169,0.07884,79.49,0.1382
e9f25955-749c-4264-a8f4-0b16319b9aca,Automotive,Detailing,San Francisco,Keep Your Car Running Great at ProTech Auto Care,An opportunity to enjoy premium service at a fraction of the regular cost. Our customers love the convenience and value of this deal. Valid for the options listed. See fine print for scheduling and restrictions.,Not valid Dec 24-Jan 2; Appointment required; Cannot be combined with other offers; Promotional value expires 120 days after purchase,4,"1 Visit, 3 Visits, 5 Visits, 10 Visits",51,88,0.4205,ProTech Auto Care,5,37,1576,45,1899,63,2449,85,1229,41,2030,71,2062,68,2677,114,1559,44,0.0343,64.2,0.052
3accde79-b88e-47cc-9f2c-6ec84710f35f,Home Services,Landscaping,London,Premium Home Maintenance at TruGuard Care,"Treat yourself or someone special to this offer. Whether it's a birthday, anniversary, or just a Tuesday — you deserve something nice. Great quality at an unbeatable price. Restrictions may apply — see fine print for full details.",Valid at London location only; Gratuity not included; No cash value; Merchant is solely responsible for care; Must present voucher on arrival; Must be 18+; Excludes alcohol; Not valid on holidays,3,"Single Room, Multi-Room Package, Complete Home Overhaul",82,191,0.5707,TruGuard Care,2,70,2139,34,1322,18,1400,21,2091,26,2059,18,2508,27,1591,17,1646,17,0.012063,141.29,0.0944
b95a4acc-1e95-40c0-881b-4d1e69950788,Beauty & Spas,Med Spa,New York,Solo or Couples 90-Min Swedish Massage w/ Aromatherapy at Bliss Salon,"During the procedure, a licensed professional uses specialized equipment to target problem areas. The treatment is non-invasive and typically takes 45-60 minutes per session. Clients may experience mild redness for 1-2 hours post-treatment, which subsides naturally. What We Offer: Choose from single sessions or multi-session packages for best results. All treatments are performed in a private, sanitized room using FDA-approved devices. A patch test is included for first-time clients at no extra charge. Why You Should Grab This Offer: Rated 4.8 stars by over 200 Groupon customers. Our board-certified staff combines clinical expertise with a relaxing spa atmosphere — so you get real results without the clinical feel. Results are cumulative; most clients see noticeable improvement after 2-3 sessions. Good to Know: New and returning clients welcome. Consultation required before first treatment — if you are ineligible, a full refund will be provided.",Photo ID required; Valid for dine-in only; Must redeem within 30 days; Subject to availability,2,"Single, Double",40,107,0.6262,Bliss Salon,2,105,1992,79,2032,86,1655,78,2122,86,1549,64,2241,97,2363,121,2045,110,0.045065,44.47,0.0495
19b9ac8b-b82f-4e61-8a6d-ce2099176a8a,Travel,Getaways,Barcelona,1 or 2-Night Stay in Oceanfront Suite w/ Breakfast at Royal Inn,"What We Offer: An all-inclusive getaway that covers accommodation, meals, and select activities. The property is situated in a scenic location with easy access to local attractions, hiking trails, or beach — depending on the destination. Each room is individually appointed with modern amenities including smart TV, high-speed Wi-Fi, and luxury bathroom products. Why You Should Grab This Offer: This deal includes extras that would cost significantly more if booked separately. The property maintains a 4.5-star guest rating and is known for going above and beyond — from welcome drinks at check-in to personalized restaurant recommendations from the concierge. Ideal for couples, small families, or anyone who needs a proper break. Good to Know: Valid for the dates and room type specified in your option. Upgrades available at check-in (subject to availability). Airport transfer can be arranged for an additional fee. Resort fee included — no surprise charges.",Not valid Dec 24-Jan 2; Limit 1 per household; No refunds after redemption; Expires 90 days from purchase; Gratuity not included,3,"Overnight Stay, Weekend Escape, Week-Long Retreat",170,326,0.4785,Royal Inn,2,104,2295,121,2234,122,3635,176,2956,178,1583,99,1559,114,2845,133,3102,165,0.054827,201.92,0.0674
0b1eda9d-f958-4f24-b345-c1dfe93da37b,Things to Do,Tours,San Francisco,Glow-in-the-Dark Mini Golf for Two or Four at Explorer Excursions,"What We Offer: A hands-on experience that combines education and entertainment in a relaxed, welcoming environment. All materials, equipment, and instruction are included — just show up and enjoy. Sessions run for the duration listed and include a take-home component where applicable. Our instructors are patient, encouraging, and passionate about sharing their craft. Why You Should Grab This Offer: We believe the best experiences are the ones where you actually learn something new. Our sessions are designed to be approachable for complete beginners while still engaging for those with some background. Located in the heart of San Francisco with a fun, social vibe that makes this ideal for date nights, friend outings, or family weekends. Good to Know: Ages 8 and up welcome (under 16 must be accompanied by a paying adult). Complimentary refreshments provided. Online booking with instant confirmation.",Excludes weekends & public holidays; Promotional value expires 120 days after purchase; Appointment required; Limit 1 per person,3,"Option 1, Option 2, Option 3",25,49,0.4898,Explorer Excursions,3,86,1660,93,1754,66,2037,80,2281,102,2559,152,1488,61,2249,103,2268,113,0.047251,23.86,0.0617
94d8192d-8d4d-4054-a43a-af5e628e4763,Beauty & Spas,Med Spa,Los Angeles,Before & After Smile Transformation — Zoom Whitening at Opulent Spa,"What We Offer: Relax and rejuvenate with a treatment designed to address your specific concerns. Our licensed therapists begin each session with a brief consultation to understand your goals — whether that's tension relief, skin rejuvenation, or overall wellness. All products are hypoallergenic and suited for sensitive skin. Why You Should Grab This Offer: We've served over 3,000 clients in Los Angeles and maintain a 4.7-star average across review platforms. Every treatment is performed in a calming, private environment with soft music and aromatherapy. We don't rush — your session time is your session time, no cutting corners. Good to Know: Complimentary hot tea and water provided. Free parking available. Same-day appointments available on weekdays. First-time clients receive a follow-up check-in call within 48 hours.",Subject to availability; Not valid on holidays; Limit 1 per person; Excludes alcohol; Merchant is solely responsible for care; Not valid Dec 24-Jan 2; Valid for dine-in only; Appointment required; New customers only; Must redeem within 30 days,2,"Basic, Standard",34,74,0.5405,Opulent Spa,2,20,2390,158,2062,165,2582,161,2320,180,2681,206,2612,206,2182,185,2244,194,0.076286,40.96,0.0771
8bfc13ba-1a46-4d91-870d-9e3f3ab3c2fd,Health & Fitness,Chiropractic,Barcelona,1 or 3 Colon Hydrotherapy Sessions at Wellness Health Center,"What We Offer: Choose from single or multi-session packages designed to fit your health goals. Each session begins with a brief check-in to assess how you're feeling and adjust the plan as needed. Our facility is ADA-accessible, climate-controlled, and equipped with the latest diagnostic and therapeutic tools. Why You Should Grab This Offer: Over 1,500 clients in Barcelona have trusted us with their care. We maintain a 4.6-star rating on Google with particular praise for our professional, no-pressure approach. Every treatment is backed by a satisfaction guarantee — if you're not happy with your experience, we'll work to make it right. Good to Know: Extended hours available Tuesday through Thursday until 8 PM. Bring comfortable clothing for movement-based sessions. Free consultation for first-time clients to determine the best treatment path.",Must present voucher on arrival; Gratuity not included; Valid Mon-Fri only,1,Basic,121,182,0.3352,Wellness Health Center,3,83,1934,71,1684,83,1735,71,1929,102,2324,129,1823,97,1762,90,1493,81,0.049305,146.84,0.1053
41609ffc-c41e-4a39-8cb0-d4ede24f0b94,Retail,Home Goods,Seattle,Best Deal on Premium Products,"Save on this top-rated experience in Seattle. Whether you're a local or just visiting, this deal offers real value. Simple redemption — just show your voucher. See fine print for full details.",Gratuity not included; Excludes weekends & public holidays; 48-hour cancellation policy; Not valid on holidays; No cash value,3,"Sample Pack, Full Set, Deluxe Gift Box",54,77,0.2987,Willow Emporium,2,26,3761,41,4497,49,4513,60,4999,63,5186,80,4543,48,4502,64,3015,43,0.012794,63.11,0.0995
80bc28ca-6c6f-42cf-aa79-ef3ebfdc2e69,Retail,Electronics,Miami,Portable Bluetooth Speaker — Waterproof,"What's Included: Your order includes everything listed in the product description — no additional purchases required. Each item is manufactured to strict quality standards with durable materials built to last. Detailed care instructions included in the box. Why You Should Grab This Offer: We've sold over 10,000 units of this product and maintain a 4.5-star average rating. Customer favorites include the build quality, packaging, and fast shipping. Perfect as a treat for yourself or as a thoughtful gift for someone special. We stand behind every product with a 1-year manufacturer warranty. Good to Know: Ships from our US-based warehouse. Standard shipping takes 3-5 business days. Express shipping available at checkout for an additional fee. Contact our customer service team for any questions — average response time under 4 hours.",Valid for dine-in only; Promotional value expires 120 days after purchase; Not valid Dec 24-Jan 2,2,"1 Session, 3 Sessions",167,304,0.4507,Scout Collection,3,84,2293,12,2046,10,1160,7,2284,11,1733,8,1988,12,2231,12,1705,12,0.00544,206.19,0.0273
f05e9b62-28a8-4219-beb9-9ec416a0445e,Food & Drink,Cafes & Bakeries,Barcelona,Treat Your Taste Buds at Sofia's Brasserie,A great way to try something new without breaking the bank. This deal has been popular with Groupon customers. Limited quantities available. Valid only for the option purchased. See fine print for all terms.,Valid Mon-Fri only; Appointment required; Promotional value expires 120 days after purchase; Must redeem within 30 days,4,"Option 1, Option 2, Option 3, Option 4",27,54,0.5,Sofia's Brasserie,2,74,996,13,781,10,838,14,940,10,509,8,964,18,671,8,787,12,0.014339,21.6,0.05
250365ef-3444-411b-a08c-810ccac5a7f6,Travel,Resorts,Manchester,Amazing Hotel Getaway at Sunrise Inn,"Save on this top-rated experience in Manchester. Whether you're a local or just visiting, this deal offers real value. Simple redemption — just show your voucher. See fine print for full details.",Not valid on holidays; Photo ID required; Must be 18+; Must present voucher on arrival; Must redeem within 30 days,1,Single Visit,196,369,0.4688,Sunrise Inn,3,99,2526,38,1825,27,1866,13,2462,26,2742,27,3008,38,1701,19,2485,31,0.011765,226.58,0.039
0c09550e-67a2-495c-9c1c-e3a956d75fc7,Things to Do,Outdoor Activities,Houston,Wonderful Adventure Awaits at Panorama Activities,Highly rated by Groupon customers in Houston. Easy online booking with instant confirmation. Satisfaction guaranteed or your money back. This deal won't last long — availability is limited.,No cash value; Must be 18+; Not valid Dec 24-Jan 2; Excludes alcohol; Valid at Houston location only,3,"Basic, Standard, Premium",41,105,0.6095,Panorama Activities,3,74,1414,40,1190,36,1182,28,1391,34,1040,28,1234,29,1751,41,1355,28,0.025007,32.83,0.0591
cd881509-8282-46f7-9472-04eaa0b486fc,Home Services,Pest Control,Birmingham,Amazing Home Service at GreenLeaf Services,"Save on this top-rated experience in Birmingham. Whether you're a local or just visiting, this deal offers real value. Simple redemption — just show your voucher. See fine print for full details.",Limit 1 per household; No cash value; Cannot be combined with other offers; Photo ID required; Excludes weekends & public holidays,1,Standard,74,141,0.4752,GreenLeaf Services,2,109,2356,37,2964,49,2444,44,2743,37,2621,35,1368,25,3462,46,2163,41,0.015606,76.91,0.0921
e67a7d35-10d5-4d19-a0fd-ae05437c7cb5,Things to Do,Classes,Chicago,2-Hour Arcade Pass for Unlimited Games at Coast Adventures,"What We Offer: A guided experience led by knowledgeable local experts who know every hidden gem in Chicago. Small group sizes — maximum 12 participants — ensure a personal, interactive experience. All necessary equipment and materials are included in the price. No prior experience or special skills required. Why You Should Grab This Offer: We've hosted over 5,000 guests and maintain a 4.8-star rating. Our guides don't just walk you through the experience — they make it memorable with stories, tips, and insider knowledge you won't find in a guidebook. Perfect for families, couples, corporate outings, or solo adventurers. Good to Know: Open year-round, rain or shine (indoor alternatives available for weather-sensitive activities). Children under 12 must be accompanied by an adult. Gift cards available — makes a great last-minute present. Arrive 15 minutes before your scheduled start time.",Photo ID required; Must redeem within 30 days; Valid at Chicago location only; Valid Mon-Fri only; Excludes weekends & public holidays; Promotional value expires 120 days after purchase,3,"Taster, Full Day Explorer, VIP Experience",23,53,0.566,Coast Adventures,3,72,3346,96,2627,96,3261,125,2930,125,4412,209,3797,122,2897,104,3165,124,0.037866,25.58,0.0771
7ecdf12d-e94e-4c93-86da-f491310b7e6b,Automotive,Oil Change,Dallas,Keep Your Car Running Great at Midas Car Wash & Detail,An opportunity to enjoy premium service at a fraction of the regular cost. Our customers love the convenience and value of this deal. Valid for the options listed. See fine print for scheduling and restrictions.,Gratuity not included; Must present voucher on arrival; Excludes weekends & public holidays; Excludes alcohol; Promotional value expires 120 days after purchase; Not valid on holidays; Limit 1 per household,2,"Small, Large",91,148,0.3851,Midas Car Wash & Detail,3,106,2157,62,1157,29,1203,40,1553,44,1231,34,1985,49,905,18,2007,60,0.027545,108.58,0.0881
3de65754-1204-4c72-b15d-de78ddd38ccf,Things to Do,Outdoor Activities,Manchester,Make Your Weekend Special at Freefall Adventures,A great way to try something new without breaking the bank. This deal has been popular with Groupon customers. Limited quantities available. Valid only for the option purchased. See fine print for all terms.,Valid for dine-in only; Valid at Manchester location only; New customers only; Not valid on holidays; Not valid Dec 24-Jan 2; Excludes alcohol,2,"Basic, Standard",30,48,0.375,Freefall Adventures,4,92,3041,98,4055,166,2937,133,3921,159,2479,59,3341,135,3408,145,2477,99,0.038739,33.55,0.1365
2caad6db-eb19-45df-bb5a-09e5182c05ac,Travel,Getaways,Houston,Your Dream Getaway at Harbor Lodge,"Treat yourself or someone special to this offer. Whether it's a birthday, anniversary, or just a Tuesday — you deserve something nice. Great quality at an unbeatable price. Restrictions may apply — see fine print for full details.",Photo ID required; Valid for dine-in only; Limit 1 per household; Not valid Dec 24-Jan 2,2,"Basic, Standard",85,211,0.5972,Harbor Lodge,2,77,2237,20,1139,8,2304,24,1366,12,1526,13,2658,24,2147,13,1834,18,0.008678,82.11,0.0785
d142a7f4-62b1-433f-b608-f45cb7ee3e43,Beauty & Spas,Skin Care,Houston,Unwind w/ a Wonderful Relaxation Package at Glow Spa,"Save on this top-rated experience in Houston. Whether you're a local or just visiting, this deal offers real value. Simple redemption — just show your voucher. See fine print for full details.",Valid Mon-Fri only; Expires 90 days from purchase; Must be 18+; No refunds after redemption,3,"Small, Medium, Large",116,219,0.4703,Glow Spa,5,115,946,24,897,35,776,27,619,23,809,12,788,27,1156,46,783,20,0.031591,120.26,0.0704
c02d0558-f673-4b83-8dea-2c4552dc230e,Health & Fitness,Weight Loss,Seattle,Complete Eye Exam w/ $200 Toward Glasses at Wellness Health Center,"What We Offer: Choose from single or multi-session packages designed to fit your health goals. Each session begins with a brief check-in to assess how you're feeling and adjust the plan as needed. Our facility is ADA-accessible, climate-controlled, and equipped with the latest diagnostic and therapeutic tools. Why You Should Grab This Offer: Over 1,500 clients in Seattle have trusted us with their care. We maintain a 4.6-star rating on Google with particular praise for our professional, no-pressure approach. Every treatment is backed by a satisfaction guarantee — if you're not happy with your experience, we'll work to make it right. Good to Know: Extended hours available Tuesday through Thursday until 8 PM. Bring comfortable clothing for movement-based sessions. Free consultation for first-time clients to determine the best treatment path.",Must be 18+; Merchant is solely responsible for care; Limit 1 per household; Promotional value expires 120 days after purchase; Excludes weekends & public holidays; 48-hour cancellation policy; Not valid Dec 24-Jan 2; No cash value; Expires 90 days from purchase,2,"Kickstart Program, Total Body Overhaul",101,169,0.4024,Wellness Health Center,4,112,2548,227,2980,251,3467,288,2886,260,2849,164,2292,147,3590,281,2294,200,0.079368,117.67,0.0336
f8b352d5-878d-4eed-984f-47dcaf3df1ee,Automotive,Oil Change,Miami,Drive w/ Confidence After Visiting TopGear Service Center,Highly rated by Groupon customers in Miami. Easy online booking with instant confirmation. Satisfaction guaranteed or your money back. This deal won't last long — availability is limited.,Gratuity not included; Appointment required; Not valid on holidays; Excludes alcohol; Not valid Dec 24-Jan 2,2,"Single, Double",12,27,0.5556,TopGear Service Center,2,78,696,8,1099,12,638,9,906,12,660,4,966,12,578,7,767,8,0.01141,9.6,0.083
9fe18a00-5aac-4805-a25c-1d10b92deab2,Beauty & Spas,Spa,Barcelona,Indulge in a Relaxing Spa Experience at Serene Day Spa,"Treat yourself or someone special to this offer. Whether it's a birthday, anniversary, or just a Tuesday — you deserve something nice. Great quality at an unbeatable price. Restrictions may apply — see fine print for full details.",Valid at Barcelona location only; Excludes weekends & public holidays; Must be 18+; Must redeem within 30 days; Appointment required,1,Standard,65,95,0.3158,Serene Day Spa,2,52,3940,71,2714,50,4080,77,2109,40,2319,44,1925,28,2330,35,2298,40,0.01773,66.58,0.0633
1976a278-5959-430d-94f0-88f69442559e,Home Services,Pest Control,Los Angeles,Full Carpet Cleaning for 3 or 5 Rooms at FirstRate Solutions,"What We Offer: Professional-grade service performed by trained technicians using commercial equipment. We begin with an assessment of the scope of work, provide a clear explanation of what we'll do, and complete the job efficiently with minimal disruption to your day. A post-service report is provided summarizing what was done and any recommendations for future maintenance. Why You Should Grab This Offer: Homeowners often put off this type of maintenance because they don't know who to trust. We make it easy: fixed pricing (no hourly billing surprises), certified technicians, and a workmanship warranty. Our Groupon customers routinely become repeat clients. Good to Know: Appointment required — book online or by phone. Available Monday through Saturday, 8 AM to 6 PM. Ask about our seasonal maintenance packages for ongoing care.",Not valid on holidays; Gratuity not included; Subject to availability; Valid for dine-in only; Not valid Dec 24-Jan 2; Limit 1 per person; Valid at Los Angeles location only,2,"1 Session, 3 Sessions",153,294,0.4796,FirstRate Solutions,3,56,1321,57,1736,69,1226,61,1581,69,1514,76,1479,71,1814,97,1911,82,0.046257,205.09,0.088
b74d1091-a8a7-4df9-a383-da889ec89741,Home Services,Pest Control,Miami,Trusted Service from FirstRate Cleaning Co.,A great way to try something new without breaking the bank. This deal has been popular with Groupon customers. Limited quantities available. Valid only for the option purchased. See fine print for all terms.,Valid at Miami location only; Must redeem within 30 days; Not valid on holidays,1,Single Visit,40,74,0.4595,FirstRate Cleaning Co.,3,112,2305,49,2299,50,2078,45,2923,64,2939,65,2002,46,2436,54,2394,43,0.02147,34.19,0.0246
185b7459-eb0a-4803-a595-f185e86fb3e6,Food & Drink,Cafes & Bakeries,Houston,Taste the Best of Houston at Marco's Cafe,"Looking for something special? This deal has you covered. Great for individuals, couples, or groups. Flexible scheduling available. Check the fine print for full terms and restrictions. Voucher must be presented on arrival.",Valid at Houston location only; New customers only; Photo ID required; Excludes weekends & public holidays; Gratuity not included; Subject to availability,2,"Small, Large",44,62,0.2903,Marco's Cafe,3,20,402,8,231,1,401,7,407,4,371,7,420,8,253,4,291,5,0.01585,55.03,0.0615
a740c39a-b6e2-42fa-953f-34c537eec671,Automotive,Detailing,London,Fantastic Car Care at AutoShine Auto Care,"Looking for something special? This deal has you covered. Great for individuals, couples, or groups. Flexible scheduling available. Check the fine print for full terms and restrictions. Voucher must be presented on arrival.",Limit 1 per household; Must be 18+,1,Complete Vehicle Refresh,39,86,0.5465,AutoShine Auto Care,4,100,881,34,1328,62,1555,78,1110,52,939,35,1088,57,1353,59,1215,46,0.044672,39.4,0.0509
01749e63-fc42-4310-ae71-93bad8a95992,Beauty & Spas,Skin Care,Chicago,Before & After Acne Treatment — HydraFacial + LED at Divine Med Spa,"What We Offer: Relax and rejuvenate with a treatment designed to address your specific concerns. Our licensed therapists begin each session with a brief consultation to understand your goals — whether that's tension relief, skin rejuvenation, or overall wellness. All products are hypoallergenic and suited for sensitive skin. Why You Should Grab This Offer: We've served over 3,000 clients in Chicago and maintain a 4.7-star average across review platforms. Every treatment is performed in a calming, private environment with soft music and aromatherapy. We don't rush — your session time is your session time, no cutting corners. Good to Know: Complimentary hot tea and water provided. Free parking available. Same-day appointments available on weekdays. First-time clients receive a follow-up check-in call within 48 hours.",Valid Mon-Fri only; Limit 1 per household; Must be 18+; No refunds after redemption; Excludes weekends & public holidays; Limit 1 per person; Promotional value expires 120 days after purchase,3,"1 Session, 3 Sessions, 5 Sessions",20,49,0.5918,Divine Med Spa,1,19,3031,99,2891,66,3202,123,4090,153,2299,85,2156,70,3236,114,2829,48,0.031937,22.56,0.0388
55cb34a9-2abb-451f-9430-cb9959f491c5,Home Services,HVAC,Seattle,Keep Your Home in Top Shape w/ Platinum Cleaning Co.,"Save on this top-rated experience in Seattle. Whether you're a local or just visiting, this deal offers real value. Simple redemption — just show your voucher. See fine print for full details.",Must be 18+; Limit 1 per person; Photo ID required; New customers only; No refunds after redemption,3,"Single Room, Multi-Room Package, Complete Home Overhaul",104,199,0.4774,Platinum Cleaning Co.,2,17,2838,52,2363,31,3170,64,2196,41,3040,64,2557,46,2580,34,2696,35,0.017118,133.19,0.0428
0b62a96d-79d5-4d3e-bdf1-1fd37f59b69c,Retail,Fashion,Manchester,Best Deal on Premium Products,Highly rated by Groupon customers in Manchester. Easy online booking with instant confirmation. Satisfaction guaranteed or your money back. This deal won't last long — availability is limited.,Promotional value expires 120 days after purchase; Must present voucher on arrival; Must be 18+; Expires 90 days from purchase; Valid for dine-in only; Not valid Dec 24-Jan 2; Appointment required,1,Curated Collection,35,52,0.3269,Heirloom Store,3,84,3051,81,3156,68,4683,91,3978,76,3361,65,4373,107,4055,91,4093,78,0.021366,45.96,0.1056
c1cf37ed-359d-4016-bf61-095e42f6703b,Food & Drink,Restaurants,Barcelona,$25 or $50 to Spend on Food & Drinks at The Famous Bistro,"What We Offer: A complete dining experience that includes your choice of entrees, sides, and beverages as outlined in the deal options. Everything is prepared to order — nothing sits under a heat lamp. Our kitchen team takes pride in consistency: every plate that leaves our kitchen meets the same standard, whether it's a Tuesday lunch or Saturday dinner. Why You Should Grab This Offer: We've been serving Barcelona for over 8 years and have built a loyal following through honest food at fair prices. Featured in local press and food blogs. Our staff is attentive without being overbearing — we want you to enjoy your meal, not feel rushed. Good to Know: Dine-in only. Reservations available online or by phone. Large party accommodations available with 48 hours notice. Validated parking in the adjacent garage.",Valid Mon-Fri only; Subject to availability,3,"Small, Medium, Large",175,326,0.4632,The Famous Bistro,3,93,4305,20,3277,12,3145,18,3862,16,3709,18,3118,13,3883,24,3964,24,0.004955,169.83,0.0454
665bd726-f8a0-49e4-8996-7f7fa73b4a34,Beauty & Spas,Hair,Denver,60-Min Facial w/ Microdermabrasion & LED Light Therapy at Divine Spa,"What We Offer: Relax and rejuvenate with a treatment designed to address your specific concerns. Our licensed therapists begin each session with a brief consultation to understand your goals — whether that's tension relief, skin rejuvenation, or overall wellness. All products are hypoallergenic and suited for sensitive skin. Why You Should Grab This Offer: We've served over 3,000 clients in Denver and maintain a 4.7-star average across review platforms. Every treatment is performed in a calming, private environment with soft music and aromatherapy. We don't rush — your session time is your session time, no cutting corners. Good to Know: Complimentary hot tea and water provided. Free parking available. Same-day appointments available on weekdays. First-time clients receive a follow-up check-in call within 48 hours.",48-hour cancellation policy; Must be 18+; Excludes weekends & public holidays; Valid Mon-Fri only; Valid at Denver location only,2,"Small, Large",52,82,0.3659,Divine Spa,1,82,1563,67,1172,40,1425,41,1238,47,935,34,1207,40,1476,53,1391,42,0.034976,47.41,0.0794
d14ce04d-9395-4ce4-9768-7b57e7355aad,Retail,Gifts,Miami,12-Piece Gourmet Chocolate Box w/ Gift Wrapping,"What's Included: Your order includes everything listed in the product description — no additional purchases required. Each item is manufactured to strict quality standards with durable materials built to last. Detailed care instructions included in the box. Why You Should Grab This Offer: We've sold over 10,000 units of this product and maintain a 4.5-star average rating. Customer favorites include the build quality, packaging, and fast shipping. Perfect as a treat for yourself or as a thoughtful gift for someone special. We stand behind every product with a 1-year manufacturer warranty. Good to Know: Ships from our US-based warehouse. Standard shipping takes 3-5 business days. Express shipping available at checkout for an additional fee. Contact our customer service team for any questions — average response time under 4 hours.",Valid at Miami location only; Subject to availability; Appointment required,3,"Sample Pack, Full Set, Deluxe Gift Box",29,41,0.2927,Wander Collection,1,111,1763,83,2282,71,3010,118,2146,70,3009,118,1781,74,2312,87,3069,113,0.03789,33.76,0.1212
8d8f1ca3-509b-49cf-8621-fae42619fdd1,Health & Fitness,Chiropractic,Houston,Take Charge of Your Health at Thrive Dental,This is a deal you won't want to miss. Perfect for anyone looking for a great experience at a great price. Limited availability — grab it before it's gone. Valid for new and existing customers. See fine print for full details and restrictions.,No cash value; Must redeem within 30 days; Valid Mon-Fri only,3,"Basic, Standard, Premium",69,106,0.3491,Thrive Dental,5,59,3399,82,3029,72,2958,50,3332,78,2643,61,3127,89,3372,86,1915,44,0.023638,70.18,0.0524
a0be343f-1ee5-4a48-900e-011c91381af0,Food & Drink,Dining Cruises,New York,Treat Your Taste Buds at Olive Cafe,"Looking for something special? This deal has you covered. Great for individuals, couples, or groups. Flexible scheduling available. Check the fine print for full terms and restrictions. Voucher must be presented on arrival.",Expires 90 days from purchase; Appointment required; Valid at New York location only; Excludes alcohol; Limit 1 per household; Excludes weekends & public holidays; Not valid on holidays; Photo ID required; No refunds after redemption,2,"Date Night Dinner, Grand Feast for Two",18,49,0.6327,Olive Cafe,3,81,1740,35,1408,29,1597,40,2047,36,2123,43,2063,37,1652,42,1247,27,0.020826,38.04,0.0979
feeba56d-39f3-4b2d-b638-318d22e4d3f7,Things to Do,Tours,Birmingham,An Experience You Won't Forget at Urban Activities,This is a deal you won't want to miss. Perfect for anyone looking for a great experience at a great price. Limited availability — grab it before it's gone. Valid for new and existing customers. See fine print for full details and restrictions.,Must present voucher on arrival; Promotional value expires 120 days after purchase; Subject to availability,2,"Small, Large",30,48,0.375,Urban Activities,1,68,2324,33,1953,35,3162,70,1724,33,1924,35,2287,61,1858,32,2489,41,0.019186,36.96,0.0723
ff6ec3a5-b9aa-4992-acf4-dbee200a2828,Beauty & Spas,Med Spa,Dallas,Indulge in a Relaxing Spa Experience at Opulent Wellness Center,"Save on this top-rated experience in Dallas. Whether you're a local or just visiting, this deal offers real value. Simple redemption — just show your voucher. See fine print for full details.",Must be 18+; Limit 1 per household; Limit 1 per person; Subject to availability; Cannot be combined with other offers; Expires 90 days from purchase; Appointment required,2,"1 Session, 3 Sessions",39,69,0.4348,Opulent Wellness Center,3,85,1661,42,1306,33,892,20,1323,37,830,27,1049,33,1140,27,1795,62,0.028111,41.26,0.0729
7713a239-07a2-44a1-8e56-7ce5984f022a,Retail,Electronics,Houston,Smart Watch — Fitness Tracker w/ Heart Rate Monitor,What's Included: Product ships within 2-3 business days via USPS or UPS with tracking number provided via email. Each item is quality-inspected before shipping and arrives in protective packaging. 30-day hassle-free returns accepted with original packaging — we'll provide a prepaid return label. Why You Should Grab This Offer: This product has been one of our top sellers with over 500 five-star reviews. Made with premium materials designed for daily use. Makes an excellent gift — arrives in presentation-ready packaging with the option to include a personalized gift note at checkout. Good to Know: Available in multiple sizes and colors — select your preferred option at checkout. Ships to all 50 US states. International shipping available for an additional fee. Bulk orders of 5+ units receive an automatic 10% discount.,No cash value; Must be 18+; Appointment required,3,"Sample Pack, Full Set, Deluxe Gift Box",25,59,0.5763,Urban Emporium,3,70,1107,106,1513,109,1777,140,1692,121,1613,101,2203,143,1770,140,1235,74,0.072347,31.12,0.0591
95cc6830-c32c-4600-9974-e0f0394ea85e,Things to Do,Outdoor Activities,Miami,Explore & Enjoy at Wildcard Excursions,This is a deal you won't want to miss. Perfect for anyone looking for a great experience at a great price. Limited availability — grab it before it's gone. Valid for new and existing customers. See fine print for full details and restrictions.,Must present voucher on arrival; Valid Mon-Fri only,2,"Explorer, Ultimate Adventure",25,53,0.5283,Wildcard Excursions,3,11,1190,29,1445,42,1592,33,1093,25,1406,31,1584,40,1537,29,1155,30,0.023541,34.41,0.0836
c8848569-86ec-4fdb-ba43-8a644005a681,Home Services,Handyman,San Francisco,Premium Home Maintenance at Platinum Solutions,A great way to try something new without breaking the bank. This deal has been popular with Groupon customers. Limited quantities available. Valid only for the option purchased. See fine print for all terms.,Excludes weekends & public holidays; Gratuity not included; Limit 1 per household; No cash value; 48-hour cancellation policy,3,"Basic, Standard, Premium",139,198,0.298,Platinum Solutions,3,77,1312,25,1482,32,1817,40,1514,38,1397,26,1442,30,2007,59,1463,34,0.022841,165.17,0.0612
265e93fa-e551-4ba0-90c8-3f7e15fd3d70,Travel,Hotels,Los Angeles,Amazing Hotel Getaway at Sunrise Suites,Experience the best that Los Angeles has to offer with this popular deal. Thousands of Groupon customers have enjoyed this offer. Book now to secure your spot before availability runs out. See fine print for redemption details.,Excludes alcohol; Not valid on holidays; Must be 18+; Expires 90 days from purchase; Limit 1 per person,3,"Small, Medium, Large",198,381,0.4803,Sunrise Suites,1,70,652,7,960,14,1424,11,1076,14,842,13,1511,18,691,10,1218,18,0.012539,184.25,0.0715
e4dd152c-6bc2-4411-ab7f-9e77bab4960a,Home Services,Handyman,Manchester,Keep Your Home in Top Shape w/ AllStar Services,Experience the best that Manchester has to offer with this popular deal. Thousands of Groupon customers have enjoyed this offer. Book now to secure your spot before availability runs out. See fine print for redemption details.,No cash value; Valid for dine-in only; Cannot be combined with other offers; Excludes weekends & public holidays; Must redeem within 30 days; Promotional value expires 120 days after purchase,1,Full Home Treatment,98,135,0.2741,AllStar Services,3,88,2698,73,2072,57,2283,69,1484,46,3612,130,2994,118,2452,78,2855,92,0.032421,113.9,0.0628
76405bbc-b6ab-486e-a155-d7d8036c1260,Health & Fitness,Weight Loss,San Francisco,Semaglutide or Tirzepatide Weight-Loss Program w/ Consultation at Renew Performance Lab,"What We Offer: Choose from single or multi-session packages designed to fit your health goals. Each session begins with a brief check-in to assess how you're feeling and adjust the plan as needed. Our facility is ADA-accessible, climate-controlled, and equipped with the latest diagnostic and therapeutic tools. Why You Should Grab This Offer: Over 1,500 clients in San Francisco have trusted us with their care. We maintain a 4.6-star rating on Google with particular praise for our professional, no-pressure approach. Every treatment is backed by a satisfaction guarantee — if you're not happy with your experience, we'll work to make it right. Good to Know: Extended hours available Tuesday through Thursday until 8 PM. Bring comfortable clothing for movement-based sessions. Free consultation for first-time clients to determine the best treatment path.",Excludes weekends & public holidays; Appointment required,1,Starter Assessment,95,198,0.5202,Renew Performance Lab,1,119,1106,60,753,32,1063,51,955,55,1159,62,908,50,854,55,1000,41,0.052065,76.0,0.0517
dbf56b97-379c-4b5d-a4e4-e309e3a2f642,Retail,Gifts,Los Angeles,Portable Bluetooth Speaker — Waterproof,What's Included: Product ships within 2-3 business days via USPS or UPS with tracking number provided via email. Each item is quality-inspected before shipping and arrives in protective packaging. 30-day hassle-free returns accepted with original packaging — we'll provide a prepaid return label. Why You Should Grab This Offer: This product has been one of our top sellers with over 500 five-star reviews. Made with premium materials designed for daily use. Makes an excellent gift — arrives in presentation-ready packaging with the option to include a personalized gift note at checkout. Good to Know: Available in multiple sizes and colors — select your preferred option at checkout. Ships to all 50 US states. International shipping available for an additional fee. Bulk orders of 5+ units receive an automatic 10% discount.,Excludes alcohol; Subject to availability; Excludes weekends & public holidays; Must be 18+; No refunds after redemption,3,"Sample Pack, Full Set, Deluxe Gift Box",19,49,0.6122,Willow Goods,4,49,904,79,1527,110,1126,96,726,61,1317,131,1217,94,1100,77,697,55,0.081611,29.78,0.0459
14b7f8ac-d418-42d9-a489-6a70eca9ecdd,Food & Drink,Dining Cruises,San Francisco,Dozen Gourmet Cupcakes or Custom Cake at Golden Smokehouse,"What We Offer: Enjoy a carefully curated dining experience prepared by our award-winning chef using locally sourced, seasonal ingredients. Each course is thoughtfully paired with beverages selected by our in-house sommelier. The menu changes quarterly to reflect the freshest produce available, so every visit offers something new. Vegetarian, vegan, and gluten-free options are always available — just let your server know. Why You Should Grab This Offer: We've been recognized by local food critics as one of San Francisco's best-kept secrets, with a 4.6-star average on Google and Yelp. Our intimate dining room seats just 40 guests, creating a personal atmosphere you won't find at larger establishments. Private dining available for groups of 8 or more. Good to Know: Reservations recommended, especially on weekends. Free street parking available after 6 PM. Kids' menu available for diners under 12.",Limit 1 per household; Photo ID required; No refunds after redemption; Subject to availability,1,1 Session,56,91,0.3846,Golden Smokehouse,4,13,2144,212,2888,237,1844,180,2585,189,2751,260,2671,182,2284,164,3116,235,0.081793,72.61,0.0307
6b0750e5-8b4f-40c1-85e8-17ae47478a24,Food & Drink,Restaurants,Los Angeles,Cooking Class for Two — 2-Hour Hands-On Session at Cedar Trattoria,"What We Offer: A complete dining experience that includes your choice of entrees, sides, and beverages as outlined in the deal options. Everything is prepared to order — nothing sits under a heat lamp. Our kitchen team takes pride in consistency: every plate that leaves our kitchen meets the same standard, whether it's a Tuesday lunch or Saturday dinner. Why You Should Grab This Offer: We've been serving Los Angeles for over 8 years and have built a loyal following through honest food at fair prices. Featured in local press and food blogs. Our staff is attentive without being overbearing — we want you to enjoy your meal, not feel rushed. Good to Know: Dine-in only. Reservations available online or by phone. Large party accommodations available with 48 hours notice. Validated parking in the adjacent garage.",Must redeem within 30 days; Merchant is solely responsible for care; Photo ID required; No cash value; Limit 1 per household,2,"Date Night Dinner, Grand Feast for Two",55,83,0.3373,Cedar Trattoria,2,102,2769,77,2889,115,2599,81,2095,59,2420,70,3297,99,3126,86,1739,44,0.030142,63.51,0.0593
2ad0a88f-01c0-4b7b-8b69-90182a0ce234,Retail,Fashion,Houston,Memory Foam Pillow — Standard or King Size,What's Included: Product ships within 2-3 business days via USPS or UPS with tracking number provided via email. Each item is quality-inspected before shipping and arrives in protective packaging. 30-day hassle-free returns accepted with original packaging — we'll provide a prepaid return label. Why You Should Grab This Offer: This product has been one of our top sellers with over 500 five-star reviews. Made with premium materials designed for daily use. Makes an excellent gift — arrives in presentation-ready packaging with the option to include a personalized gift note at checkout. Good to Know: Available in multiple sizes and colors — select your preferred option at checkout. Ships to all 50 US states. International shipping available for an additional fee. Bulk orders of 5+ units receive an automatic 10% discount.,Limit 1 per household; Photo ID required; New customers only; Expires 90 days from purchase; Must redeem within 30 days; Not valid on holidays; Must present voucher on arrival,1,Standard,34,71,0.5211,Wander Emporium,2,14,2292,128,2255,98,2714,138,4041,220,3247,161,2636,117,3126,165,3218,183,0.051426,28.51,0.115
4e039999-b218-4e24-9250-5953efda6ebf,Food & Drink,Restaurants,Los Angeles,Fantastic Food & Drinks at Red Brasserie,An opportunity to enjoy premium service at a fraction of the regular cost. Our customers love the convenience and value of this deal. Valid for the options listed. See fine print for scheduling and restrictions.,Appointment required; Must present voucher on arrival; Must be 18+; Valid Mon-Fri only; Limit 1 per household; Merchant is solely responsible for care; Subject to availability,2,"1 Session, 3 Sessions",26,61,0.5738,Red Brasserie,3,19,2151,56,2510,62,1666,45,1659,51,1646,47,2327,70,1380,32,1781,43,0.026852,21.72,0.0925
ed73c10e-11c3-4c3a-9503-bda0876e94d2,Things to Do,Outdoor Activities,Seattle,Family-Friendly 2-Hour Kayak or Paddleboard Rental at Starlight Cruises,"What We Offer: A guided experience led by knowledgeable local experts who know every hidden gem in Seattle. Small group sizes — maximum 12 participants — ensure a personal, interactive experience. All necessary equipment and materials are included in the price. No prior experience or special skills required. Why You Should Grab This Offer: We've hosted over 5,000 guests and maintain a 4.8-star rating. Our guides don't just walk you through the experience — they make it memorable with stories, tips, and insider knowledge you won't find in a guidebook. Perfect for families, couples, corporate outings, or solo adventurers. Good to Know: Open year-round, rain or shine (indoor alternatives available for weather-sensitive activities). Children under 12 must be accompanied by an adult. Gift cards available — makes a great last-minute present. Arrive 15 minutes before your scheduled start time.",Valid at Seattle location only; No refunds after redemption; Must redeem within 30 days; Valid for dine-in only; Promotional value expires 120 days after purchase,3,"1 Session, 3 Sessions, 5 Sessions",35,56,0.375,Starlight Cruises,3,111,2618,140,2365,96,2206,106,1955,81,2151,101,2992,146,2910,181,2781,158,0.050506,32.83,0.0832
5880a95b-6aea-4590-a137-d5b1fb25154b,Retail,Home Goods,Boston,Memory Foam Pillow — Standard or King Size,"What's Included: Your order includes everything listed in the product description — no additional purchases required. Each item is manufactured to strict quality standards with durable materials built to last. Detailed care instructions included in the box. Why You Should Grab This Offer: We've sold over 10,000 units of this product and maintain a 4.5-star average rating. Customer favorites include the build quality, packaging, and fast shipping. Perfect as a treat for yourself or as a thoughtful gift for someone special. We stand behind every product with a 1-year manufacturer warranty. Good to Know: Ships from our US-based warehouse. Standard shipping takes 3-5 business days. Express shipping available at checkout for an additional fee. Contact our customer service team for any questions — average response time under 4 hours.",Limit 1 per household; Subject to availability; Expires 90 days from purchase; Must present voucher on arrival; Must be 18+; Valid Mon-Fri only; Promotional value expires 120 days after purchase,3,"Small, Medium, Large",23,64,0.6406,Indie Store,3,73,2991,114,4283,226,4502,213,2562,85,3703,180,2424,124,4828,256,5024,221,0.046805,18.54,0.1031
333ca3c5-c2c0-4e25-8e6b-d15a3a20a2a5,Home Services,Landscaping,Dallas,Fantastic Professional Service at AllStar Services,A great way to try something new without breaking the bank. This deal has been popular with Groupon customers. Limited quantities available. Valid only for the option purchased. See fine print for all terms.,Must present voucher on arrival; Merchant is solely responsible for care; Gratuity not included,2,"Single, Double",108,161,0.3292,AllStar Services,5,82,2077,81,1813,67,2459,85,1912,79,1425,66,2813,98,2453,68,2872,115,0.036973,141.24,0.0774
de894e8a-1a3e-4193-8071-92eb1f9eab76,Automotive,Oil Change,Dallas,Incredible Vehicle Service at QuickLube Auto Center,An opportunity to enjoy premium service at a fraction of the regular cost. Our customers love the convenience and value of this deal. Valid for the options listed. See fine print for scheduling and restrictions.,Gratuity not included; Promotional value expires 120 days after purchase,1,Complete Vehicle Refresh,42,88,0.5227,QuickLube Auto Center,1,100,1600,30,2379,40,2296,40,2470,34,2012,25,2538,34,2578,38,1292,21,0.015264,52.1,0.053
841899b9-10cc-41bd-aca6-633e1c32a3d5,Automotive,Detailing,New York,Full Interior & Exterior Detail at TurboClean Auto Care,"What We Offer: A comprehensive vehicle service performed by trained technicians using manufacturer-approved parts and fluids. Service includes a detailed inspection report emailed to you upon completion, so you have a clear record of your vehicle's condition. No appointment necessary — walk-ins welcome 7 days a week. Why You Should Grab This Offer: We've serviced over 10,000 vehicles in New York and consistently earn top ratings for speed, quality, and transparency. Our customers appreciate that we explain what we find, recommend only what's needed, and never pressure you into additional services. Every job is backed by a 12-month or 12,000-mile warranty on parts and labor. Good to Know: Most services completed in 30-60 minutes. Comfortable waiting area with complimentary Wi-Fi, coffee, and snacks. Shuttle service available within 5 miles for longer services. Ask about our fleet discount for businesses.",Not valid Dec 24-Jan 2; Must present voucher on arrival; Photo ID required; No cash value; Not valid on holidays; No refunds after redemption; Subject to availability; Merchant is solely responsible for care,3,"Small, Medium, Large",70,125,0.44,TurboClean Auto Care,3,111,3579,80,2883,102,2794,63,3174,86,2602,88,2465,60,1898,70,2650,55,0.027399,71.92,0.0928
7ec5a24f-0f8b-422f-9002-ca33aedfce27,Retail,Home Goods,Seattle,Incredible Gift Ideas for Any Occasion,Highly rated by Groupon customers in Seattle. Easy online booking with instant confirmation. Satisfaction guaranteed or your money back. This deal won't last long — availability is limited.,Must redeem within 30 days; Photo ID required,1,Single Visit,30,56,0.4643,Finch Store,3,110,1845,28,1796,30,1682,26,1692,28,577,10,1341,29,1725,29,1164,20,0.016918,31.98,0.0661
409b2c17-ba13-4d55-8756-742ed994648f,Beauty & Spas,Spa,Los Angeles,Complete Lash Lift & Tint w/ Brow Shaping at Pure Wellness Center,"During the procedure, a licensed professional uses specialized equipment to target problem areas. The treatment is non-invasive and typically takes 45-60 minutes per session. Clients may experience mild redness for 1-2 hours post-treatment, which subsides naturally. What We Offer: Choose from single sessions or multi-session packages for best results. All treatments are performed in a private, sanitized room using FDA-approved devices. A patch test is included for first-time clients at no extra charge. Why You Should Grab This Offer: Rated 4.8 stars by over 200 Groupon customers. Our board-certified staff combines clinical expertise with a relaxing spa atmosphere — so you get real results without the clinical feel. Results are cumulative; most clients see noticeable improvement after 2-3 sessions. Good to Know: New and returning clients welcome. Consultation required before first treatment — if you are ineligible, a full refund will be provided.",48-hour cancellation policy; Promotional value expires 120 days after purchase; New customers only; Must redeem within 30 days; Limit 1 per person; Expires 90 days from purchase; Photo ID required; Appointment required,2,"Touch-Up, Head-to-Toe Glow",103,214,0.5187,Pure Wellness Center,4,57,2265,150,1812,133,1827,160,2278,142,1843,135,1960,200,2141,146,2190,205,0.077899,135.39,0.0493
fbfe07c0-c8dd-46d6-b5d7-d4576c6e1c2a,Food & Drink,Meal Kits,London,Enjoy a Night Out at Silver Cafe,This is a deal you won't want to miss. Perfect for anyone looking for a great experience at a great price. Limited availability — grab it before it's gone. Valid for new and existing customers. See fine print for full details and restrictions.,New customers only; No refunds after redemption; 48-hour cancellation policy; Excludes alcohol,4,"Option 1, Option 2, Option 3, Option 4",53,130,0.5923,Silver Cafe,4,101,1851,101,1725,67,1229,51,1254,62,1999,99,1837,88,1424,91,1704,66,0.047992,55.0,0.0418
027ad195-ddd1-428d-8507-94fe13b84527,Beauty & Spas,Med Spa,London,Refresh & Renew at Velvet Aesthetics,This is a deal you won't want to miss. Perfect for anyone looking for a great experience at a great price. Limited availability — grab it before it's gone. Valid for new and existing customers. See fine print for full details and restrictions.,Limit 1 per household; Excludes weekends & public holidays; Cannot be combined with other offers; Not valid Dec 24-Jan 2; Must be 18+,4,"Mini Refresh, Classic Treatment, Luxury Package, Ultimate Transformation",42,93,0.5484,Velvet Aesthetics,4,55,1963,48,912,21,905,30,1538,40,1320,27,1776,49,1410,31,1467,41,0.025418,57.76,0.0587
fb38719c-ae40-4ccd-bc34-0aa82bc548a9,Home Services,Landscaping,Dallas,Premium Home Maintenance at SafeGuard Care,Experience the best that Dallas has to offer with this popular deal. Thousands of Groupon customers have enjoyed this offer. Book now to secure your spot before availability runs out. See fine print for redemption details.,Valid at Dallas location only; Merchant is solely responsible for care; Must be 18+; No cash value; Must redeem within 30 days,1,Full Home Treatment,49,66,0.2576,SafeGuard Care,4,44,1227,40,1394,37,1441,55,1752,74,1465,60,1117,44,2096,93,1918,81,0.039001,66.68,0.0452
37a3338f-056e-4f78-a0d5-823e15de1f3a,Automotive,Detailing,Dallas,Amazing Auto Service at MotorCraft Tire & Auto,An opportunity to enjoy premium service at a fraction of the regular cost. Our customers love the convenience and value of this deal. Valid for the options listed. See fine print for scheduling and restrictions.,Not valid Dec 24-Jan 2; Valid at Dallas location only; Not valid on holidays; Limit 1 per household; 48-hour cancellation policy,3,"Basic, Standard, Premium",65,150,0.5667,MotorCraft Tire & Auto,3,12,2067,44,2051,52,1667,28,1583,31,1512,36,1930,32,1642,35,1022,20,0.020632,82.14,0.0651
4b6bf5bd-62e4-4cce-a914-61fe0cfc408f,Beauty & Spas,Spa,Manchester,Indulge in a Relaxing Spa Experience at Aura Salon,"Treat yourself or someone special to this offer. Whether it's a birthday, anniversary, or just a Tuesday — you deserve something nice. Great quality at an unbeatable price. Restrictions may apply — see fine print for full details.",Valid at Manchester location only; Photo ID required; 48-hour cancellation policy; Valid for dine-in only,2,"Quick Refresh, Full Makeover",27,44,0.3864,Aura Salon,5,104,1456,45,1620,68,1946,56,1437,61,1679,69,1554,53,1724,60,2108,79,0.036306,37.61,0.0529
c626a1ae-dd53-4544-8987-aa257cc20ca4,Automotive,Detailing,Chicago,Drive w/ Confidence After Visiting QuickLube Motor Works,This is a deal you won't want to miss. Perfect for anyone looking for a great experience at a great price. Limited availability — grab it before it's gone. Valid for new and existing customers. See fine print for full details and restrictions.,Photo ID required; New customers only; Valid for dine-in only; Not valid Dec 24-Jan 2; Valid Mon-Fri only; Limit 1 per person; Limit 1 per household; Not valid on holidays; Expires 90 days from purchase,3,"Basic, Standard, Premium",79,153,0.4837,QuickLube Motor Works,2,92,2113,28,2032,26,2088,25,1701,24,2547,35,1877,20,2506,30,2021,28,0.012792,83.83,0.0549
5ad9513c-b1aa-4508-a2be-e86fa96b86ce,Automotive,Inspection,London,Drive w/ Confidence After Visiting SpeedWay Service Center,Highly rated by Groupon customers in London. Easy online booking with instant confirmation. Satisfaction guaranteed or your money back. This deal won't last long — availability is limited.,Limit 1 per household; Must redeem within 30 days; Gratuity not included; Valid for dine-in only; Valid at London location only,3,"Express Service, Full Detail, Showroom Finish",60,97,0.3814,SpeedWay Service Center,4,84,431,12,367,14,325,10,534,14,424,11,437,15,398,13,415,14,0.030922,78.23,0.0706
012e27b1-8d96-4e7e-8829-527ff9d8a463,Home Services,Landscaping,Los Angeles,Full Carpet Cleaning for 3 or 5 Rooms at BrightHome Experts,"What We Offer: Our licensed, bonded, and insured professionals arrive at your home with all necessary supplies and equipment — you don't need to provide anything. The service includes a thorough walkthrough before we begin, the service itself, and a final inspection with you to ensure everything meets your standards. We clean up after ourselves. Why You Should Grab This Offer: We've served over 2,000 homes in Los Angeles and maintain a 4.7-star rating. Every technician is background-checked, drug-tested, and has an average of 8 years of experience. We offer a 100% satisfaction guarantee — if you're not happy, we come back and fix it at no charge. Our customers particularly appreciate our on-time arrival and transparent pricing with no hidden fees. Good to Know: Serving Los Angeles and surrounding areas within 30 miles. Online booking with 2-hour arrival windows. Service takes approximately 1-3 hours depending on home size and scope.",Valid for dine-in only; Limit 1 per person; Expires 90 days from purchase,4,"Option 1, Option 2, Option 3, Option 4",70,171,0.5906,BrightHome Experts,2,71,2063,90,1739,78,1953,88,2229,68,2273,92,1836,72,1652,62,2170,107,0.041282,72.5,0.0621
4460d449-6bd9-4eea-95c8-faaf805a5f96,Travel,Resorts,Birmingham,3-Night Beachfront Condo Stay for Up to 4 Guests at Seaside Retreat,"What We Offer: A relaxing stay at a hand-picked property featuring on-site dining, pool, fitness center, and complimentary Wi-Fi throughout. Your rate includes daily breakfast for two, served in our dining room or delivered to your suite. Rooms feature premium linens, blackout curtains, a Nespresso machine, and a fully stocked minibar (charges apply). Why You Should Grab This Offer: Escape the routine without the hassle of planning every detail. We've partnered with this property specifically for its combination of location, amenities, and service quality. Guest reviews consistently highlight the friendly staff, clean rooms, and excellent breakfast spread. Good to Know: Check-in from 3 PM, checkout by 11 AM. Late checkout available upon request (subject to availability). Free cancellation up to 48 hours before arrival. Parking included. Pet-friendly rooms available on request at select properties.",Must be 18+; Gratuity not included; Subject to availability; New customers only,2,"Option 1, Option 2",150,272,0.4485,Seaside Retreat,3,49,2085,162,2511,203,2700,239,2737,195,1988,143,2333,219,2041,137,2516,174,0.077838,188.77,0.0987
26084675-1a28-4286-a2dd-97ea966f60e5,Beauty & Spas,Spa,Houston,Glow Up w/ Services at Aura Day Spa,This is a deal you won't want to miss. Perfect for anyone looking for a great experience at a great price. Limited availability — grab it before it's gone. Valid for new and existing customers. See fine print for full details and restrictions.,No cash value; Not valid on holidays; Gratuity not included; Expires 90 days from purchase; Must be 18+; 48-hour cancellation policy,2,"Touch-Up, Head-to-Toe Glow",48,97,0.5052,Aura Day Spa,4,80,3747,114,2916,88,3682,100,2796,110,3561,131,3639,134,1781,65,1807,62,0.033599,70.67,0.0775
f6aa6d53-9378-49e3-b4b7-1492518439be,Things to Do,Attractions,Los Angeles,Family-Friendly General Admission to Adventure Tours,"What We Offer: A guided experience led by knowledgeable local experts who know every hidden gem in Los Angeles. Small group sizes — maximum 12 participants — ensure a personal, interactive experience. All necessary equipment and materials are included in the price. No prior experience or special skills required. Why You Should Grab This Offer: We've hosted over 5,000 guests and maintain a 4.8-star rating. Our guides don't just walk you through the experience — they make it memorable with stories, tips, and insider knowledge you won't find in a guidebook. Perfect for families, couples, corporate outings, or solo adventurers. Good to Know: Open year-round, rain or shine (indoor alternatives available for weather-sensitive activities). Children under 12 must be accompanied by an adult. Gift cards available — makes a great last-minute present. Arrive 15 minutes before your scheduled start time.",Must present voucher on arrival; No cash value; Valid at Los Angeles location only; Valid Mon-Fri only; No refunds after redemption,4,"1 Visit, 3 Visits, 5 Visits, 10 Visits",11,20,0.45,Adventure Tours,3,35,621,50,800,69,899,57,692,57,739,66,875,79,717,51,955,78,0.080502,13.1,0.036
8c8e4fc7-fbe6-4a3c-ac94-4a5afbf01924,Beauty & Spas,Spa,Dallas,Revitalize Your Look w/ Amazing Services at Glow Beauty Bar,"Save on this top-rated experience in Dallas. Whether you're a local or just visiting, this deal offers real value. Simple redemption — just show your voucher. See fine print for full details.",Excludes alcohol; Not valid on holidays; Valid at Dallas location only; Photo ID required; Limit 1 per person,2,"Touch-Up, Head-to-Toe Glow",69,165,0.5818,Glow Beauty Bar,2,64,3208,42,2683,42,2738,42,2272,36,2600,31,2362,32,2039,32,2051,33,0.014534,83.29,0.0597
ff460ef3-2c91-4cb5-b25c-62e6f2dbb4e8,Food & Drink,Cafes & Bakeries,Birmingham,5-Course Italian Tasting Menu for Two at Fig & Honey Eatery,"What We Offer: Enjoy a carefully curated dining experience prepared by our award-winning chef using locally sourced, seasonal ingredients. Each course is thoughtfully paired with beverages selected by our in-house sommelier. The menu changes quarterly to reflect the freshest produce available, so every visit offers something new. Vegetarian, vegan, and gluten-free options are always available — just let your server know. Why You Should Grab This Offer: We've been recognized by local food critics as one of Birmingham's best-kept secrets, with a 4.6-star average on Google and Yelp. Our intimate dining room seats just 40 guests, creating a personal atmosphere you won't find at larger establishments. Private dining available for groups of 8 or more. Good to Know: Reservations recommended, especially on weekends. Free street parking available after 6 PM. Kids' menu available for diners under 12.",Photo ID required; New customers only; Valid Mon-Fri only; Excludes weekends & public holidays; No cash value; Excludes alcohol; Must present voucher on arrival; No refunds after redemption,2,"Small, Large",25,56,0.5536,Fig & Honey Eatery,4,87,2404,170,2386,148,1963,98,2417,110,2273,109,2444,149,1199,58,2157,153,0.057705,27.88,0.0568
30d1dc72-db14-4dba-8372-d8d1169be98c,Beauty & Spas,Hair,Seattle,Look & Feel Your Best at Velvet Wellness Center,Highly rated by Groupon customers in Seattle. Easy online booking with instant confirmation. Satisfaction guaranteed or your money back. This deal won't last long — availability is limited.,Valid at Seattle location only; No cash value; Valid Mon-Fri only; New customers only; Must be 18+; 48-hour cancellation policy,4,"1 Visit, 3 Visits, 5 Visits, 10 Visits",77,125,0.384,Velvet Wellness Center,1,92,2102,29,1810,30,742,11,1681,25,1759,22,1282,23,1614,24,1929,25,0.01463,93.47,0.0773
c9c1185a-4cbe-42d5-a1f8-02b7e00ded24,Things to Do,Attractions,Houston,Family-Friendly 2-Hour Kayak or Paddleboard Rental at Summit Fun Zone,"What We Offer: An unforgettable activity designed for all skill levels. Whether you're a first-timer or a seasoned pro, our experienced staff will ensure you have a safe, enjoyable time. Sessions are structured with a brief orientation, the main activity, and time for questions or photos afterward. Groups of 6 or more receive a dedicated host. Why You Should Grab This Offer: This isn't a factory-line tourist trap — we limit capacity to maintain quality, so every guest gets real attention. Our facility has been recently renovated with state-of-the-art equipment. We've been voted one of Houston's top activities on TripAdvisor for three consecutive years. Good to Know: Walk-ins welcome but reservations guarantee your spot during peak times. Private event bookings available for birthdays, team outings, and celebrations. Free parking on-site.",New customers only; Not valid Dec 24-Jan 2; No cash value; Valid at Houston location only,3,"Small, Medium, Large",58,90,0.3556,Summit Fun Zone,5,45,2959,204,2918,154,2368,200,2983,293,3024,261,2779,223,3323,269,2700,217,0.078988,69.51,0.0618
c6792cd2-739a-4f12-89a2-15299249ced5,Home Services,HVAC,Chicago,Dryer Vent Cleaning & Inspection at TopNotch Pros,"What We Offer: Our licensed, bonded, and insured professionals arrive at your home with all necessary supplies and equipment — you don't need to provide anything. The service includes a thorough walkthrough before we begin, the service itself, and a final inspection with you to ensure everything meets your standards. We clean up after ourselves. Why You Should Grab This Offer: We've served over 2,000 homes in Chicago and maintain a 4.7-star rating. Every technician is background-checked, drug-tested, and has an average of 8 years of experience. We offer a 100% satisfaction guarantee — if you're not happy, we come back and fix it at no charge. Our customers particularly appreciate our on-time arrival and transparent pricing with no hidden fees. Good to Know: Serving Chicago and surrounding areas within 30 miles. Online booking with 2-hour arrival windows. Service takes approximately 1-3 hours depending on home size and scope.",Excludes alcohol; Valid for dine-in only; Gratuity not included; Valid Mon-Fri only; 48-hour cancellation policy; Appointment required; Expires 90 days from purchase,2,"1 Session, 3 Sessions",155,371,0.5822,TopNotch Pros,3,43,2748,139,1547,85,2861,131,2389,126,1260,65,1974,87,1834,90,2032,89,0.048783,140.15,0.0566
91a17578-6d93-49b9-9b55-7a14365b57be,Travel,Getaways,Dallas,Escape the Everyday at Seaside Retreat,An opportunity to enjoy premium service at a fraction of the regular cost. Our customers love the convenience and value of this deal. Valid for the options listed. See fine print for scheduling and restrictions.,Must be 18+; Must present voucher on arrival; Expires 90 days from purchase; Cannot be combined with other offers; Not valid on holidays; Valid Mon-Fri only; No refunds after redemption; Limit 1 per household,1,Weekend Escape,228,323,0.2941,Seaside Retreat,2,77,2549,40,2188,29,2241,33,1403,22,2224,42,2411,40,3415,55,2855,35,0.015348,271.61,0.0685
b46722ec-7680-4dc6-9aa7-ca48a442f908,Automotive,Detailing,San Francisco,Incredible Vehicle Service at DriveClean Garage,Highly rated by Groupon customers in San Francisco. Easy online booking with instant confirmation. Satisfaction guaranteed or your money back. This deal won't last long — availability is limited.,Must present voucher on arrival; Merchant is solely responsible for care; Gratuity not included,1,Complete Vehicle Refresh,52,71,0.2676,DriveClean Garage,5,56,1887,62,3046,115,3191,103,2621,82,3508,89,2006,68,3285,119,1905,55,0.032309,69.5,0.0611
96a2d418-0fe7-4fea-b845-f3e2c60aa8c3,Health & Fitness,Dental,New York,1 or 3 Colon Hydrotherapy Sessions at Vitality Family Dentistry,"What We Offer: A comprehensive evaluation followed by a customized treatment plan. Our state-of-the-art facility features the latest equipment and technology, operated by practitioners with an average of 12 years of clinical experience. First-time patients receive a thorough consultation covering medical history, lifestyle factors, and treatment goals. Why You Should Grab This Offer: We believe in treating the root cause, not just symptoms. Our team works collaboratively to ensure continuity of care across visits. Follow-up sessions are scheduled based on your individual progress — no unnecessary upsells. Clients appreciate our straightforward approach and evidence-based methodology. Good to Know: Conveniently located in downtown New York with easy transit access. Online booking available with real-time availability. Walk-ins accepted for select services on weekdays.",Must redeem within 30 days; Photo ID required; 48-hour cancellation policy; No cash value; Appointment required; Valid for dine-in only; Gratuity not included; Excludes weekends & public holidays; Not valid Dec 24-Jan 2,2,"Kickstart Program, Total Body Overhaul",117,167,0.2994,Vitality Family Dentistry,4,22,1095,102,1299,93,677,55,993,88,915,50,624,43,826,77,1164,76,0.076913,185.92,0.0999
6197349f-86d4-4810-abbd-25206dcb195b,Beauty & Spas,Nails,San Francisco,Revitalize Your Look w/ Amazing Services at Pearl Beauty Studio,Experience the best that San Francisco has to offer with this popular deal. Thousands of Groupon customers have enjoyed this offer. Book now to secure your spot before availability runs out. See fine print for redemption details.,Gratuity not included; Cannot be combined with other offers; 48-hour cancellation policy; Must redeem within 30 days; Not valid on holidays,3,"1 Session, 3 Sessions, 5 Sessions",97,139,0.3022,Pearl Beauty Studio,1,85,973,14,1540,25,1520,17,1274,19,1203,18,1707,23,1128,14,1221,19,0.014102,102.31,0.0374
d21e2538-047b-4c9e-b6c7-1430682c2a1b,Things to Do,Attractions,Manchester,Fun for Everyone at Urban Adventures,"Save on this top-rated experience in Manchester. Whether you're a local or just visiting, this deal offers real value. Simple redemption — just show your voucher. See fine print for full details.",Valid for dine-in only; Valid at Manchester location only; Limit 1 per household; Not valid Dec 24-Jan 2; Subject to availability; Must redeem within 30 days; Valid Mon-Fri only,3,"Basic, Standard, Premium",38,89,0.573,Urban Adventures,1,36,2505,47,2142,40,2345,36,1368,20,2418,50,1804,31,2654,53,1843,32,0.018092,48.93,0.0713
5ee84cbe-0fe1-4458-b05c-a90505d5d25b,Retail,Fashion,Denver,Portable Bluetooth Speaker — Waterproof,What's Included: Product ships within 2-3 business days via USPS or UPS with tracking number provided via email. Each item is quality-inspected before shipping and arrives in protective packaging. 30-day hassle-free returns accepted with original packaging — we'll provide a prepaid return label. Why You Should Grab This Offer: This product has been one of our top sellers with over 500 five-star reviews. Made with premium materials designed for daily use. Makes an excellent gift — arrives in presentation-ready packaging with the option to include a personalized gift note at checkout. Good to Know: Available in multiple sizes and colors — select your preferred option at checkout. Ships to all 50 US states. International shipping available for an additional fee. Bulk orders of 5+ units receive an automatic 10% discount.,Valid Mon-Fri only; Limit 1 per household; Photo ID required; Gratuity not included; Valid for dine-in only,1,Basic,31,62,0.5,Luxe Co.,3,73,3030,140,3449,201,3018,151,4521,232,3191,165,3326,155,5114,284,4094,243,0.052819,26.51,0.0211
035a45bf-1968-4bb9-ada5-b5aaf219c633,Retail,Fashion,Madrid,Top Picks for Every Budget,Experience the best that Madrid has to offer with this popular deal. Thousands of Groupon customers have enjoyed this offer. Book now to secure your spot before availability runs out. See fine print for redemption details.,Valid at Madrid location only; Excludes alcohol; Must present voucher on arrival; No cash value,2,"Starter Set, Complete Collection",29,56,0.4821,Ember Goods,1,7,907,14,1574,24,1250,19,662,7,1867,33,1300,21,1014,12,1307,12,0.014371,33.05,0.0721
a970972a-7645-459c-a866-066710d668a4,Things to Do,Outdoor Activities,New York,Fun for Everyone at Skyline Cruises,Highly rated by Groupon customers in New York. Easy online booking with instant confirmation. Satisfaction guaranteed or your money back. This deal won't last long — availability is limited.,No cash value; Not valid on holidays; Excludes alcohol; 48-hour cancellation policy; Expires 90 days from purchase; Promotional value expires 120 days after purchase; Photo ID required; Excludes weekends & public holidays,4,"Option 1, Option 2, Option 3, Option 4",41,67,0.3881,Skyline Cruises,2,76,2741,38,2366,23,2700,20,2729,36,1986,22,3017,38,2405,25,2087,19,0.011033,45.08,0.0308
6aceb748-91d1-46d0-a977-fc62b23180b5,Things to Do,Entertainment,Boston,Glow-in-the-Dark Mini Golf for Two or Four at Urban Activities,"What We Offer: An unforgettable activity designed for all skill levels. Whether you're a first-timer or a seasoned pro, our experienced staff will ensure you have a safe, enjoyable time. Sessions are structured with a brief orientation, the main activity, and time for questions or photos afterward. Groups of 6 or more receive a dedicated host. Why You Should Grab This Offer: This isn't a factory-line tourist trap — we limit capacity to maintain quality, so every guest gets real attention. Our facility has been recently renovated with state-of-the-art equipment. We've been voted one of Boston's top activities on TripAdvisor for three consecutive years. Good to Know: Walk-ins welcome but reservations guarantee your spot during peak times. Private event bookings available for birthdays, team outings, and celebrations. Free parking on-site.",Appointment required; Cannot be combined with other offers; Gratuity not included,4,"Quick Try, Half Day, Full Day Adventure, Private Group Experience",50,99,0.4949,Urban Activities,5,32,1545,99,2125,147,2234,140,1835,152,1640,78,2738,189,1850,161,1490,109,0.069548,62.76,0.054
a0065aff-c1ef-4f89-9d5e-ae0ffa46ba5d,Automotive,Tires,London,Incredible Vehicle Service at TopGear Service Center,An opportunity to enjoy premium service at a fraction of the regular cost. Our customers love the convenience and value of this deal. Valid for the options listed. See fine print for scheduling and restrictions.,Valid for dine-in only; Must redeem within 30 days; Limit 1 per person; Excludes alcohol; Appointment required; Subject to availability; Valid at London location only; Photo ID required,1,Complete Vehicle Refresh,49,101,0.5149,TopGear Service Center,2,54,3568,58,3022,48,1795,26,2395,30,3116,60,3503,55,3371,41,3487,55,0.015377,57.3,0.0754
050d34ab-f888-4335-84d5-08c2d77b22dd,Automotive,Tires,Miami,Amazing Auto Service at DriveClean Auto Care,Highly rated by Groupon customers in Miami. Easy online booking with instant confirmation. Satisfaction guaranteed or your money back. This deal won't last long — availability is limited.,Cannot be combined with other offers; Not valid Dec 24-Jan 2; Photo ID required; Valid at Miami location only; Merchant is solely responsible for care; No refunds after redemption; Appointment required; Must redeem within 30 days; Gratuity not included; Excludes alcohol,2,"Basic, Standard",70,134,0.4776,DriveClean Auto Care,4,59,2080,58,2315,117,2173,47,2473,87,2214,73,1973,80,2173,102,1965,86,0.037429,84.22,0.068
c3aceb74-9627-49bd-87d8-f90e8e0bad1d,Health & Fitness,Weight Loss,Manchester,60-Minute Hyperbaric Oxygen Therapy Session at Balance Family Dentistry,"What We Offer: Choose from single or multi-session packages designed to fit your health goals. Each session begins with a brief check-in to assess how you're feeling and adjust the plan as needed. Our facility is ADA-accessible, climate-controlled, and equipped with the latest diagnostic and therapeutic tools. Why You Should Grab This Offer: Over 1,500 clients in Manchester have trusted us with their care. We maintain a 4.6-star rating on Google with particular praise for our professional, no-pressure approach. Every treatment is backed by a satisfaction guarantee — if you're not happy with your experience, we'll work to make it right. Good to Know: Extended hours available Tuesday through Thursday until 8 PM. Bring comfortable clothing for movement-based sessions. Free consultation for first-time clients to determine the best treatment path.",Excludes weekends & public holidays; Subject to availability; Valid at Manchester location only; Must be 18+; Valid for dine-in only; Gratuity not included,2,"Kickstart Program, Total Body Overhaul",112,152,0.2632,Balance Family Dentistry,4,82,2061,124,1866,134,1712,136,1295,110,1731,143,1246,89,1526,128,1565,152,0.078142,126.92,0.1047
c03af1d5-2ca8-4c61-99d0-bfc3e89089f9,Things to Do,Classes,San Francisco,Best Experience in San Francisco at Starlight Experiences,Experience the best that San Francisco has to offer with this popular deal. Thousands of Groupon customers have enjoyed this offer. Book now to secure your spot before availability runs out. See fine print for redemption details.,Merchant is solely responsible for care; No cash value; Valid at San Francisco location only; Photo ID required; Must present voucher on arrival,2,"Option 1, Option 2",80,131,0.3893,Starlight Experiences,1,29,1932,30,1462,26,1356,25,1373,28,1394,24,1900,36,1645,25,1978,32,0.017331,122.52,0.0857
cdb3ca52-13ed-40f7-a731-f36fcb845bf8,Health & Fitness,Chiropractic,Birmingham,Experience Premium Wellness at Meridian Wellness Clinic,"Looking for something special? This deal has you covered. Great for individuals, couples, or groups. Flexible scheduling available. Check the fine print for full terms and restrictions. Voucher must be presented on arrival.",Photo ID required; Promotional value expires 120 days after purchase; Valid for dine-in only; Cannot be combined with other offers; Must present voucher on arrival; Not valid on holidays; New customers only; Gratuity not included; Limit 1 per household,2,"Single, Double",130,261,0.5019,Meridian Wellness Clinic,3,81,2658,56,2175,38,2776,70,2385,43,2378,49,2974,45,2022,33,1882,33,0.019065,133.48,0.1039
9b518083-d6c9-45e5-a893-7935d0c4e4fe,Retail,Home Goods,Chicago,Incredible Gift Ideas for Any Occasion,A great way to try something new without breaking the bank. This deal has been popular with Groupon customers. Limited quantities available. Valid only for the option purchased. See fine print for all terms.,New customers only; Gratuity not included; Merchant is solely responsible for care; Expires 90 days from purchase; Appointment required; Not valid Dec 24-Jan 2; Excludes weekends & public holidays; Subject to availability,2,"Option 1, Option 2",19,49,0.6122,Finch Store,2,97,3090,39,2628,27,2103,25,3542,27,3570,37,3343,32,1794,19,3858,43,0.010406,20.55,0.0952
2a7d2c40-0b5c-4670-a8a3-dfad27a9ccf5,Food & Drink,Restaurants,Barcelona,Taste the Best of Barcelona at Silver Kitchen,This is a deal you won't want to miss. Perfect for anyone looking for a great experience at a great price. Limited availability — grab it before it's gone. Valid for new and existing customers. See fine print for full details and restrictions.,Expires 90 days from purchase; Subject to availability; Not valid Dec 24-Jan 2; Must be 18+; Promotional value expires 120 days after purchase; No refunds after redemption; Not valid on holidays; Must present voucher on arrival; Limit 1 per person,2,"Single, Double",45,82,0.4512,Silver Kitchen,3,22,2665,64,3430,79,2107,60,2799,48,2443,55,2563,59,2579,60,2579,51,0.02249,36.0,0.0705
3af3a7b0-9737-4f31-8daa-6df51cd2cda1,Food & Drink,Restaurants,Manchester,90-Min Premier Architecture Dinner Cruise at Oak & Vine Brasserie,"What We Offer: A complete dining experience that includes your choice of entrees, sides, and beverages as outlined in the deal options. Everything is prepared to order — nothing sits under a heat lamp. Our kitchen team takes pride in consistency: every plate that leaves our kitchen meets the same standard, whether it's a Tuesday lunch or Saturday dinner. Why You Should Grab This Offer: We've been serving Manchester for over 8 years and have built a loyal following through honest food at fair prices. Featured in local press and food blogs. Our staff is attentive without being overbearing — we want you to enjoy your meal, not feel rushed. Good to Know: Dine-in only. Reservations available online or by phone. Large party accommodations available with 48 hours notice. Validated parking in the adjacent garage.",Must present voucher on arrival; Not valid on holidays; No refunds after redemption; Must redeem within 30 days; Excludes alcohol; Expires 90 days from purchase; Valid Mon-Fri only; Not valid Dec 24-Jan 2; Subject to availability; Merchant is solely responsible for care,2,"Date Night Dinner, Grand Feast for Two",12,20,0.4,Oak & Vine Brasserie,4,26,2312,138,1891,117,3052,127,2410,150,3256,205,2061,105,2486,133,2711,129,0.05471,12.39,0.0698
1d2a317c-f6c9-40d8-98c7-1e2a0c4b1e8c,Travel,Getaways,Denver,Relax & Unwind at Grand Resort,A great way to try something new without breaking the bank. This deal has been popular with Groupon customers. Limited quantities available. Valid only for the option purchased. See fine print for all terms.,Excludes alcohol; Excludes weekends & public holidays; Must redeem within 30 days,4,"1 Visit, 3 Visits, 5 Visits, 10 Visits",207,458,0.548,Grand Resort,4,70,1413,63,2715,140,3235,163,2476,142,2532,132,3231,149,3443,157,2593,76,0.047232,186.92,0.0474
6704a042-7d89-4126-a28a-76596ed2ead4,Health & Fitness,Dental,Los Angeles,Semaglutide or Tirzepatide Weight-Loss Program w/ Consultation at Wellness Family Dentistry,"What We Offer: A comprehensive evaluation followed by a customized treatment plan. Our state-of-the-art facility features the latest equipment and technology, operated by practitioners with an average of 12 years of clinical experience. First-time patients receive a thorough consultation covering medical history, lifestyle factors, and treatment goals. Why You Should Grab This Offer: We believe in treating the root cause, not just symptoms. Our team works collaboratively to ensure continuity of care across visits. Follow-up sessions are scheduled based on your individual progress — no unnecessary upsells. Clients appreciate our straightforward approach and evidence-based methodology. Good to Know: Conveniently located in downtown Los Angeles with easy transit access. Online booking available with real-time availability. Walk-ins accepted for select services on weekdays.",Not valid Dec 24-Jan 2; Must be 18+; Valid for dine-in only; Not valid on holidays,3,"Trial Session, Fitness Jumpstart, Complete Wellness Program",11,20,0.45,Wellness Family Dentistry,4,103,2559,123,2115,85,2531,141,2007,107,2053,99,2761,150,2144,102,1977,117,0.050918,20.42,0.0274
10f57330-3e2f-4be3-aa89-4c4418eb07b1,Things to Do,Outdoor Activities,Dallas,Axe Throwing — 1-Hour Session for Two or Four at Coast Entertainment,"What We Offer: An unforgettable activity designed for all skill levels. Whether you're a first-timer or a seasoned pro, our experienced staff will ensure you have a safe, enjoyable time. Sessions are structured with a brief orientation, the main activity, and time for questions or photos afterward. Groups of 6 or more receive a dedicated host. Why You Should Grab This Offer: This isn't a factory-line tourist trap — we limit capacity to maintain quality, so every guest gets real attention. Our facility has been recently renovated with state-of-the-art equipment. We've been voted one of Dallas's top activities on TripAdvisor for three consecutive years. Good to Know: Walk-ins welcome but reservations guarantee your spot during peak times. Private event bookings available for birthdays, team outings, and celebrations. Free parking on-site.",Valid Mon-Fri only; Expires 90 days from purchase; Excludes weekends & public holidays; Subject to availability; No refunds after redemption; Limit 1 per person; Not valid Dec 24-Jan 2,2,"1 Session, 3 Sessions",54,100,0.46,Coast Entertainment,3,91,1599,82,1533,61,1612,83,1132,55,1662,71,2205,119,1431,63,2073,89,0.04703,54.38,0.1313
0822f873-981e-4a4a-9c77-7f2bb17a4679,Beauty & Spas,Nails,Denver,Before & After Body Contouring — 2 or 4 EMSCULPT NEO Sessions at Pearl Skin Lounge,"What We Offer: This deal includes a full consultation to identify your specific skin concerns, followed by a customized treatment performed by a licensed aesthetician with over 10 years of experience. All products used are medical-grade and dermatologist-approved. The session begins with a thorough skin analysis, followed by the treatment itself, and ends with a personalized at-home care plan. Before and after photos are taken so you can track your results over time. Why You Should Grab This Offer: Whether you're dealing with fine lines, uneven skin tone, acne scarring, or just want a refresh, this treatment is designed to deliver visible results from the first session. Our specialists tailor every session to your skin type — no cookie-cutter approach. Good to Know: Located in Denver with free parking and complimentary refreshments in the waiting area. Open 7 days a week with evening appointments available. Online booking at our website — same-week availability.",48-hour cancellation policy; Not valid Dec 24-Jan 2; New customers only,3,"Small, Medium, Large",406,630,0.3556,Pearl Skin Lounge,3,77,1273,7,1462,5,1001,3,1903,9,1195,7,1874,13,1474,7,1689,8,0.00497,424.2,0.0676
5e48a019-03a4-4206-8264-e59508a6efba,Home Services,Handyman,Birmingham,Amazing Home Service at Spotless Care,Experience the best that Birmingham has to offer with this popular deal. Thousands of Groupon customers have enjoyed this offer. Book now to secure your spot before availability runs out. See fine print for redemption details.,Expires 90 days from purchase; Not valid Dec 24-Jan 2; Subject to availability; 48-hour cancellation policy; No cash value; Valid for dine-in only; Must redeem within 30 days; Excludes alcohol; Appointment required,3,"Single Room, Multi-Room Package, Complete Home Overhaul",114,154,0.2597,Spotless Care,2,51,337,0,316,1,406,2,317,1,393,1,332,2,314,1,429,2,0.003516,147.23,0.0847
accfc9c2-6dc2-421b-a27e-2c63b5849bc8,Retail,Fashion,Birmingham,Amazing Deal on Must-Have Products,An opportunity to enjoy premium service at a fraction of the regular cost. Our customers love the convenience and value of this deal. Valid for the options listed. See fine print for scheduling and restrictions.,New customers only; Excludes weekends & public holidays; Not valid Dec 24-Jan 2; Valid Mon-Fri only; Merchant is solely responsible for care; Not valid on holidays; Excludes alcohol; Limit 1 per household,1,Single Visit,26,45,0.4222,Urban Market,2,41,1097,14,1515,19,1208,10,923,12,1303,23,824,9,1191,15,1371,17,0.012617,30.44,0.1506
5681c4b5-66e0-473f-a536-9faec478fe9c,Retail,Fashion,Madrid,Portable Bluetooth Speaker — Waterproof,What's Included: Product ships within 2-3 business days via USPS or UPS with tracking number provided via email. Each item is quality-inspected before shipping and arrives in protective packaging. 30-day hassle-free returns accepted with original packaging — we'll provide a prepaid return label. Why You Should Grab This Offer: This product has been one of our top sellers with over 500 five-star reviews. Made with premium materials designed for daily use. Makes an excellent gift — arrives in presentation-ready packaging with the option to include a personalized gift note at checkout. Good to Know: Available in multiple sizes and colors — select your preferred option at checkout. Ships to all 50 US states. International shipping available for an additional fee. Bulk orders of 5+ units receive an automatic 10% discount.,Cannot be combined with other offers; Must present voucher on arrival; No cash value; Excludes weekends & public holidays; Promotional value expires 120 days after purchase,3,"Small, Medium, Large",16,35,0.5429,Sage Store,3,44,1982,100,1967,74,1992,59,2088,83,2011,70,2186,104,1445,55,2416,95,0.039784,14.18,0.0416
d172fe65-e181-427a-8593-630501c9192b,Travel,Resorts,Miami,2-Night Spa Retreat w/ Daily Breakfast & One Dinner at Vista Suites,"What We Offer: A relaxing stay at a hand-picked property featuring on-site dining, pool, fitness center, and complimentary Wi-Fi throughout. Your rate includes daily breakfast for two, served in our dining room or delivered to your suite. Rooms feature premium linens, blackout curtains, a Nespresso machine, and a fully stocked minibar (charges apply). Why You Should Grab This Offer: Escape the routine without the hassle of planning every detail. We've partnered with this property specifically for its combination of location, amenities, and service quality. Guest reviews consistently highlight the friendly staff, clean rooms, and excellent breakfast spread. Good to Know: Check-in from 3 PM, checkout by 11 AM. Late checkout available upon request (subject to availability). Free cancellation up to 48 hours before arrival. Parking included. Pet-friendly rooms available on request at select properties.",No cash value; Must present voucher on arrival; Excludes weekends & public holidays; Gratuity not included,2,"1 Session, 3 Sessions",328,361,0.0914,Vista Suites,2,30,2998,32,2002,25,2508,36,2435,28,2730,34,1843,20,2833,37,2109,25,0.01218,262.4,0.0861
674a7082-26b5-4153-8722-2a2fd8d6574a,Beauty & Spas,Med Spa,Houston,"1, 3, or 6 Laser Skin-Resurfacing Sessions at Bella Spa","What We Offer: A results-driven treatment tailored to your individual needs, performed by certified specialists who have completed over 500 hours of advanced training. Each session includes a pre-treatment consultation, the procedure itself, and post-care instructions. We use only premium, cruelty-free products from leading clinical brands. Why You Should Grab This Offer: This treatment has been one of our most popular services for the past two years, with a 92% client satisfaction rate. Whether this is your first time or you're a returning client, we customize every session. Our treatment rooms are private and fully sanitized between appointments. Good to Know: Walk-ins welcome, but appointments are recommended to guarantee your preferred time. Located in downtown Houston with easy transit access. Gift cards available if you'd like to share the experience.",Photo ID required; Valid for dine-in only; Valid at Houston location only; Must present voucher on arrival; Excludes weekends & public holidays; Subject to availability; Excludes alcohol; Promotional value expires 120 days after purchase,3,"Basic, Standard, Premium",58,86,0.3256,Bella Spa,3,109,2038,62,1431,49,1345,34,2101,65,1725,69,1998,86,1865,55,1761,68,0.034212,73.13,0.0765
a8c8f567-7262-4c1a-a0cb-2f6693b002cd,Retail,Electronics,Seattle,"Organic Skincare Set — Cleanser, Serum & Moisturizer",What's Included: Product ships within 2-3 business days via USPS or UPS with tracking number provided via email. Each item is quality-inspected before shipping and arrives in protective packaging. 30-day hassle-free returns accepted with original packaging — we'll provide a prepaid return label. Why You Should Grab This Offer: This product has been one of our top sellers with over 500 five-star reviews. Made with premium materials designed for daily use. Makes an excellent gift — arrives in presentation-ready packaging with the option to include a personalized gift note at checkout. Good to Know: Available in multiple sizes and colors — select your preferred option at checkout. Ships to all 50 US states. International shipping available for an additional fee. Bulk orders of 5+ units receive an automatic 10% discount.,Not valid on holidays; Valid at Seattle location only; Merchant is solely responsible for care; Gratuity not included; No refunds after redemption; Excludes alcohol; Cannot be combined with other offers; Excludes weekends & public holidays; Must present voucher on arrival; Limit 1 per person,2,"Starter Set, Complete Collection",34,46,0.2609,Wander Co.,5,96,155,11,286,25,243,19,152,15,205,17,271,19,221,18,217,19,0.081714,40.03,0.0654
f66da6b6-70f0-49d4-9735-5541b7d5d763,Food & Drink,Meal Kits,Chicago,Dozen Gourmet Cupcakes or Custom Cake at Marco's Trattoria,"What We Offer: Enjoy a carefully curated dining experience prepared by our award-winning chef using locally sourced, seasonal ingredients. Each course is thoughtfully paired with beverages selected by our in-house sommelier. The menu changes quarterly to reflect the freshest produce available, so every visit offers something new. Vegetarian, vegan, and gluten-free options are always available — just let your server know. Why You Should Grab This Offer: We've been recognized by local food critics as one of Chicago's best-kept secrets, with a 4.6-star average on Google and Yelp. Our intimate dining room seats just 40 guests, creating a personal atmosphere you won't find at larger establishments. Private dining available for groups of 8 or more. Good to Know: Reservations recommended, especially on weekends. Free street parking available after 6 PM. Kids' menu available for diners under 12.",No refunds after redemption; Limit 1 per person; Must be 18+; Valid at Chicago location only,3,"1 Session, 3 Sessions, 5 Sessions",40,66,0.3939,Marco's Trattoria,5,37,2347,233,2426,228,3399,276,2001,160,1799,133,2038,137,2364,177,1999,136,0.080553,49.79,0.0722
a83b9802-16ef-424b-bc30-82c2b0bd51c5,Home Services,HVAC,Dallas,Dryer Vent Cleaning & Inspection at AllStar Cleaning Co.,"What We Offer: Our licensed, bonded, and insured professionals arrive at your home with all necessary supplies and equipment — you don't need to provide anything. The service includes a thorough walkthrough before we begin, the service itself, and a final inspection with you to ensure everything meets your standards. We clean up after ourselves. Why You Should Grab This Offer: We've served over 2,000 homes in Dallas and maintain a 4.7-star rating. Every technician is background-checked, drug-tested, and has an average of 8 years of experience. We offer a 100% satisfaction guarantee — if you're not happy, we come back and fix it at no charge. Our customers particularly appreciate our on-time arrival and transparent pricing with no hidden fees. Good to Know: Serving Dallas and surrounding areas within 30 miles. Online booking with 2-hour arrival windows. Service takes approximately 1-3 hours depending on home size and scope.",Valid for dine-in only; Valid at Dallas location only; Expires 90 days from purchase; Gratuity not included; Limit 1 per household; Not valid Dec 24-Jan 2; Limit 1 per person; Must be 18+; 48-hour cancellation policy,1,1 Session,36,55,0.3455,AllStar Cleaning Co.,2,83,1751,93,2049,123,2065,106,1630,76,2488,140,1298,73,849,43,1505,97,0.055079,37.27,0.0938
fe3d7b38-d98b-4ef5-9135-81c2f0cf6afd,Beauty & Spas,Med Spa,Chicago,Transform Your Skin w/ Professional Care at Velvet Aesthetics,This is a deal you won't want to miss. Perfect for anyone looking for a great experience at a great price. Limited availability — grab it before it's gone. Valid for new and existing customers. See fine print for full details and restrictions.,Limit 1 per household; New customers only; Merchant is solely responsible for care; Excludes weekends & public holidays; Not valid Dec 24-Jan 2; Cannot be combined with other offers; Appointment required; No refunds after redemption,1,1 Session,84,114,0.2632,Velvet Aesthetics,5,29,1650,50,1418,49,1396,51,2318,110,2004,86,1673,63,1361,49,1479,44,0.037747,96.01,0.1083
c2d8df32-ef6d-4abc-a2fe-86e6deb775e2,Things to Do,Attractions,Miami,Thrill & Excitement at Discovery Experiences,"Looking for something special? This deal has you covered. Great for individuals, couples, or groups. Flexible scheduling available. Check the fine print for full terms and restrictions. Voucher must be presented on arrival.",Excludes weekends & public holidays; No refunds after redemption; Valid for dine-in only; Cannot be combined with other offers; Not valid Dec 24-Jan 2; Subject to availability,3,"Option 1, Option 2, Option 3",45,90,0.5,Discovery Experiences,2,97,1829,31,1669,31,1589,29,1411,22,1640,26,1418,25,1330,18,1673,26,0.016562,63.53,0.0595
8a5ddbe4-49c6-41f4-8974-52c04fe15b03,Beauty & Spas,Nails,Manchester,"20, 40, or 60 Units of Botox at Crystal Spa","What We Offer: This deal includes a full consultation to identify your specific skin concerns, followed by a customized treatment performed by a licensed aesthetician with over 10 years of experience. All products used are medical-grade and dermatologist-approved. The session begins with a thorough skin analysis, followed by the treatment itself, and ends with a personalized at-home care plan. Before and after photos are taken so you can track your results over time. Why You Should Grab This Offer: Whether you're dealing with fine lines, uneven skin tone, acne scarring, or just want a refresh, this treatment is designed to deliver visible results from the first session. Our specialists tailor every session to your skin type — no cookie-cutter approach. Good to Know: Located in Manchester with free parking and complimentary refreshments in the waiting area. Open 7 days a week with evening appointments available. Online booking at our website — same-week availability.",Promotional value expires 120 days after purchase; Must present voucher on arrival; No refunds after redemption,1,Complete Transformation,12,20,0.4,Crystal Spa,3,108,3245,164,3036,144,2188,127,1923,115,3061,241,2595,157,2878,103,4213,251,0.056269,18.32,0.0521
e382e07e-23cd-4bed-9e3f-345c9141802a,Retail,Home Goods,Los Angeles,6 or 12-Pack Premium Scented Candles,"What's Included: Your order includes everything listed in the product description — no additional purchases required. Each item is manufactured to strict quality standards with durable materials built to last. Detailed care instructions included in the box. Why You Should Grab This Offer: We've sold over 10,000 units of this product and maintain a 4.5-star average rating. Customer favorites include the build quality, packaging, and fast shipping. Perfect as a treat for yourself or as a thoughtful gift for someone special. We stand behind every product with a 1-year manufacturer warranty. Good to Know: Ships from our US-based warehouse. Standard shipping takes 3-5 business days. Express shipping available at checkout for an additional fee. Contact our customer service team for any questions — average response time under 4 hours.",No refunds after redemption; Must redeem within 30 days; Not valid Dec 24-Jan 2,3,"Small, Medium, Large",28,66,0.5758,Artisan Supply,1,103,1061,60,1183,62,1426,54,2011,105,1726,85,1727,94,1052,64,1220,60,0.051201,30.82,0.069
e5ff6392-4201-47a9-89f6-e8cfdc98f325,Beauty & Spas,Med Spa,Chicago,Unwind w/ a Wonderful Relaxation Package at Lotus Spa,Highly rated by Groupon customers in Chicago. Easy online booking with instant confirmation. Satisfaction guaranteed or your money back. This deal won't last long — availability is limited.,New customers only; Appointment required; Expires 90 days from purchase; Subject to availability; No cash value,3,"Express Glow, Full Rejuvenation, VIP Pamper Day",72,123,0.4146,Lotus Spa,3,75,2180,53,2827,94,2058,64,2578,70,1751,56,2194,59,2294,62,2710,94,0.02969,73.79,0.0377
3f593d02-5b9c-4550-8c51-7157c5809bda,Automotive,Inspection,Dallas,Amazing Auto Service at AutoShine Auto Center,Highly rated by Groupon customers in Dallas. Easy online booking with instant confirmation. Satisfaction guaranteed or your money back. This deal won't last long — availability is limited.,No cash value; Gratuity not included; Must present voucher on arrival; Not valid on holidays,3,"1 Session, 3 Sessions, 5 Sessions",59,130,0.5462,AutoShine Auto Center,4,46,1871,51,1786,60,1642,62,1459,50,2454,51,1958,58,1822,41,2560,81,0.029192,62.99,0.0802
13475801-3158-4e35-aac8-13f25d9c21f9,Things to Do,Tours,Birmingham,Family-Friendly 2-Hour Kayak or Paddleboard Rental at Wildcard Excursions,"What We Offer: A hands-on experience that combines education and entertainment in a relaxed, welcoming environment. All materials, equipment, and instruction are included — just show up and enjoy. Sessions run for the duration listed and include a take-home component where applicable. Our instructors are patient, encouraging, and passionate about sharing their craft. Why You Should Grab This Offer: We believe the best experiences are the ones where you actually learn something new. Our sessions are designed to be approachable for complete beginners while still engaging for those with some background. Located in the heart of Birmingham with a fun, social vibe that makes this ideal for date nights, friend outings, or family weekends. Good to Know: Ages 8 and up welcome (under 16 must be accompanied by a paying adult). Complimentary refreshments provided. Online booking with instant confirmation.",Limit 1 per person; Not valid Dec 24-Jan 2; Excludes weekends & public holidays,3,"Option 1, Option 2, Option 3",42,45,0.0667,Wildcard Excursions,2,59,1082,7,1394,5,1098,5,1033,5,1460,6,1246,10,1052,5,1476,8,0.005182,49.89,0.0359
f6f4196a-a44d-4a69-8e51-a703d3716f45,Home Services,HVAC,Manchester,Furnace or AC Tune-Up — 21-Point Inspection at Elite Maintenance,"What We Offer: Our licensed, bonded, and insured professionals arrive at your home with all necessary supplies and equipment — you don't need to provide anything. The service includes a thorough walkthrough before we begin, the service itself, and a final inspection with you to ensure everything meets your standards. We clean up after ourselves. Why You Should Grab This Offer: We've served over 2,000 homes in Manchester and maintain a 4.7-star rating. Every technician is background-checked, drug-tested, and has an average of 8 years of experience. We offer a 100% satisfaction guarantee — if you're not happy, we come back and fix it at no charge. Our customers particularly appreciate our on-time arrival and transparent pricing with no hidden fees. Good to Know: Serving Manchester and surrounding areas within 30 miles. Online booking with 2-hour arrival windows. Service takes approximately 1-3 hours depending on home size and scope.",Must be 18+; Valid at Manchester location only; No refunds after redemption; Expires 90 days from purchase; Gratuity not included; Not valid Dec 24-Jan 2; Appointment required,4,"1 Visit, 3 Visits, 5 Visits, 10 Visits",95,253,0.6245,Elite Maintenance,2,11,1201,33,785,18,1212,37,923,30,1339,37,1164,35,1069,35,1340,40,0.029337,125.1,0.0847
3cbba85e-1f8f-4bf8-a5c3-924c310d0f3f,Food & Drink,Restaurants,Chicago,$20 for $40 Worth of Sushi & Japanese Cuisine at Fig & Honey Smokehouse,"What We Offer: This deal is valid toward our full food and drink menu during the specified hours. Choose from appetizers, entrees, and desserts crafted fresh daily by our kitchen team. Our menu features a mix of house specialties and seasonal rotating dishes — there's something for every palate. Full bar available with craft cocktails, local beers, and an curated wine list. Why You Should Grab This Offer: Whether it's date night, a family dinner, or a casual meal with friends, this deal gives you the flexibility to order what you want from our complete menu. Our restaurant is known for generous portions, fresh ingredients, and a warm atmosphere that keeps customers coming back. Good to Know: Located in the heart of Chicago. Walk-ins welcome. Outdoor seating available seasonally. Ask about our loyalty program for returning guests.",New customers only; Appointment required; Subject to availability; Promotional value expires 120 days after purchase; Limit 1 per household,1,Basic,19,33,0.4242,Fig & Honey Smokehouse,2,119,2315,89,2131,96,2416,52,2164,79,2395,78,1694,41,3296,111,2444,95,0.033996,20.51,0.0359
b0ec3156-2610-40c1-a960-28332893f211,Things to Do,Entertainment,Denver,Incredible Entertainment at Freefall Adventures,This is a deal you won't want to miss. Perfect for anyone looking for a great experience at a great price. Limited availability — grab it before it's gone. Valid for new and existing customers. See fine print for full details and restrictions.,No refunds after redemption; Excludes alcohol; Must present voucher on arrival; Excludes weekends & public holidays,4,"Quick Try, Half Day, Full Day Adventure, Private Group Experience",24,42,0.4286,Freefall Adventures,3,31,1425,24,1001,15,1369,24,1527,26,1586,25,1141,14,1087,19,1212,18,0.015945,32.41,0.0703
188553aa-f0f9-4b76-9de0-71eb8f464ab5,Beauty & Spas,Hair,Los Angeles,Pamper Yourself w/ Luxurious Treatments at Aura Salon,"Treat yourself or someone special to this offer. Whether it's a birthday, anniversary, or just a Tuesday — you deserve something nice. Great quality at an unbeatable price. Restrictions may apply — see fine print for full details.",Cannot be combined with other offers; Gratuity not included; Limit 1 per household; 48-hour cancellation policy; Must present voucher on arrival; Photo ID required,2,"Single, Double",112,162,0.3086,Aura Salon,3,61,2330,61,2996,63,2508,76,2167,70,2434,63,3174,96,2376,74,2168,74,0.028631,143.69,0.1106
33e7e989-62a3-44ea-817f-e0b6b724c06f,Home Services,Cleaning,Madrid,Professional Care for Your Home at HomeFirst Services,"Looking for something special? This deal has you covered. Great for individuals, couples, or groups. Flexible scheduling available. Check the fine print for full terms and restrictions. Voucher must be presented on arrival.",Cannot be combined with other offers; No refunds after redemption; Valid at Madrid location only; Valid for dine-in only; Merchant is solely responsible for care; Excludes weekends & public holidays; No cash value; Must be 18+,2,"Single, Double",56,144,0.6111,HomeFirst Services,4,82,2622,105,2911,112,3306,140,3362,135,2990,122,3358,155,3564,149,2581,104,0.041387,50.12,0.0905
99c355ee-4bda-461f-9344-57be83434a2a,Food & Drink,Cafes & Bakeries,Manchester,Brunch for Two — 3 Courses w/ Bottomless Mimosas at Rustic BBQ,"What We Offer: Enjoy a carefully curated dining experience prepared by our award-winning chef using locally sourced, seasonal ingredients. Each course is thoughtfully paired with beverages selected by our in-house sommelier. The menu changes quarterly to reflect the freshest produce available, so every visit offers something new. Vegetarian, vegan, and gluten-free options are always available — just let your server know. Why You Should Grab This Offer: We've been recognized by local food critics as one of Manchester's best-kept secrets, with a 4.6-star average on Google and Yelp. Our intimate dining room seats just 40 guests, creating a personal atmosphere you won't find at larger establishments. Private dining available for groups of 8 or more. Good to Know: Reservations recommended, especially on weekends. Free street parking available after 6 PM. Kids' menu available for diners under 12.",Must present voucher on arrival; Merchant is solely responsible for care; Not valid on holidays; Photo ID required; Expires 90 days from purchase; 48-hour cancellation policy,3,"Light Bites, Full Dining Experience, Chef's Table VIP",18,47,0.617,Rustic BBQ,5,48,1556,130,2316,199,1701,108,1441,125,2173,164,1535,104,1775,146,1118,100,0.07903,21.55,0.1273
2e4135b9-5b70-4182-97ea-9a0118b094e4,Travel,Hotels,Denver,Your Dream Getaway at Mountain Resort,"Treat yourself or someone special to this offer. Whether it's a birthday, anniversary, or just a Tuesday — you deserve something nice. Great quality at an unbeatable price. Restrictions may apply — see fine print for full details.",New customers only; 48-hour cancellation policy; Limit 1 per person; Valid at Denver location only; Must redeem within 30 days; Excludes weekends & public holidays; Gratuity not included; Not valid Dec 24-Jan 2; Must be 18+; Not valid on holidays,2,"Quick Getaway, Extended Retreat",202,376,0.4628,Mountain Resort,3,11,2696,51,2390,67,2649,61,2517,59,2412,58,2647,58,2724,75,2222,51,0.023696,282.59,0.0866
59c37b11-8652-4db4-80f7-7bd4a59e0fcb,Retail,Electronics,Madrid,Portable Bluetooth Speaker — Waterproof,What's Included: Product ships within 2-3 business days via USPS or UPS with tracking number provided via email. Each item is quality-inspected before shipping and arrives in protective packaging. 30-day hassle-free returns accepted with original packaging — we'll provide a prepaid return label. Why You Should Grab This Offer: This product has been one of our top sellers with over 500 five-star reviews. Made with premium materials designed for daily use. Makes an excellent gift — arrives in presentation-ready packaging with the option to include a personalized gift note at checkout. Good to Know: Available in multiple sizes and colors — select your preferred option at checkout. Ships to all 50 US states. International shipping available for an additional fee. Bulk orders of 5+ units receive an automatic 10% discount.,Excludes alcohol; Valid Mon-Fri only,2,"Starter Set, Complete Collection",39,76,0.4868,Indie Boutique,1,8,3988,118,3123,79,3324,69,2982,76,2382,66,2897,69,4414,137,2504,47,0.025806,51.56,0.0522
0fedd796-fb71-4f9e-8522-ab37dbc13c4b,Beauty & Spas,Med Spa,Chicago,Look & Feel Your Best at Orchid Beauty Bar,An opportunity to enjoy premium service at a fraction of the regular cost. Our customers love the convenience and value of this deal. Valid for the options listed. See fine print for scheduling and restrictions.,Excludes weekends & public holidays; Photo ID required; Limit 1 per household; Expires 90 days from purchase; Valid Mon-Fri only; Appointment required,3,"Small, Medium, Large",31,81,0.6173,Orchid Beauty Bar,2,94,2060,38,3042,36,2167,28,2143,29,2772,40,2207,35,1990,26,1662,20,0.013967,34.87,0.0826
daae885b-4d52-48f5-b8d7-189f5bdf4553,Home Services,Handyman,Denver,Best Home Care in Denver at Elite Pros,"Looking for something special? This deal has you covered. Great for individuals, couples, or groups. Flexible scheduling available. Check the fine print for full terms and restrictions. Voucher must be presented on arrival.",Limit 1 per person; Subject to availability; New customers only; 48-hour cancellation policy; Excludes alcohol; Expires 90 days from purchase; Cannot be combined with other offers; Must present voucher on arrival,2,"Small, Large",121,208,0.4183,Elite Pros,2,35,2197,30,2291,40,2853,44,1740,24,2024,38,1582,27,2091,34,1889,28,0.0159,120.39,0.1247
48320e6e-a91b-4cea-a2eb-2870ecaf3b43,Home Services,Landscaping,Seattle,Window Cleaning — Up to 15 or 25 Windows at TopNotch Solutions,"What We Offer: Professional-grade service performed by trained technicians using commercial equipment. We begin with an assessment of the scope of work, provide a clear explanation of what we'll do, and complete the job efficiently with minimal disruption to your day. A post-service report is provided summarizing what was done and any recommendations for future maintenance. Why You Should Grab This Offer: Homeowners often put off this type of maintenance because they don't know who to trust. We make it easy: fixed pricing (no hourly billing surprises), certified technicians, and a workmanship warranty. Our Groupon customers routinely become repeat clients. Good to Know: Appointment required — book online or by phone. Available Monday through Saturday, 8 AM to 6 PM. Ask about our seasonal maintenance packages for ongoing care.",48-hour cancellation policy; Not valid on holidays; Valid for dine-in only; Appointment required,2,"Essential Service, Whole-Home Deep Clean",153,168,0.0893,TopNotch Solutions,3,30,1223,18,1400,15,1623,19,984,12,1013,12,1000,12,1266,14,1211,10,0.011523,224.61,0.089
2f1574aa-54b1-473f-9cea-ac20815f520c,Beauty & Spas,Hair,Manchester,Refresh & Renew at Sapphire Spa,"Save on this top-rated experience in Manchester. Whether you're a local or just visiting, this deal offers real value. Simple redemption — just show your voucher. See fine print for full details.",Excludes alcohol; Expires 90 days from purchase; Subject to availability; 48-hour cancellation policy; Promotional value expires 120 days after purchase,4,"1 Visit, 3 Visits, 5 Visits, 10 Visits",94,186,0.4946,Sapphire Spa,3,115,2760,52,3190,74,2044,51,2535,66,2730,53,1767,35,2514,41,2617,53,0.021084,103.06,0.0651
5c97063f-1fea-4cea-8066-e617d9afeade,Health & Fitness,Wellness,London,Restore & Recharge at Peak Fitness Studio,A great way to try something new without breaking the bank. This deal has been popular with Groupon customers. Limited quantities available. Valid only for the option purchased. See fine print for all terms.,Cannot be combined with other offers; Must be 18+; Gratuity not included; Promotional value expires 120 days after purchase; Excludes alcohol,1,Single Visit,171,249,0.3133,Peak Fitness Studio,4,43,451,20,284,13,350,13,457,20,362,15,391,14,457,23,467,23,0.043802,163.77,0.0347
617383dd-a945-499e-aff3-259747ac3ddc,Things to Do,Classes,Denver,Unforgettable Fun at Wildcard Experiences,This is a deal you won't want to miss. Perfect for anyone looking for a great experience at a great price. Limited availability — grab it before it's gone. Valid for new and existing customers. See fine print for full details and restrictions.,Excludes alcohol; 48-hour cancellation policy,4,"Quick Try, Half Day, Full Day Adventure, Private Group Experience",30,69,0.5652,Wildcard Experiences,3,44,1812,44,1165,21,1471,32,1795,29,1256,30,1364,31,1076,16,1650,44,0.021313,40.03,0.0526
23873a1f-0d76-465b-ae31-b8144cb6ac37,Beauty & Spas,Hair,San Francisco,Indulge in a Relaxing Spa Experience at Sapphire Skin Lounge,"Looking for something special? This deal has you covered. Great for individuals, couples, or groups. Flexible scheduling available. Check the fine print for full terms and restrictions. Voucher must be presented on arrival.",No cash value; Gratuity not included; Limit 1 per household; Cannot be combined with other offers; Valid Mon-Fri only; Appointment required; Merchant is solely responsible for care; No refunds after redemption; Must be 18+,3,"1 Session, 3 Sessions, 5 Sessions",63,104,0.3942,Sapphire Skin Lounge,2,94,1606,18,1051,18,858,11,1190,16,1308,24,1623,28,2018,34,1507,25,0.01559,74.48,0.0893
1b190e76-8c99-4885-9835-d685f546eefe,Beauty & Spas,Hair,Manchester,Solo or Couples 90-Min Swedish Massage w/ Aromatherapy at Ivory Beauty Studio,"What We Offer: This deal includes a full consultation to identify your specific skin concerns, followed by a customized treatment performed by a licensed aesthetician with over 10 years of experience. All products used are medical-grade and dermatologist-approved. The session begins with a thorough skin analysis, followed by the treatment itself, and ends with a personalized at-home care plan. Before and after photos are taken so you can track your results over time. Why You Should Grab This Offer: Whether you're dealing with fine lines, uneven skin tone, acne scarring, or just want a refresh, this treatment is designed to deliver visible results from the first session. Our specialists tailor every session to your skin type — no cookie-cutter approach. Good to Know: Located in Manchester with free parking and complimentary refreshments in the waiting area. Open 7 days a week with evening appointments available. Online booking at our website — same-week availability.",Limit 1 per household; Not valid Dec 24-Jan 2; Promotional value expires 120 days after purchase; Limit 1 per person,1,1 Session,62,121,0.4876,Ivory Beauty Studio,3,93,1736,79,2003,112,1467,79,1235,62,1613,77,1943,98,1719,99,1528,96,0.053005,58.44,0.0703
d20f3bb5-5328-4299-b390-f65d6b23c1e5,Health & Fitness,Wellness,Miami,Feel Your Best at Summit Dental,"Treat yourself or someone special to this offer. Whether it's a birthday, anniversary, or just a Tuesday — you deserve something nice. Great quality at an unbeatable price. Restrictions may apply — see fine print for full details.",Subject to availability; Expires 90 days from purchase; Valid Mon-Fri only; Not valid Dec 24-Jan 2; Promotional value expires 120 days after purchase; Valid for dine-in only; New customers only,1,Starter Assessment,47,112,0.5804,Summit Dental,2,79,1989,19,2183,21,1892,24,1836,13,2049,15,1921,18,1799,16,2024,22,0.009431,84.77,0.0959
3192f6e8-5a94-4857-b61d-f0f02301bfab,Home Services,Pest Control,London,Incredible Savings on Home Services at Spotless Cleaning Co.,Experience the best that London has to offer with this popular deal. Thousands of Groupon customers have enjoyed this offer. Book now to secure your spot before availability runs out. See fine print for redemption details.,Not valid Dec 24-Jan 2; Excludes weekends & public holidays; No refunds after redemption; Must redeem within 30 days; Valid for dine-in only; Valid Mon-Fri only; Limit 1 per person; Promotional value expires 120 days after purchase,2,"Essential Service, Whole-Home Deep Clean",87,128,0.3203,Spotless Cleaning Co.,3,101,3999,67,2764,35,2913,50,2409,43,2010,35,2587,39,2823,34,2391,34,0.015391,110.96,0.0959
74b5dfb3-604e-4e38-86bd-1c80b0104daf,Automotive,Inspection,Los Angeles,Incredible Vehicle Service at AutoShine Service Center,This is a deal you won't want to miss. Perfect for anyone looking for a great experience at a great price. Limited availability — grab it before it's gone. Valid for new and existing customers. See fine print for full details and restrictions.,No cash value; 48-hour cancellation policy; Not valid on holidays; Photo ID required; Must be 18+,4,"Express Service, Full Detail, Showroom Finish",85,151,0.4371,AutoShine Service Center,1,42,1865,55,1217,26,1918,40,2176,50,1752,33,1429,39,1662,36,1841,39,0.022944,131.73,0.0588
7cdd0093-81cd-4481-8e8a-c9d1f76ab447,Travel,Resorts,San Francisco,1-Night Stay w/ $50 Dining Credit & Late Checkout at Riviera Resort,"What We Offer: An all-inclusive getaway that covers accommodation, meals, and select activities. The property is situated in a scenic location with easy access to local attractions, hiking trails, or beach — depending on the destination. Each room is individually appointed with modern amenities including smart TV, high-speed Wi-Fi, and luxury bathroom products. Why You Should Grab This Offer: This deal includes extras that would cost significantly more if booked separately. The property maintains a 4.5-star guest rating and is known for going above and beyond — from welcome drinks at check-in to personalized restaurant recommendations from the concierge. Ideal for couples, small families, or anyone who needs a proper break. Good to Know: Valid for the dates and room type specified in your option. Upgrades available at check-in (subject to availability). Airport transfer can be arranged for an additional fee. Resort fee included — no surprise charges.",Not valid Dec 24-Jan 2; Valid for dine-in only; Appointment required; Must be 18+; Photo ID required; Must redeem within 30 days; No cash value; Excludes weekends & public holidays; Valid Mon-Fri only,2,"Quick Getaway, Extended Retreat",386,516,0.2519,Riviera Resort,2,23,1786,31,1624,28,2228,54,1767,37,1630,39,1796,32,1728,30,1557,22,0.01934,495.16,0.0942
09a2a36f-8b27-4610-b693-ba2a6d17f5d0,Travel,Getaways,Boston,Relax & Unwind at Golden Gate Resort,This is a deal you won't want to miss. Perfect for anyone looking for a great experience at a great price. Limited availability — grab it before it's gone. Valid for new and existing customers. See fine print for full details and restrictions.,Limit 1 per household; Valid for dine-in only,3,"Overnight Stay, Weekend Escape, Week-Long Retreat",155,246,0.3699,Golden Gate Resort,3,13,2273,35,2234,42,1864,22,2044,25,1886,38,2701,45,1817,17,2356,32,0.014905,159.74,0.0644
db658d59-0a2d-4eaa-8c3e-7dbd82f107f0,Travel,Hotels,Seattle,2-Night City Break w/ Breakfast & Attraction Passes at Monterey Inn,"What We Offer: A relaxing stay at a hand-picked property featuring on-site dining, pool, fitness center, and complimentary Wi-Fi throughout. Your rate includes daily breakfast for two, served in our dining room or delivered to your suite. Rooms feature premium linens, blackout curtains, a Nespresso machine, and a fully stocked minibar (charges apply). Why You Should Grab This Offer: Escape the routine without the hassle of planning every detail. We've partnered with this property specifically for its combination of location, amenities, and service quality. Guest reviews consistently highlight the friendly staff, clean rooms, and excellent breakfast spread. Good to Know: Check-in from 3 PM, checkout by 11 AM. Late checkout available upon request (subject to availability). Free cancellation up to 48 hours before arrival. Parking included. Pet-friendly rooms available on request at select properties.",Valid Mon-Fri only; Photo ID required; Subject to availability; Limit 1 per person; Not valid on holidays,4,"1 Visit, 3 Visits, 5 Visits, 10 Visits",76,118,0.3559,Monterey Inn,5,13,968,69,753,40,853,74,721,43,648,46,759,48,1076,62,1075,81,0.067562,81.17,0.0339
6a69df5b-4824-4606-9155-992bc16f2fb2,Retail,Electronics,New York,Top Picks for Every Budget,Experience the best that New York has to offer with this popular deal. Thousands of Groupon customers have enjoyed this offer. Book now to secure your spot before availability runs out. See fine print for redemption details.,Cannot be combined with other offers; Gratuity not included; Must present voucher on arrival; Must be 18+; Limit 1 per person; Valid Mon-Fri only,1,Single Visit,46,62,0.2581,Heritage Goods,3,98,2632,43,1951,22,3240,53,2715,38,3425,48,838,17,2613,51,2379,40,0.015763,48.01,0.0722
f88f4fd5-2caf-4d31-a8b5-dfe10e3f5fd4,Retail,Fashion,Los Angeles,Shop Smart & Save Big,A great way to try something new without breaking the bank. This deal has been popular with Groupon customers. Limited quantities available. Valid only for the option purchased. See fine print for all terms.,Excludes alcohol; Must present voucher on arrival; Not valid Dec 24-Jan 2; Gratuity not included,3,"Sample Pack, Full Set, Deluxe Gift Box",27,42,0.3571,Wander Collection,4,71,1868,64,1507,88,2099,112,1904,98,1734,76,2260,98,2116,108,1859,81,0.047241,38.29,0.068
b3047cc2-376e-4b24-90a2-a1ee9077422b,Home Services,Landscaping,London,Professional Care for Your Home at EcoShield Cleaning Co.,"Looking for something special? This deal has you covered. Great for individuals, couples, or groups. Flexible scheduling available. Check the fine print for full terms and restrictions. Voucher must be presented on arrival.",Must be 18+; New customers only; Not valid Dec 24-Jan 2; Must present voucher on arrival; Merchant is solely responsible for care; Promotional value expires 120 days after purchase; Limit 1 per household; Limit 1 per person; Excludes alcohol,1,Standard,71,167,0.5749,EcoShield Cleaning Co.,1,36,867,20,2204,40,1154,30,2076,43,1562,38,1993,38,1780,43,1498,45,0.022613,76.83,0.0577
3f720acb-c0b5-4ce4-810a-c473457861fa,Health & Fitness,Weight Loss,San Francisco,Complete Eye Exam w/ $200 Toward Glasses at Vitality Health Center,"What We Offer: A comprehensive evaluation followed by a customized treatment plan. Our state-of-the-art facility features the latest equipment and technology, operated by practitioners with an average of 12 years of clinical experience. First-time patients receive a thorough consultation covering medical history, lifestyle factors, and treatment goals. Why You Should Grab This Offer: We believe in treating the root cause, not just symptoms. Our team works collaboratively to ensure continuity of care across visits. Follow-up sessions are scheduled based on your individual progress — no unnecessary upsells. Clients appreciate our straightforward approach and evidence-based methodology. Good to Know: Conveniently located in downtown San Francisco with easy transit access. Online booking available with real-time availability. Walk-ins accepted for select services on weekdays.",Cannot be combined with other offers; Gratuity not included,4,"Single Trial, 4-Week Kickstart, 8-Week Transformation, 12-Week Complete Overhaul",152,166,0.0843,Vitality Health Center,5,74,2064,30,1034,12,1586,19,1078,16,1423,15,1144,12,1441,20,1367,19,0.01284,187.62,0.0221
6a04f037-93ed-4bde-95b0-9a37343c6813,Health & Fitness,Weight Loss,Houston,Start Your Fitness Journey at Wellness Chiropractic,"Treat yourself or someone special to this offer. Whether it's a birthday, anniversary, or just a Tuesday — you deserve something nice. Great quality at an unbeatable price. Restrictions may apply — see fine print for full details.",Valid for dine-in only; Expires 90 days from purchase; Must redeem within 30 days; Photo ID required; Limit 1 per household; Appointment required,3,"Option 1, Option 2, Option 3",58,129,0.5504,Wellness Chiropractic,2,101,700,6,447,3,618,5,439,4,454,3,474,4,396,3,322,3,0.008052,63.75,0.0817
54147cde-022a-45d5-a56c-b4e279e3e0f7,Food & Drink,Restaurants,Manchester,90-Min Premier Architecture Dinner Cruise at Rustic Smokehouse,"What We Offer: A complete dining experience that includes your choice of entrees, sides, and beverages as outlined in the deal options. Everything is prepared to order — nothing sits under a heat lamp. Our kitchen team takes pride in consistency: every plate that leaves our kitchen meets the same standard, whether it's a Tuesday lunch or Saturday dinner. Why You Should Grab This Offer: We've been serving Manchester for over 8 years and have built a loyal following through honest food at fair prices. Featured in local press and food blogs. Our staff is attentive without being overbearing — we want you to enjoy your meal, not feel rushed. Good to Know: Dine-in only. Reservations available online or by phone. Large party accommodations available with 48 hours notice. Validated parking in the adjacent garage.",Not valid on holidays; Promotional value expires 120 days after purchase; Cannot be combined with other offers; Valid at Manchester location only; Valid for dine-in only; Limit 1 per person,2,"Basic, Standard",24,56,0.5714,Rustic Smokehouse,3,19,2079,138,2809,193,1895,106,2786,201,1884,134,2318,157,1996,115,2319,177,0.067511,23.33,0.0784
7ef65db5-6e42-4b18-b934-f1fef7542304,Food & Drink,Dining Cruises,Los Angeles,Wine Tasting for Two — 6 Wines w/ Cheese Board at The Famous Grill,"What We Offer: A complete dining experience that includes your choice of entrees, sides, and beverages as outlined in the deal options. Everything is prepared to order — nothing sits under a heat lamp. Our kitchen team takes pride in consistency: every plate that leaves our kitchen meets the same standard, whether it's a Tuesday lunch or Saturday dinner. Why You Should Grab This Offer: We've been serving Los Angeles for over 8 years and have built a loyal following through honest food at fair prices. Featured in local press and food blogs. Our staff is attentive without being overbearing — we want you to enjoy your meal, not feel rushed. Good to Know: Dine-in only. Reservations available online or by phone. Large party accommodations available with 48 hours notice. Validated parking in the adjacent garage.",Merchant is solely responsible for care; Limit 1 per person; Must redeem within 30 days; Expires 90 days from purchase; Valid for dine-in only,2,"Date Night Dinner, Grand Feast for Two",15,40,0.625,The Famous Grill,3,120,1809,75,1797,89,1323,72,1503,95,1355,79,1338,58,1641,83,2371,115,0.050697,20.75,0.0851
444b0c04-be5c-4786-95f2-10ddd6a794fd,Food & Drink,Cafes & Bakeries,Birmingham,A Meal to Remember at Sofia's Tavern,This is a deal you won't want to miss. Perfect for anyone looking for a great experience at a great price. Limited availability — grab it before it's gone. Valid for new and existing customers. See fine print for full details and restrictions.,Gratuity not included; Valid Mon-Fri only; Promotional value expires 120 days after purchase; Must redeem within 30 days; Valid at Birmingham location only,2,"Date Night Dinner, Grand Feast for Two",10,22,0.5455,Sofia's Tavern,4,50,3037,97,2516,105,2737,125,3222,124,3270,160,2927,115,2724,104,3371,137,0.040623,14.03,0.0466
647efb12-0121-48dd-9740-f4a47498f8d6,Retail,Fashion,Houston,Incredible Gift Ideas for Any Occasion,A great way to try something new without breaking the bank. This deal has been popular with Groupon customers. Limited quantities available. Valid only for the option purchased. See fine print for all terms.,Subject to availability; Appointment required; Must present voucher on arrival; Merchant is solely responsible for care; Promotional value expires 120 days after purchase; Gratuity not included; No cash value; Valid for dine-in only; Cannot be combined with other offers,1,Basic,23,52,0.5577,Ember Supply,2,71,755,15,725,10,961,15,700,6,738,8,627,5,506,7,946,14,0.013427,25.68,0.0576
6869f05b-6c7d-44eb-bc37-ac1d7aa98b37,Beauty & Spas,Nails,New York,Pamper Yourself w/ Luxurious Treatments at Crystal Wellness Center,"Treat yourself or someone special to this offer. Whether it's a birthday, anniversary, or just a Tuesday — you deserve something nice. Great quality at an unbeatable price. Restrictions may apply — see fine print for full details.",New customers only; Valid at New York location only; Excludes alcohol,3,"Express Glow, Full Rejuvenation, VIP Pamper Day",99,134,0.2612,Crystal Wellness Center,1,68,810,15,1229,17,610,12,933,15,385,7,823,11,829,11,607,8,0.015419,120.25,0.0512
3905f29d-6d0c-4095-886f-bf33e0decfb0,Travel,Getaways,Dallas,Amazing Hotel Getaway at Royal Resort,"Looking for something special? This deal has you covered. Great for individuals, couples, or groups. Flexible scheduling available. Check the fine print for full terms and restrictions. Voucher must be presented on arrival.",Must redeem within 30 days; Appointment required; Valid for dine-in only; Cannot be combined with other offers; No refunds after redemption,1,Weekend Escape,350,652,0.4632,Royal Resort,4,67,2009,84,2259,102,1255,59,2153,94,1624,66,2143,95,1226,44,1171,60,0.043642,479.28,0.0584
31e00924-c97f-43a9-b0f1-e787026bbcce,Food & Drink,Cafes & Bakeries,Denver,"Pizza, Appetizer & Two Drinks for Two at Harbor Kitchen","What We Offer: This deal is valid toward our full food and drink menu during the specified hours. Choose from appetizers, entrees, and desserts crafted fresh daily by our kitchen team. Our menu features a mix of house specialties and seasonal rotating dishes — there's something for every palate. Full bar available with craft cocktails, local beers, and an curated wine list. Why You Should Grab This Offer: Whether it's date night, a family dinner, or a casual meal with friends, this deal gives you the flexibility to order what you want from our complete menu. Our restaurant is known for generous portions, fresh ingredients, and a warm atmosphere that keeps customers coming back. Good to Know: Located in the heart of Denver. Walk-ins welcome. Outdoor seating available seasonally. Ask about our loyalty program for returning guests.",Valid Mon-Fri only; Limit 1 per person,2,"Small, Large",188,341,0.4487,Harbor Kitchen,5,33,2036,18,2669,25,2200,24,2153,22,2445,19,2002,21,2502,27,2414,23,0.009717,235.39,0.0197
3333bfdb-e52d-4606-8c61-5e8163311964,Health & Fitness,Wellness,Madrid,Phentermine Weight-Loss Program w/ Consultation at Revive Performance Lab,"What We Offer: A comprehensive evaluation followed by a customized treatment plan. Our state-of-the-art facility features the latest equipment and technology, operated by practitioners with an average of 12 years of clinical experience. First-time patients receive a thorough consultation covering medical history, lifestyle factors, and treatment goals. Why You Should Grab This Offer: We believe in treating the root cause, not just symptoms. Our team works collaboratively to ensure continuity of care across visits. Follow-up sessions are scheduled based on your individual progress — no unnecessary upsells. Clients appreciate our straightforward approach and evidence-based methodology. Good to Know: Conveniently located in downtown Madrid with easy transit access. Online booking available with real-time availability. Walk-ins accepted for select services on weekdays.",Valid Mon-Fri only; Not valid Dec 24-Jan 2; Valid for dine-in only; Not valid on holidays; Must redeem within 30 days; Excludes weekends & public holidays; Gratuity not included; Expires 90 days from purchase,4,"1 Visit, 3 Visits, 5 Visits, 10 Visits",56,122,0.541,Revive Performance Lab,3,27,1704,87,2091,126,2003,129,2389,127,2002,109,2107,135,1880,79,2215,148,0.057349,66.96,0.0958
155d9293-c0fe-4db7-8581-4ebca9f122cf,Retail,Electronics,Madrid,Fantastic Savings on Top-Rated Items,A great way to try something new without breaking the bank. This deal has been popular with Groupon customers. Limited quantities available. Valid only for the option purchased. See fine print for all terms.,Must present voucher on arrival; Limit 1 per household; Excludes weekends & public holidays; Not valid Dec 24-Jan 2; Subject to availability; Must be 18+; Limit 1 per person,2,"1 Session, 3 Sessions",10,20,0.5,Willow Collection,4,9,1414,63,1303,55,1471,36,1581,52,1204,49,1203,38,1071,38,649,22,0.035671,9.67,0.0148
8906b01d-9ad7-4521-8ec5-fed99ae305c8,Food & Drink,Dining Cruises,Denver,Dine & Unwind at Rustic Brasserie,"Looking for something special? This deal has you covered. Great for individuals, couples, or groups. Flexible scheduling available. Check the fine print for full terms and restrictions. Voucher must be presented on arrival.",Valid Mon-Fri only; Limit 1 per household; Photo ID required; Cannot be combined with other offers; Not valid on holidays; Not valid Dec 24-Jan 2; Must present voucher on arrival,2,"1 Session, 3 Sessions",26,59,0.5593,Rustic Brasserie,5,48,2010,84,1455,63,1558,86,2065,84,1499,64,1865,95,1202,64,984,32,0.04526,31.09,0.0892
5268b4ef-32f4-48a8-a065-29efd8d45b2d,Food & Drink,Meal Kits,Seattle,Treat Your Taste Buds at Red Trattoria,This is a deal you won't want to miss. Perfect for anyone looking for a great experience at a great price. Limited availability — grab it before it's gone. Valid for new and existing customers. See fine print for full details and restrictions.,Limit 1 per person; Merchant is solely responsible for care; Excludes weekends & public holidays; Must present voucher on arrival,3,"Small, Medium, Large",15,41,0.6341,Red Trattoria,4,77,3103,152,1776,100,2698,121,3248,149,3233,158,2831,157,2568,101,2501,74,0.046088,19.62,0.0546
e9e5dbfe-c0ee-4358-a2a4-3f428e0b77e4,Travel,Resorts,Denver,Fantastic Resort Experience at Emerald Suites,Experience the best that Denver has to offer with this popular deal. Thousands of Groupon customers have enjoyed this offer. Book now to secure your spot before availability runs out. See fine print for redemption details.,No cash value; 48-hour cancellation policy; Appointment required; Limit 1 per household,2,"1 Session, 3 Sessions",154,428,0.6402,Emerald Suites,2,47,1884,35,2851,51,2783,40,3505,55,2351,40,2495,42,3016,40,3134,48,0.015941,142.38,0.0523
29cd96e1-5a7e-43e2-aca8-489351cd6206,Home Services,HVAC,Birmingham,Keep Your Home in Top Shape w/ ProClean Services,"Treat yourself or someone special to this offer. Whether it's a birthday, anniversary, or just a Tuesday — you deserve something nice. Great quality at an unbeatable price. Restrictions may apply — see fine print for full details.",Gratuity not included; Expires 90 days from purchase; Excludes weekends & public holidays; No cash value,4,"Option 1, Option 2, Option 3, Option 4",108,164,0.3415,ProClean Services,4,37,1508,26,720,14,1318,30,1241,25,2029,48,1978,46,1674,38,1887,29,0.02072,142.06,0.065
38d084de-f038-4bb7-a9c3-77b02496a2aa,Travel,Hotels,Birmingham,1 or 2-Night Stay in King Suite w/ Spa Access at Emerald Hotel & Spa,"What We Offer: An all-inclusive getaway that covers accommodation, meals, and select activities. The property is situated in a scenic location with easy access to local attractions, hiking trails, or beach — depending on the destination. Each room is individually appointed with modern amenities including smart TV, high-speed Wi-Fi, and luxury bathroom products. Why You Should Grab This Offer: This deal includes extras that would cost significantly more if booked separately. The property maintains a 4.5-star guest rating and is known for going above and beyond — from welcome drinks at check-in to personalized restaurant recommendations from the concierge. Ideal for couples, small families, or anyone who needs a proper break. Good to Know: Valid for the dates and room type specified in your option. Upgrades available at check-in (subject to availability). Airport transfer can be arranged for an additional fee. Resort fee included — no surprise charges.",Valid Mon-Fri only; Not valid Dec 24-Jan 2; No cash value; Valid at Birmingham location only; Limit 1 per household; Excludes alcohol; 48-hour cancellation policy,4,"1 Visit, 3 Visits, 5 Visits, 10 Visits",135,351,0.6154,Emerald Hotel & Spa,2,49,1870,30,1726,38,2124,46,2277,61,1314,32,2184,71,2178,50,1353,28,0.023692,153.62,0.0466
5324a19b-4fc0-41f1-811b-e9844fd076f6,Travel,Hotels,Madrid,Your Dream Getaway at Lakeside Hotel & Spa,This is a deal you won't want to miss. Perfect for anyone looking for a great experience at a great price. Limited availability — grab it before it's gone. Valid for new and existing customers. See fine print for full details and restrictions.,48-hour cancellation policy; New customers only; Valid Mon-Fri only; Appointment required,1,1 Session,114,308,0.6299,Lakeside Hotel & Spa,2,112,1707,23,1522,20,1458,20,921,13,1756,24,1413,20,1793,24,1379,18,0.013558,128.36,0.0755
02b95048-06fc-461c-bfdf-d17e387b1618,Retail,Electronics,Miami,"Personalized Canvas Print — 8x10, 16x20, or 24x36","What's Included: Your order includes everything listed in the product description — no additional purchases required. Each item is manufactured to strict quality standards with durable materials built to last. Detailed care instructions included in the box. Why You Should Grab This Offer: We've sold over 10,000 units of this product and maintain a 4.5-star average rating. Customer favorites include the build quality, packaging, and fast shipping. Perfect as a treat for yourself or as a thoughtful gift for someone special. We stand behind every product with a 1-year manufacturer warranty. Good to Know: Ships from our US-based warehouse. Standard shipping takes 3-5 business days. Express shipping available at checkout for an additional fee. Contact our customer service team for any questions — average response time under 4 hours.",New customers only; Merchant is solely responsible for care; Not valid on holidays; Excludes alcohol; Must be 18+,2,"1 Session, 3 Sessions",34,74,0.5405,Modern Goods,2,10,924,30,785,15,814,23,895,22,1038,27,1387,38,888,20,508,11,0.025694,35.82,0.0482
7c6b26cd-096e-4c7b-8d6b-24ad55864f4d,Things to Do,Entertainment,San Francisco,Family-Friendly 90-Min Sightseeing Cruise w/ Drink at Wildcard Fun Zone,"What We Offer: A hands-on experience that combines education and entertainment in a relaxed, welcoming environment. All materials, equipment, and instruction are included — just show up and enjoy. Sessions run for the duration listed and include a take-home component where applicable. Our instructors are patient, encouraging, and passionate about sharing their craft. Why You Should Grab This Offer: We believe the best experiences are the ones where you actually learn something new. Our sessions are designed to be approachable for complete beginners while still engaging for those with some background. Located in the heart of San Francisco with a fun, social vibe that makes this ideal for date nights, friend outings, or family weekends. Good to Know: Ages 8 and up welcome (under 16 must be accompanied by a paying adult). Complimentary refreshments provided. Online booking with instant confirmation.",Merchant is solely responsible for care; No cash value; 48-hour cancellation policy,2,"Basic, Standard",59,63,0.0635,Wildcard Fun Zone,2,114,2443,16,2223,19,2415,18,2153,13,2084,14,1915,13,1558,12,2247,21,0.007395,62.14,0.0391
2082ec3a-07a1-41c0-9599-be2c837ff1b8,Travel,Resorts,Los Angeles,3-Night All-Inclusive Resort Stay for Two at Golden Gate Suites,"What We Offer: A relaxing stay at a hand-picked property featuring on-site dining, pool, fitness center, and complimentary Wi-Fi throughout. Your rate includes daily breakfast for two, served in our dining room or delivered to your suite. Rooms feature premium linens, blackout curtains, a Nespresso machine, and a fully stocked minibar (charges apply). Why You Should Grab This Offer: Escape the routine without the hassle of planning every detail. We've partnered with this property specifically for its combination of location, amenities, and service quality. Guest reviews consistently highlight the friendly staff, clean rooms, and excellent breakfast spread. Good to Know: Check-in from 3 PM, checkout by 11 AM. Late checkout available upon request (subject to availability). Free cancellation up to 48 hours before arrival. Parking included. Pet-friendly rooms available on request at select properties.",Excludes weekends & public holidays; Gratuity not included; 48-hour cancellation policy; Valid at Los Angeles location only,2,"Single, Double",235,435,0.4598,Golden Gate Suites,3,60,1048,61,1127,88,573,33,968,51,904,65,743,37,1166,72,731,39,0.061433,286.15,0.0614
fdf75b22-d18e-4cc6-bd61-379900062567,Health & Fitness,Weight Loss,Los Angeles,5 or 10 Personal Training Sessions w/ Body Composition Analysis at Pinnacle Med Center,"What We Offer: A comprehensive evaluation followed by a customized treatment plan. Our state-of-the-art facility features the latest equipment and technology, operated by practitioners with an average of 12 years of clinical experience. First-time patients receive a thorough consultation covering medical history, lifestyle factors, and treatment goals. Why You Should Grab This Offer: We believe in treating the root cause, not just symptoms. Our team works collaboratively to ensure continuity of care across visits. Follow-up sessions are scheduled based on your individual progress — no unnecessary upsells. Clients appreciate our straightforward approach and evidence-based methodology. Good to Know: Conveniently located in downtown Los Angeles with easy transit access. Online booking available with real-time availability. Walk-ins accepted for select services on weekdays.",Promotional value expires 120 days after purchase; Excludes weekends & public holidays,1,Starter Assessment,10,20,0.5,Pinnacle Med Center,1,52,1664,91,1494,90,2224,123,1181,61,2735,193,1931,142,2003,125,1427,114,0.064056,14.66,0.0559
63b20f9b-08ce-41d0-918c-8861afc63c73,Beauty & Spas,Nails,Chicago,One or Two 60-Min Lymphatic Drainage Massages at Serene Day Spa,"What We Offer: This deal includes a full consultation to identify your specific skin concerns, followed by a customized treatment performed by a licensed aesthetician with over 10 years of experience. All products used are medical-grade and dermatologist-approved. The session begins with a thorough skin analysis, followed by the treatment itself, and ends with a personalized at-home care plan. Before and after photos are taken so you can track your results over time. Why You Should Grab This Offer: Whether you're dealing with fine lines, uneven skin tone, acne scarring, or just want a refresh, this treatment is designed to deliver visible results from the first session. Our specialists tailor every session to your skin type — no cookie-cutter approach. Good to Know: Located in Chicago with free parking and complimentary refreshments in the waiting area. Open 7 days a week with evening appointments available. Online booking at our website — same-week availability.",Gratuity not included; Excludes weekends & public holidays,2,"Quick Refresh, Full Makeover",84,113,0.2566,Serene Day Spa,3,72,1326,112,1241,80,1939,125,1986,144,1479,114,1229,57,1084,64,1302,96,0.068358,90.32,0.0814
54c32419-1b8d-45a1-a536-4940022d1f11,Food & Drink,Restaurants,Houston,Brunch for Two — 3 Courses w/ Bottomless Mimosas at The Local Brasserie,"What We Offer: Enjoy a carefully curated dining experience prepared by our award-winning chef using locally sourced, seasonal ingredients. Each course is thoughtfully paired with beverages selected by our in-house sommelier. The menu changes quarterly to reflect the freshest produce available, so every visit offers something new. Vegetarian, vegan, and gluten-free options are always available — just let your server know. Why You Should Grab This Offer: We've been recognized by local food critics as one of Houston's best-kept secrets, with a 4.6-star average on Google and Yelp. Our intimate dining room seats just 40 guests, creating a personal atmosphere you won't find at larger establishments. Private dining available for groups of 8 or more. Good to Know: Reservations recommended, especially on weekends. Free street parking available after 6 PM. Kids' menu available for diners under 12.",Limit 1 per person; Must present voucher on arrival; Merchant is solely responsible for care; Valid Mon-Fri only; Valid for dine-in only; Must redeem within 30 days,4,"Quick Bite, Dinner for Two, Family Feast, Private Chef Experience",27,63,0.5714,The Local Brasserie,3,65,1708,85,1712,71,1781,75,1897,81,1835,82,1720,107,1509,71,2570,117,0.046769,37.4,0.0561
5d0fa52e-a516-4815-a912-9e267ef03516,Beauty & Spas,Nails,Dallas,3 or 6 Sessions of IPL Photofacial Treatment at Sapphire Spa,"What We Offer: This deal includes a full consultation to identify your specific skin concerns, followed by a customized treatment performed by a licensed aesthetician with over 10 years of experience. All products used are medical-grade and dermatologist-approved. The session begins with a thorough skin analysis, followed by the treatment itself, and ends with a personalized at-home care plan. Before and after photos are taken so you can track your results over time. Why You Should Grab This Offer: Whether you're dealing with fine lines, uneven skin tone, acne scarring, or just want a refresh, this treatment is designed to deliver visible results from the first session. Our specialists tailor every session to your skin type — no cookie-cutter approach. Good to Know: Located in Dallas with free parking and complimentary refreshments in the waiting area. Open 7 days a week with evening appointments available. Online booking at our website — same-week availability.",Excludes weekends & public holidays; 48-hour cancellation policy; New customers only; Expires 90 days from purchase; Limit 1 per household; Valid at Dallas location only; Cannot be combined with other offers; Gratuity not included; Not valid Dec 24-Jan 2,2,"Option 1, Option 2",58,99,0.4141,Sapphire Spa,2,97,1005,51,1112,52,1176,57,779,38,623,31,789,40,1280,38,723,34,0.045546,66.63,0.0907
553103bb-b50b-4750-9111-538189308bdc,Things to Do,Tours,Dallas,Family-Friendly 90-Min Sightseeing Cruise w/ Drink at Explorer Escape Room,"What We Offer: A hands-on experience that combines education and entertainment in a relaxed, welcoming environment. All materials, equipment, and instruction are included — just show up and enjoy. Sessions run for the duration listed and include a take-home component where applicable. Our instructors are patient, encouraging, and passionate about sharing their craft. Why You Should Grab This Offer: We believe the best experiences are the ones where you actually learn something new. Our sessions are designed to be approachable for complete beginners while still engaging for those with some background. Located in the heart of Dallas with a fun, social vibe that makes this ideal for date nights, friend outings, or family weekends. Good to Know: Ages 8 and up welcome (under 16 must be accompanied by a paying adult). Complimentary refreshments provided. Online booking with instant confirmation.",Valid Mon-Fri only; Gratuity not included; No cash value,3,"1 Session, 3 Sessions, 5 Sessions",294,473,0.3784,Explorer Escape Room,2,105,1775,23,1619,25,1317,19,1315,15,1182,14,1097,16,1813,27,1786,22,0.013525,287.46,0.0468
6dd520d8-204e-4eec-bab6-6114059ff4b0,Automotive,Detailing,Barcelona,State Inspection & Emissions Test at SpeedWay Auto Center,"What Is Included: Up to five quarts of quality oil (synthetic blend or full synthetic depending on option purchased), standard oil filter, lubrication of chassis components per manufacturer specs, and a complimentary multi-point maintenance check. Our certified technicians perform an inspection covering fluid levels, tire pressure, battery test, wiper blades, headlights and taillights, air filter, and antifreeze/coolant levels. What Is Not Included: Extra quarts beyond five are available for an additional fee at time of service. Premium or canister filters available for purchase. European oil types not included. Why You Should Grab This Offer: Our ASE-certified technicians complete over 270 hours of professional training. No appointment needed — stay-in-your-car service completed in approximately 15-20 minutes. Contactless payment available. Good to Know: Valid at participating locations. Digital inspection report emailed after service. All work backed by a service guarantee.",No cash value; Valid Mon-Fri only; No refunds after redemption; Gratuity not included; Excludes alcohol; Cannot be combined with other offers; Excludes weekends & public holidays; Valid at Barcelona location only; Not valid on holidays,2,"Quick Service, Bumper-to-Bumper Overhaul",24,67,0.6418,SpeedWay Auto Center,4,88,1248,96,1037,86,1460,123,1669,129,1819,157,1336,118,1697,137,1119,79,0.081247,38.1,0.0773
d9c6a089-e1b9-42fc-8819-4b32c3e9150a,Automotive,Inspection,Miami,Amazing Auto Service at Midas Service Center,This is a deal you won't want to miss. Perfect for anyone looking for a great experience at a great price. Limited availability — grab it before it's gone. Valid for new and existing customers. See fine print for full details and restrictions.,Valid Mon-Fri only; New customers only; Subject to availability; Photo ID required; Excludes alcohol; Limit 1 per person,4,"1 Visit, 3 Visits, 5 Visits, 10 Visits",66,154,0.5714,Midas Service Center,1,52,1554,23,2002,34,1731,29,1498,35,1776,30,1565,27,1753,33,2033,32,0.017467,87.11,0.0658
287d02dc-ff9e-415c-aa50-38e249c86797,Food & Drink,Cafes & Bakeries,Seattle,3-Course Steakhouse Dinner for Two w/ Wine at Harbor Bistro,"What We Offer: A complete dining experience that includes your choice of entrees, sides, and beverages as outlined in the deal options. Everything is prepared to order — nothing sits under a heat lamp. Our kitchen team takes pride in consistency: every plate that leaves our kitchen meets the same standard, whether it's a Tuesday lunch or Saturday dinner. Why You Should Grab This Offer: We've been serving Seattle for over 8 years and have built a loyal following through honest food at fair prices. Featured in local press and food blogs. Our staff is attentive without being overbearing — we want you to enjoy your meal, not feel rushed. Good to Know: Dine-in only. Reservations available online or by phone. Large party accommodations available with 48 hours notice. Validated parking in the adjacent garage.",48-hour cancellation policy; Must be 18+; Limit 1 per household; Cannot be combined with other offers; Not valid on holidays; Limit 1 per person; Excludes alcohol; Promotional value expires 120 days after purchase; Appointment required; Valid for dine-in only,2,"1 Session, 3 Sessions",25,45,0.4444,Harbor Bistro,3,38,2536,120,856,59,2606,194,2535,172,2219,139,2323,137,2648,186,2290,135,0.063399,26.11,0.1238
e9a408b8-b6e3-447e-9d18-415bdcec5e4e,Beauty & Spas,Hair,Boston,"1, 3, or 6 Laser Skin-Resurfacing Sessions at Luxe Aesthetics","What We Offer: This deal includes a full consultation to identify your specific skin concerns, followed by a customized treatment performed by a licensed aesthetician with over 10 years of experience. All products used are medical-grade and dermatologist-approved. The session begins with a thorough skin analysis, followed by the treatment itself, and ends with a personalized at-home care plan. Before and after photos are taken so you can track your results over time. Why You Should Grab This Offer: Whether you're dealing with fine lines, uneven skin tone, acne scarring, or just want a refresh, this treatment is designed to deliver visible results from the first session. Our specialists tailor every session to your skin type — no cookie-cutter approach. Good to Know: Located in Boston with free parking and complimentary refreshments in the waiting area. Open 7 days a week with evening appointments available. Online booking at our website — same-week availability.",Valid for dine-in only; No cash value; Gratuity not included; Merchant is solely responsible for care; Must redeem within 30 days; Limit 1 per person; 48-hour cancellation policy,2,"Small, Large",84,138,0.3913,Luxe Aesthetics,2,79,2239,37,2277,47,2211,31,2559,45,1591,35,2582,44,2331,43,1807,36,0.018071,79.42,0.1199
bda02180-cc87-4caf-ad87-ab8e0b5085dd,Food & Drink,Cafes & Bakeries,New York,Incredible Meal for Two at Cedar BBQ,An opportunity to enjoy premium service at a fraction of the regular cost. Our customers love the convenience and value of this deal. Valid for the options listed. See fine print for scheduling and restrictions.,Not valid on holidays; 48-hour cancellation policy; Excludes alcohol; Must redeem within 30 days; Cannot be combined with other offers; Excludes weekends & public holidays; Gratuity not included; Subject to availability,3,"Option 1, Option 2, Option 3",14,36,0.6111,Cedar BBQ,2,18,1766,34,1808,38,1964,36,1579,34,2213,53,1877,40,1976,56,1964,41,0.021919,12.64,0.0812
e4dc18df-8843-4c66-9b23-10478696405c,Home Services,Pest Control,Los Angeles,Trusted Service from Platinum Pros,"Looking for something special? This deal has you covered. Great for individuals, couples, or groups. Flexible scheduling available. Check the fine print for full terms and restrictions. Voucher must be presented on arrival.",Photo ID required; Not valid Dec 24-Jan 2; Valid Mon-Fri only; Merchant is solely responsible for care; Not valid on holidays; Must redeem within 30 days; Valid at Los Angeles location only; Promotional value expires 120 days after purchase,4,"1 Visit, 3 Visits, 5 Visits, 10 Visits",112,242,0.5372,Platinum Pros,3,50,2851,46,2721,61,1699,32,2043,51,944,14,2150,49,2592,57,2010,39,0.020517,95.66,0.0786
8a50bf49-6625-4ea5-8061-21f91021442d,Food & Drink,Meal Kits,Denver,"Family Meal Deal — 2 Entrees, 2 Sides & Dessert at Blue Kitchen","What We Offer: Enjoy a carefully curated dining experience prepared by our award-winning chef using locally sourced, seasonal ingredients. Each course is thoughtfully paired with beverages selected by our in-house sommelier. The menu changes quarterly to reflect the freshest produce available, so every visit offers something new. Vegetarian, vegan, and gluten-free options are always available — just let your server know. Why You Should Grab This Offer: We've been recognized by local food critics as one of Denver's best-kept secrets, with a 4.6-star average on Google and Yelp. Our intimate dining room seats just 40 guests, creating a personal atmosphere you won't find at larger establishments. Private dining available for groups of 8 or more. Good to Know: Reservations recommended, especially on weekends. Free street parking available after 6 PM. Kids' menu available for diners under 12.",New customers only; Promotional value expires 120 days after purchase; Gratuity not included,1,Chef's Experience,174,312,0.4423,Blue Kitchen,1,15,1519,18,1376,11,1116,10,1399,11,1844,10,2015,18,2311,21,1385,12,0.008562,263.15,0.05
c5c82cdc-db0c-43fe-871a-439a3f5874ac,Things to Do,Attractions,Houston,Wonderful Adventure Awaits at City Cruises,A great way to try something new without breaking the bank. This deal has been popular with Groupon customers. Limited quantities available. Valid only for the option purchased. See fine print for all terms.,Not valid Dec 24-Jan 2; 48-hour cancellation policy; Must redeem within 30 days; Cannot be combined with other offers; Limit 1 per household,2,"Single, Double",72,176,0.5909,City Cruises,1,49,5003,136,3236,79,4028,109,3471,68,2885,80,3754,96,3340,99,3141,62,0.025262,90.83,0.0778
94d19fb4-c2ae-4cb5-b8da-c816df7ecd62,Food & Drink,Meal Kits,Miami,Fantastic Food & Drinks at Sofia's Grill,This is a deal you won't want to miss. Perfect for anyone looking for a great experience at a great price. Limited availability — grab it before it's gone. Valid for new and existing customers. See fine print for full details and restrictions.,48-hour cancellation policy; Not valid on holidays; Merchant is solely responsible for care,2,"1 Session, 3 Sessions",39,78,0.5,Sofia's Grill,1,10,2470,38,2788,41,3342,58,3110,57,3265,50,2288,29,2147,40,2205,32,0.015961,35.88,0.0392
51301064-79c0-4b9e-95d4-22c29bce6f50,Home Services,Pest Control,Barcelona,Professional Care for Your Home at Elite Care,A great way to try something new without breaking the bank. This deal has been popular with Groupon customers. Limited quantities available. Valid only for the option purchased. See fine print for all terms.,48-hour cancellation policy; Excludes alcohol; Must redeem within 30 days; Limit 1 per person; Must present voucher on arrival; Photo ID required; Excludes weekends & public holidays; Appointment required,1,Basic,44,109,0.5963,Elite Care,3,103,1507,28,2191,41,1991,52,1988,41,1711,30,1788,41,1248,28,2096,46,0.021143,54.24,0.0549
aa628716-4f23-4f13-a3f1-205d3723f9e9,Automotive,Inspection,Madrid,Incredible Vehicle Service at FastLane Auto Spa,"Looking for something special? This deal has you covered. Great for individuals, couples, or groups. Flexible scheduling available. Check the fine print for full terms and restrictions. Voucher must be presented on arrival.",Must be 18+; Limit 1 per person; Excludes alcohol; Must present voucher on arrival; Limit 1 per household; Valid Mon-Fri only; No cash value; Cannot be combined with other offers,2,"Quick Service, Bumper-to-Bumper Overhaul",44,71,0.3803,FastLane Auto Spa,3,22,1773,37,1289,18,1537,35,1946,32,1571,33,2631,50,2423,51,1574,29,0.01933,59.05,0.0558
6b43e8f2-9b57-46c5-a7d7-1dbb88782eb0,Health & Fitness,Weight Loss,New York,One or Two 30-Min Cryotherapy Sessions at Restore Med Center,"What We Offer: A comprehensive evaluation followed by a customized treatment plan. Our state-of-the-art facility features the latest equipment and technology, operated by practitioners with an average of 12 years of clinical experience. First-time patients receive a thorough consultation covering medical history, lifestyle factors, and treatment goals. Why You Should Grab This Offer: We believe in treating the root cause, not just symptoms. Our team works collaboratively to ensure continuity of care across visits. Follow-up sessions are scheduled based on your individual progress — no unnecessary upsells. Clients appreciate our straightforward approach and evidence-based methodology. Good to Know: Conveniently located in downtown New York with easy transit access. Online booking available with real-time availability. Walk-ins accepted for select services on weekdays.",Limit 1 per household; Valid Mon-Fri only; 48-hour cancellation policy; Subject to availability,3,"1 Session, 3 Sessions, 5 Sessions",561,891,0.3704,Restore Med Center,2,25,3818,42,3468,34,2704,21,2781,32,2244,20,3721,33,2741,37,3282,34,0.010219,492.72,0.0625
33ba5707-8d54-4ea0-b034-6c9e08e9c440,Travel,Hotels,Houston,3-Night Beachfront Condo Stay for Up to 4 Guests at Monterey Suites,"What We Offer: An all-inclusive getaway that covers accommodation, meals, and select activities. The property is situated in a scenic location with easy access to local attractions, hiking trails, or beach — depending on the destination. Each room is individually appointed with modern amenities including smart TV, high-speed Wi-Fi, and luxury bathroom products. Why You Should Grab This Offer: This deal includes extras that would cost significantly more if booked separately. The property maintains a 4.5-star guest rating and is known for going above and beyond — from welcome drinks at check-in to personalized restaurant recommendations from the concierge. Ideal for couples, small families, or anyone who needs a proper break. Good to Know: Valid for the dates and room type specified in your option. Upgrades available at check-in (subject to availability). Airport transfer can be arranged for an additional fee. Resort fee included — no surprise charges.",Photo ID required; Subject to availability,4,"Overnight Stay, Weekend Escape, Week-Long Retreat",143,265,0.4604,Monterey Suites,4,9,1182,78,1819,108,1738,115,1896,97,1784,92,1558,104,1738,84,1974,125,0.05866,140.94,0.0997
ca7084ff-c1b6-4bbf-9e1a-0644fd6847dc,Beauty & Spas,Spa,Madrid,Treat Yourself to a Premium Beauty Service at Luxe Scalp Care Spa,This is a deal you won't want to miss. Perfect for anyone looking for a great experience at a great price. Limited availability — grab it before it's gone. Valid for new and existing customers. See fine print for full details and restrictions.,No refunds after redemption; Must be 18+; Cannot be combined with other offers; New customers only; Must redeem within 30 days,1,Complete Transformation,110,173,0.3642,Luxe Scalp Care Spa,2,95,1888,32,1756,32,1585,32,928,18,1840,35,2335,52,1727,30,1962,27,0.018401,162.56,0.0549
6fd0abbe-3adb-4e81-81a7-257ac7de0f2d,Health & Fitness,Wellness,Los Angeles,Start Your Fitness Journey at Atlas Fitness Studio,"Looking for something special? This deal has you covered. Great for individuals, couples, or groups. Flexible scheduling available. Check the fine print for full terms and restrictions. Voucher must be presented on arrival.",Expires 90 days from purchase; Merchant is solely responsible for care; New customers only; Excludes alcohol; Must be 18+; Valid at Los Angeles location only; Must present voucher on arrival; Valid for dine-in only,4,"Option 1, Option 2, Option 3, Option 4",37,88,0.5795,Atlas Fitness Studio,1,84,2331,57,1946,50,1828,39,1887,42,2230,59,2029,57,2992,68,3149,88,0.025011,36.54,0.1206
f7905de5-2e6f-4ae0-8799-afd07c433681,Travel,Hotels,Los Angeles,Weekend Getaway — 2 Nights w/ Pool Access & Parking at Lakeside Hotel & Spa,"What We Offer: An all-inclusive getaway that covers accommodation, meals, and select activities. The property is situated in a scenic location with easy access to local attractions, hiking trails, or beach — depending on the destination. Each room is individually appointed with modern amenities including smart TV, high-speed Wi-Fi, and luxury bathroom products. Why You Should Grab This Offer: This deal includes extras that would cost significantly more if booked separately. The property maintains a 4.5-star guest rating and is known for going above and beyond — from welcome drinks at check-in to personalized restaurant recommendations from the concierge. Ideal for couples, small families, or anyone who needs a proper break. Good to Know: Valid for the dates and room type specified in your option. Upgrades available at check-in (subject to availability). Airport transfer can be arranged for an additional fee. Resort fee included — no surprise charges.",Limit 1 per household; Limit 1 per person; 48-hour cancellation policy,3,"Small, Medium, Large",1173,1945,0.3969,Lakeside Hotel & Spa,2,104,1252,14,2191,22,1079,9,2064,12,1665,12,2125,14,1811,13,1253,14,0.008185,1453.71,0.0778
558ed06f-8f59-4412-bfde-1aa6c0671d53,Health & Fitness,Dental,Los Angeles,Amazing Wellness Experience at Atlas Fitness Studio,"Treat yourself or someone special to this offer. Whether it's a birthday, anniversary, or just a Tuesday — you deserve something nice. Great quality at an unbeatable price. Restrictions may apply — see fine print for full details.",Not valid Dec 24-Jan 2; Subject to availability; Appointment required; Merchant is solely responsible for care,2,"Kickstart Program, Total Body Overhaul",68,137,0.5036,Atlas Fitness Studio,2,103,2979,26,1365,15,1796,19,2991,31,2132,20,2276,24,1552,10,2777,29,0.009738,69.75,0.0579
9ab26e40-f733-4a49-92b7-3953d6855720,Travel,Getaways,Chicago,Fantastic Resort Experience at Grand Suites,"Save on this top-rated experience in Chicago. Whether you're a local or just visiting, this deal offers real value. Simple redemption — just show your voucher. See fine print for full details.",Valid Mon-Fri only; Photo ID required; Subject to availability; No cash value; Limit 1 per household,3,"Overnight Stay, Weekend Escape, Week-Long Retreat",236,518,0.5444,Grand Suites,4,81,2958,88,1839,77,2411,76,2620,85,2712,88,3548,111,3518,140,1914,72,0.034247,279.68,0.0137
4b5b8822-8178-40a3-a5ef-9c9ad9dcd139,Home Services,Landscaping,London,Lawn Care — 4 or 8 Weekly Mowing Visits at GreenLeaf Services,"What We Offer: Our licensed, bonded, and insured professionals arrive at your home with all necessary supplies and equipment — you don't need to provide anything. The service includes a thorough walkthrough before we begin, the service itself, and a final inspection with you to ensure everything meets your standards. We clean up after ourselves. Why You Should Grab This Offer: We've served over 2,000 homes in London and maintain a 4.7-star rating. Every technician is background-checked, drug-tested, and has an average of 8 years of experience. We offer a 100% satisfaction guarantee — if you're not happy, we come back and fix it at no charge. Our customers particularly appreciate our on-time arrival and transparent pricing with no hidden fees. Good to Know: Serving London and surrounding areas within 30 miles. Online booking with 2-hour arrival windows. Service takes approximately 1-3 hours depending on home size and scope.",No refunds after redemption; Valid for dine-in only; Must redeem within 30 days; Must present voucher on arrival,3,"Single Room, Multi-Room Package, Complete Home Overhaul",110,171,0.3567,GreenLeaf Services,1,58,1989,82,1956,62,1848,69,2295,78,1397,59,2587,67,2137,77,2108,84,0.035423,151.48,0.0796
a9df3aa8-dc1f-4f76-9e33-22abbcb7919c,Food & Drink,Dining Cruises,Barcelona,Savor Delicious Flavors at Basil Smokehouse,This is a deal you won't want to miss. Perfect for anyone looking for a great experience at a great price. Limited availability — grab it before it's gone. Valid for new and existing customers. See fine print for full details and restrictions.,Excludes alcohol; Appointment required; Cannot be combined with other offers; Merchant is solely responsible for care; Expires 90 days from purchase; Gratuity not included,3,"Option 1, Option 2, Option 3",35,58,0.3966,Basil Smokehouse,1,60,3240,39,3035,32,2845,27,3789,28,2912,31,1767,17,2026,21,2973,24,0.009696,40.87,0.1095
79523b5c-bc4d-418c-a59e-4f30b8e096a4,Things to Do,Entertainment,Manchester,Fantastic Fun Day Out at Wildcard Adventures,"Save on this top-rated experience in Manchester. Whether you're a local or just visiting, this deal offers real value. Simple redemption — just show your voucher. See fine print for full details.",Must present voucher on arrival; No cash value; Valid for dine-in only; Limit 1 per household; Cannot be combined with other offers; New customers only; Excludes weekends & public holidays; 48-hour cancellation policy,2,"Explorer, Ultimate Adventure",69,122,0.4344,Wildcard Adventures,5,109,3368,134,4331,135,3535,104,3876,115,2507,63,4602,139,3515,83,2565,95,0.030672,66.67,0.096
7af8241a-beca-4584-95cb-25f486cde7df,Automotive,Detailing,Manchester,Windshield Chip Repair — Up to 3 Chips at TopGear Garage,"What We Offer: A comprehensive vehicle service performed by trained technicians using manufacturer-approved parts and fluids. Service includes a detailed inspection report emailed to you upon completion, so you have a clear record of your vehicle's condition. No appointment necessary — walk-ins welcome 7 days a week. Why You Should Grab This Offer: We've serviced over 10,000 vehicles in Manchester and consistently earn top ratings for speed, quality, and transparency. Our customers appreciate that we explain what we find, recommend only what's needed, and never pressure you into additional services. Every job is backed by a 12-month or 12,000-mile warranty on parts and labor. Good to Know: Most services completed in 30-60 minutes. Comfortable waiting area with complimentary Wi-Fi, coffee, and snacks. Shuttle service available within 5 miles for longer services. Ask about our fleet discount for businesses.",48-hour cancellation policy; Photo ID required; Limit 1 per household; Gratuity not included; New customers only; Excludes weekends & public holidays,1,Complete Vehicle Refresh,24,65,0.6308,TopGear Garage,4,118,1017,92,1399,133,1137,78,1300,78,1511,132,1150,107,1302,95,1826,177,0.083819,34.91,0.0486
cd39fe72-eafc-47e4-82ed-1886421c650f,Things to Do,Outdoor Activities,Dallas,Unforgettable Fun at Summit Adventures,Experience the best that Dallas has to offer with this popular deal. Thousands of Groupon customers have enjoyed this offer. Book now to secure your spot before availability runs out. See fine print for redemption details.,Appointment required; Photo ID required,2,"Basic, Standard",31,83,0.6265,Summit Adventures,3,54,3110,111,2204,70,2291,69,2857,115,2437,86,2930,106,3517,121,3000,129,0.036114,31.59,0.0603
7101fc1a-ec61-47ed-90e9-88b73372ed31,Things to Do,Classes,Manchester,Best Experience in Manchester at Horizon Cruises,Experience the best that Manchester has to offer with this popular deal. Thousands of Groupon customers have enjoyed this offer. Book now to secure your spot before availability runs out. See fine print for redemption details.,Must be 18+; Excludes weekends & public holidays; Must present voucher on arrival; Valid at Manchester location only; Subject to availability; No refunds after redemption; No cash value,2,"1 Session, 3 Sessions",17,42,0.5952,Horizon Cruises,4,56,2021,94,2117,91,3340,128,2544,112,1658,74,3493,129,2903,124,3137,153,0.042663,16.54,0.1178
183a4743-b706-45c9-9de3-55391651c63b,Home Services,HVAC,Los Angeles,2 or 3-Room Deep Clean w/ Kitchen & Bathroom at Premier Care,"What We Offer: Professional-grade service performed by trained technicians using commercial equipment. We begin with an assessment of the scope of work, provide a clear explanation of what we'll do, and complete the job efficiently with minimal disruption to your day. A post-service report is provided summarizing what was done and any recommendations for future maintenance. Why You Should Grab This Offer: Homeowners often put off this type of maintenance because they don't know who to trust. We make it easy: fixed pricing (no hourly billing surprises), certified technicians, and a workmanship warranty. Our Groupon customers routinely become repeat clients. Good to Know: Appointment required — book online or by phone. Available Monday through Saturday, 8 AM to 6 PM. Ask about our seasonal maintenance packages for ongoing care.",Cannot be combined with other offers; Must present voucher on arrival; Excludes weekends & public holidays; Photo ID required,4,"Single Room, Multi-Room Package, Complete Home Overhaul",686,1012,0.3221,Premier Care,2,45,1546,7,1144,4,1106,6,1146,5,1007,2,1579,5,1097,6,1095,5,0.004115,868.18,0.0735
ebe07886-7595-48c7-bb66-a496e76e1b5c,Automotive,Inspection,Boston,Best Auto Deal in Boston at MotorCraft Auto Care,"Treat yourself or someone special to this offer. Whether it's a birthday, anniversary, or just a Tuesday — you deserve something nice. Great quality at an unbeatable price. Restrictions may apply — see fine print for full details.",No cash value; Promotional value expires 120 days after purchase; Must be 18+; 48-hour cancellation policy; Photo ID required,2,"Quick Service, Bumper-to-Bumper Overhaul",70,142,0.507,MotorCraft Auto Care,2,41,452,14,675,15,716,14,480,11,285,8,484,9,787,22,499,11,0.023755,105.31,0.055
698e0c69-96cf-4b13-9182-6cb45d7f119e,Health & Fitness,Wellness,New York,Boost Your Health w/ Fantastic Services at Zenith Health Center,Highly rated by Groupon customers in New York. Easy online booking with instant confirmation. Satisfaction guaranteed or your money back. This deal won't last long — availability is limited.,Photo ID required; No cash value; Limit 1 per household; Merchant is solely responsible for care; 48-hour cancellation policy; Must redeem within 30 days; Promotional value expires 120 days after purchase; Gratuity not included,3,"Option 1, Option 2, Option 3",104,141,0.2624,Zenith Health Center,2,116,1423,15,1465,15,1857,22,1758,18,1769,17,1442,7,1360,13,1734,14,0.009447,118.75,0.1134
104256f4-7dae-4e21-ad0c-a74474f35659,Retail,Fashion,Madrid,Amazing Deal on Must-Have Products,"Treat yourself or someone special to this offer. Whether it's a birthday, anniversary, or just a Tuesday — you deserve something nice. Great quality at an unbeatable price. Restrictions may apply — see fine print for full details.",Merchant is solely responsible for care; Promotional value expires 120 days after purchase; Gratuity not included; Valid Mon-Fri only; 48-hour cancellation policy; Photo ID required,2,"Single, Double",52,93,0.4409,Urban Shop,5,98,1982,90,1682,63,1933,83,1970,110,1880,103,759,38,1498,69,1783,101,0.048714,55.11,0.0886
c396c017-fb51-4b6f-a5c7-fa75e09ca054,Things to Do,Attractions,Miami,Make Your Weekend Special at Starlight Activities,"Looking for something special? This deal has you covered. Great for individuals, couples, or groups. Flexible scheduling available. Check the fine print for full terms and restrictions. Voucher must be presented on arrival.",48-hour cancellation policy; Valid at Miami location only; Subject to availability; Limit 1 per household; Not valid on holidays,3,"Taster, Full Day Explorer, VIP Experience",15,20,0.25,Starlight Activities,2,23,1352,27,1797,47,1220,25,766,17,1476,34,892,14,993,22,903,17,0.021598,19.48,0.0516
1f199ac6-f65d-4bc2-8bfd-f00a0fe3673f,Travel,Hotels,Birmingham,Your Dream Getaway at Grand Suites,An opportunity to enjoy premium service at a fraction of the regular cost. Our customers love the convenience and value of this deal. Valid for the options listed. See fine print for scheduling and restrictions.,New customers only; Gratuity not included; Not valid on holidays; Must redeem within 30 days; Promotional value expires 120 days after purchase,1,Weekend Escape,181,284,0.3627,Grand Suites,4,30,2158,104,1500,59,2210,123,1582,77,2439,131,2194,95,1694,78,2148,112,0.048917,267.0,0.0938
809f25d7-b569-4f0d-88b4-a75ec8b827d1,Home Services,Landscaping,Chicago,Trusted Service from Shield Care,An opportunity to enjoy premium service at a fraction of the regular cost. Our customers love the convenience and value of this deal. Valid for the options listed. See fine print for scheduling and restrictions.,48-hour cancellation policy; Promotional value expires 120 days after purchase; Subject to availability; Cannot be combined with other offers,3,"Basic, Standard, Premium",52,76,0.3158,Shield Care,3,67,256,5,276,5,255,3,263,4,219,4,315,6,198,5,137,3,0.018239,55.59,0.0389
f6d2265a-605f-4457-9afa-426e8113cead,Food & Drink,Dining Cruises,Birmingham,$15 for $30 Worth of BBQ & Sides for Takeout at Stone Steakhouse,"What We Offer: Enjoy a carefully curated dining experience prepared by our award-winning chef using locally sourced, seasonal ingredients. Each course is thoughtfully paired with beverages selected by our in-house sommelier. The menu changes quarterly to reflect the freshest produce available, so every visit offers something new. Vegetarian, vegan, and gluten-free options are always available — just let your server know. Why You Should Grab This Offer: We've been recognized by local food critics as one of Birmingham's best-kept secrets, with a 4.6-star average on Google and Yelp. Our intimate dining room seats just 40 guests, creating a personal atmosphere you won't find at larger establishments. Private dining available for groups of 8 or more. Good to Know: Reservations recommended, especially on weekends. Free street parking available after 6 PM. Kids' menu available for diners under 12.",Excludes alcohol; Limit 1 per person; Must redeem within 30 days; Expires 90 days from purchase; Valid Mon-Fri only; No refunds after redemption; Merchant is solely responsible for care; Not valid on holidays; Promotional value expires 120 days after purchase,2,"Single, Double",32,71,0.5493,Stone Steakhouse,2,11,1715,64,2577,117,2290,99,2994,105,2836,128,2726,138,1762,54,2570,90,0.040832,34.15,0.0489
1b1ab3b5-0932-4145-a59f-71107ca742cd,Things to Do,Attractions,Miami,Wonderful Adventure Awaits at Summit Escape Room,Experience the best that Miami has to offer with this popular deal. Thousands of Groupon customers have enjoyed this offer. Book now to secure your spot before availability runs out. See fine print for redemption details.,Limit 1 per household; Gratuity not included,2,"Explorer, Ultimate Adventure",23,52,0.5577,Summit Escape Room,2,47,1695,25,1659,21,2333,38,1604,22,1597,17,2686,51,1269,20,2108,34,0.01525,20.8,0.031
a8721167-d410-4e6e-93e4-b8ca495a97c1,Home Services,HVAC,Madrid,Fantastic Professional Service at BrightHome Solutions,"Looking for something special? This deal has you covered. Great for individuals, couples, or groups. Flexible scheduling available. Check the fine print for full terms and restrictions. Voucher must be presented on arrival.",Appointment required; New customers only; Gratuity not included; Excludes alcohol; No cash value; Valid Mon-Fri only,4,"Single Room, Multi-Room Package, Complete Home Overhaul",77,129,0.4031,BrightHome Solutions,2,89,2677,27,2672,26,2479,18,2872,25,3024,24,2528,20,2349,23,2210,23,0.008938,101.42,0.0844
28514b3d-ecc6-4f66-839e-77f79d5f4644,Things to Do,Classes,Los Angeles,Family-Friendly 90-Min Sightseeing Cruise w/ Drink at Coast Adventures,"What We Offer: An unforgettable activity designed for all skill levels. Whether you're a first-timer or a seasoned pro, our experienced staff will ensure you have a safe, enjoyable time. Sessions are structured with a brief orientation, the main activity, and time for questions or photos afterward. Groups of 6 or more receive a dedicated host. Why You Should Grab This Offer: This isn't a factory-line tourist trap — we limit capacity to maintain quality, so every guest gets real attention. Our facility has been recently renovated with state-of-the-art equipment. We've been voted one of Los Angeles's top activities on TripAdvisor for three consecutive years. Good to Know: Walk-ins welcome but reservations guarantee your spot during peak times. Private event bookings available for birthdays, team outings, and celebrations. Free parking on-site.",Valid Mon-Fri only; Must be 18+; Must redeem within 30 days; Excludes weekends & public holidays; Expires 90 days from purchase,3,"Taster, Full Day Explorer, VIP Experience",14,20,0.3,Coast Adventures,1,53,2269,77,1726,42,1402,53,1833,66,1232,31,2007,68,1292,34,1649,60,0.03214,21.14,0.0398
54f80163-a1ef-49ba-92b6-c52f08d4fc17,Things to Do,Outdoor Activities,Manchester,Family-Friendly 2-Hour Kayak or Paddleboard Rental at Sunset Tours,"What We Offer: An unforgettable activity designed for all skill levels. Whether you're a first-timer or a seasoned pro, our experienced staff will ensure you have a safe, enjoyable time. Sessions are structured with a brief orientation, the main activity, and time for questions or photos afterward. Groups of 6 or more receive a dedicated host. Why You Should Grab This Offer: This isn't a factory-line tourist trap — we limit capacity to maintain quality, so every guest gets real attention. Our facility has been recently renovated with state-of-the-art equipment. We've been voted one of Manchester's top activities on TripAdvisor for three consecutive years. Good to Know: Walk-ins welcome but reservations guarantee your spot during peak times. Private event bookings available for birthdays, team outings, and celebrations. Free parking on-site.",Expires 90 days from purchase; Not valid on holidays; Limit 1 per person; Appointment required; Must redeem within 30 days,3,"Option 1, Option 2, Option 3",51,96,0.4688,Sunset Tours,2,107,2026,99,2850,139,2123,116,1679,94,2113,108,1745,106,1715,97,2133,86,0.051575,69.85,0.0541
8daf7950-d590-4057-95ce-feac04fca269,Beauty & Spas,Skin Care,Birmingham,Before & After Smile Transformation — Zoom Whitening at Bella Skin Lounge,"What We Offer: This deal includes a full consultation to identify your specific skin concerns, followed by a customized treatment performed by a licensed aesthetician with over 10 years of experience. All products used are medical-grade and dermatologist-approved. The session begins with a thorough skin analysis, followed by the treatment itself, and ends with a personalized at-home care plan. Before and after photos are taken so you can track your results over time. Why You Should Grab This Offer: Whether you're dealing with fine lines, uneven skin tone, acne scarring, or just want a refresh, this treatment is designed to deliver visible results from the first session. Our specialists tailor every session to your skin type — no cookie-cutter approach. Good to Know: Located in Birmingham with free parking and complimentary refreshments in the waiting area. Open 7 days a week with evening appointments available. Online booking at our website — same-week availability.",Cannot be combined with other offers; Appointment required; Subject to availability; Merchant is solely responsible for care; Photo ID required; Valid at Birmingham location only; No refunds after redemption; 48-hour cancellation policy; Must present voucher on arrival,2,"Touch-Up, Head-to-Toe Glow",93,133,0.3008,Bella Skin Lounge,3,13,2127,181,2437,178,2005,160,1651,115,1422,103,1537,147,1769,143,1906,129,0.077824,141.37,0.1251
a55dede5-2304-4c24-8c30-3e287d5fc036,Home Services,Handyman,Dallas,Amazing Home Service at GreenLeaf Home Services,Highly rated by Groupon customers in Dallas. Easy online booking with instant confirmation. Satisfaction guaranteed or your money back. This deal won't last long — availability is limited.,No refunds after redemption; Gratuity not included; Cannot be combined with other offers; Must redeem within 30 days; Excludes alcohol,3,"Small, Medium, Large",103,199,0.4824,GreenLeaf Home Services,2,94,2149,58,1580,39,2311,56,2162,55,2456,54,1760,35,2805,54,2155,41,0.022557,119.73,0.0877
5fd509e8-505e-4b27-8fa6-87140eec617b,Automotive,Oil Change,Birmingham,Interior Shampoo & Stain Removal at MotorCraft Auto Spa,"What Is Included: Up to five quarts of quality oil (synthetic blend or full synthetic depending on option purchased), standard oil filter, lubrication of chassis components per manufacturer specs, and a complimentary multi-point maintenance check. Our certified technicians perform an inspection covering fluid levels, tire pressure, battery test, wiper blades, headlights and taillights, air filter, and antifreeze/coolant levels. What Is Not Included: Extra quarts beyond five are available for an additional fee at time of service. Premium or canister filters available for purchase. European oil types not included. Why You Should Grab This Offer: Our ASE-certified technicians complete over 270 hours of professional training. No appointment needed — stay-in-your-car service completed in approximately 15-20 minutes. Contactless payment available. Good to Know: Valid at participating locations. Digital inspection report emailed after service. All work backed by a service guarantee.",Limit 1 per person; Subject to availability; 48-hour cancellation policy; Excludes weekends & public holidays,2,"Small, Large",54,93,0.4194,MotorCraft Auto Spa,4,120,1755,100,1941,180,1848,108,1559,103,1909,156,2663,257,1252,115,2074,163,0.078795,74.76,0.0774
4b01c9bc-8ddc-415a-b441-028356f3296b,Health & Fitness,Dental,Miami,Best Wellness Deal at Summit Performance Lab,A great way to try something new without breaking the bank. This deal has been popular with Groupon customers. Limited quantities available. Valid only for the option purchased. See fine print for all terms.,Cannot be combined with other offers; Promotional value expires 120 days after purchase; Excludes alcohol; Excludes weekends & public holidays,1,Standard,56,137,0.5912,Summit Performance Lab,3,23,3413,55,3045,43,2567,45,2998,50,2907,43,3029,51,1938,41,2909,55,0.016794,44.8,0.0679
f4ccdec7-a165-4ca2-a6c4-0cfe65a24aad,Automotive,Inspection,Seattle,State Inspection & Emissions Test at QuickLube Motor Works,"What We Offer: A comprehensive vehicle service performed by trained technicians using manufacturer-approved parts and fluids. Service includes a detailed inspection report emailed to you upon completion, so you have a clear record of your vehicle's condition. No appointment necessary — walk-ins welcome 7 days a week. Why You Should Grab This Offer: We've serviced over 10,000 vehicles in Seattle and consistently earn top ratings for speed, quality, and transparency. Our customers appreciate that we explain what we find, recommend only what's needed, and never pressure you into additional services. Every job is backed by a 12-month or 12,000-mile warranty on parts and labor. Good to Know: Most services completed in 30-60 minutes. Comfortable waiting area with complimentary Wi-Fi, coffee, and snacks. Shuttle service available within 5 miles for longer services. Ask about our fleet discount for businesses.",Expires 90 days from purchase; No refunds after redemption; Not valid on holidays; 48-hour cancellation policy; Limit 1 per person,2,"Single, Double",66,106,0.3774,QuickLube Motor Works,4,22,3027,298,2843,191,2570,201,1849,124,2738,260,1917,175,2232,220,2839,181,0.082438,71.73,0.0545
5e088743-9568-415a-97ca-43d781353f4d,Food & Drink,Dining Cruises,Birmingham,Wine Tasting for Two — 6 Wines w/ Cheese Board at Maple Kitchen,"What We Offer: This deal is valid toward our full food and drink menu during the specified hours. Choose from appetizers, entrees, and desserts crafted fresh daily by our kitchen team. Our menu features a mix of house specialties and seasonal rotating dishes — there's something for every palate. Full bar available with craft cocktails, local beers, and an curated wine list. Why You Should Grab This Offer: Whether it's date night, a family dinner, or a casual meal with friends, this deal gives you the flexibility to order what you want from our complete menu. Our restaurant is known for generous portions, fresh ingredients, and a warm atmosphere that keeps customers coming back. Good to Know: Located in the heart of Birmingham. Walk-ins welcome. Outdoor seating available seasonally. Ask about our loyalty program for returning guests.",Valid Mon-Fri only; Photo ID required; Cannot be combined with other offers; Expires 90 days from purchase; Subject to availability; New customers only; No cash value; Gratuity not included,2,"Single, Double",77,109,0.2936,Maple Kitchen,3,85,1804,77,2284,94,2631,114,2321,114,2179,110,1830,93,1565,58,2448,92,0.044075,81.53,0.0978
7ea28b3e-169d-4740-a57e-b2c99f4b3f01,Automotive,Inspection,Houston,Engine Diagnostic Scan & Report at AutoShine Service Center,"What Is Included: Up to five quarts of quality oil (synthetic blend or full synthetic depending on option purchased), standard oil filter, lubrication of chassis components per manufacturer specs, and a complimentary multi-point maintenance check. Our certified technicians perform an inspection covering fluid levels, tire pressure, battery test, wiper blades, headlights and taillights, air filter, and antifreeze/coolant levels. What Is Not Included: Extra quarts beyond five are available for an additional fee at time of service. Premium or canister filters available for purchase. European oil types not included. Why You Should Grab This Offer: Our ASE-certified technicians complete over 270 hours of professional training. No appointment needed — stay-in-your-car service completed in approximately 15-20 minutes. Contactless payment available. Good to Know: Valid at participating locations. Digital inspection report emailed after service. All work backed by a service guarantee.",Cannot be combined with other offers; No refunds after redemption; Must present voucher on arrival; Expires 90 days from purchase; Gratuity not included,1,Basic,21,37,0.4324,AutoShine Service Center,3,61,1030,41,1163,52,978,36,862,45,1239,68,1435,66,930,45,1175,46,0.045279,21.93,0.083
f28cfce1-e660-4a1a-8f35-1853ce7b6433,Travel,Resorts,Denver,Your Dream Getaway at Grand Retreat,Experience the best that Denver has to offer with this popular deal. Thousands of Groupon customers have enjoyed this offer. Book now to secure your spot before availability runs out. See fine print for redemption details.,Excludes alcohol; Promotional value expires 120 days after purchase; New customers only,1,Single Visit,57,156,0.6346,Grand Retreat,4,92,2709,100,2853,136,2532,101,1438,66,2423,113,3711,153,2342,119,1571,50,0.042801,60.93,0.0603
60ebb2ab-2cc6-455d-a7b8-ddbd1f6a9107,Automotive,Inspection,Manchester,Keep Your Car Running Great at Midas Motor Works,This is a deal you won't want to miss. Perfect for anyone looking for a great experience at a great price. Limited availability — grab it before it's gone. Valid for new and existing customers. See fine print for full details and restrictions.,Must redeem within 30 days; Expires 90 days from purchase; Not valid on holidays,2,"Quick Service, Bumper-to-Bumper Overhaul",42,104,0.5962,Midas Motor Works,2,108,1544,32,2028,31,1588,36,2154,57,2389,52,1658,32,2955,57,2068,33,0.020142,59.42,0.036
77a485f8-77b6-4245-a942-828868fe4b23,Health & Fitness,Wellness,Boston,A Healthier You Starts at Summit Fitness Studio,"Save on this top-rated experience in Boston. Whether you're a local or just visiting, this deal offers real value. Simple redemption — just show your voucher. See fine print for full details.",Excludes alcohol; Subject to availability; Expires 90 days from purchase; Limit 1 per household; Promotional value expires 120 days after purchase; 48-hour cancellation policy; New customers only,3,"Option 1, Option 2, Option 3",34,47,0.2766,Summit Fitness Studio,3,44,2487,52,1121,19,3060,78,2589,62,3092,55,3624,80,3896,103,2669,59,0.02254,41.71,0.0621
504c7163-00ea-4b11-9ffb-fe6f4c8d7a26,Things to Do,Attractions,New York,Glow-in-the-Dark Mini Golf for Two or Four at Thrill Escape Room,"What We Offer: A hands-on experience that combines education and entertainment in a relaxed, welcoming environment. All materials, equipment, and instruction are included — just show up and enjoy. Sessions run for the duration listed and include a take-home component where applicable. Our instructors are patient, encouraging, and passionate about sharing their craft. Why You Should Grab This Offer: We believe the best experiences are the ones where you actually learn something new. Our sessions are designed to be approachable for complete beginners while still engaging for those with some background. Located in the heart of New York with a fun, social vibe that makes this ideal for date nights, friend outings, or family weekends. Good to Know: Ages 8 and up welcome (under 16 must be accompanied by a paying adult). Complimentary refreshments provided. Online booking with instant confirmation.",Expires 90 days from purchase; Merchant is solely responsible for care; Appointment required; Valid Mon-Fri only; Gratuity not included; Valid at New York location only; Promotional value expires 120 days after purchase; Not valid on holidays,4,"1 Visit, 3 Visits, 5 Visits, 10 Visits",65,91,0.2857,Thrill Escape Room,5,87,1311,64,1940,130,1375,68,1705,87,2063,94,1779,101,2314,142,1878,75,0.052976,66.09,0.144
8e3ae692-6f79-4563-b133-011189f544a9,Retail,Home Goods,Boston,Amazing Deal on Must-Have Products,A great way to try something new without breaking the bank. This deal has been popular with Groupon customers. Limited quantities available. Valid only for the option purchased. See fine print for all terms.,Photo ID required; No refunds after redemption; Gratuity not included; Promotional value expires 120 days after purchase,2,"Basic, Standard",20,33,0.3939,Urban Market,3,88,3655,70,3104,50,2440,55,4658,69,4304,89,3445,63,3044,74,3449,75,0.019396,21.7,0.0598
3e1208d7-f319-42fe-a6c4-3f01687d621c,Things to Do,Outdoor Activities,Boston,Family-Friendly 90-Min Sightseeing Cruise w/ Drink at Summit Escape Room,"What We Offer: A guided experience led by knowledgeable local experts who know every hidden gem in Boston. Small group sizes — maximum 12 participants — ensure a personal, interactive experience. All necessary equipment and materials are included in the price. No prior experience or special skills required. Why You Should Grab This Offer: We've hosted over 5,000 guests and maintain a 4.8-star rating. Our guides don't just walk you through the experience — they make it memorable with stories, tips, and insider knowledge you won't find in a guidebook. Perfect for families, couples, corporate outings, or solo adventurers. Good to Know: Open year-round, rain or shine (indoor alternatives available for weather-sensitive activities). Children under 12 must be accompanied by an adult. Gift cards available — makes a great last-minute present. Arrive 15 minutes before your scheduled start time.",No cash value; Not valid Dec 24-Jan 2; Subject to availability; Limit 1 per household; Valid for dine-in only; Limit 1 per person; Must present voucher on arrival,2,"1 Session, 3 Sessions",40,55,0.2727,Summit Escape Room,3,40,4978,205,4320,183,4606,226,4955,243,3646,161,3466,202,4433,142,3998,161,0.044271,55.65,0.1187
97ed63f5-f3fd-4184-a396-1e879eb0da9a,Things to Do,Classes,Denver,Glow-in-the-Dark Mini Golf for Two or Four at Coast Adventures,"What We Offer: A hands-on experience that combines education and entertainment in a relaxed, welcoming environment. All materials, equipment, and instruction are included — just show up and enjoy. Sessions run for the duration listed and include a take-home component where applicable. Our instructors are patient, encouraging, and passionate about sharing their craft. Why You Should Grab This Offer: We believe the best experiences are the ones where you actually learn something new. Our sessions are designed to be approachable for complete beginners while still engaging for those with some background. Located in the heart of Denver with a fun, social vibe that makes this ideal for date nights, friend outings, or family weekends. Good to Know: Ages 8 and up welcome (under 16 must be accompanied by a paying adult). Complimentary refreshments provided. Online booking with instant confirmation.",Not valid on holidays; No refunds after redemption; Valid at Denver location only; Not valid Dec 24-Jan 2; Expires 90 days from purchase; Promotional value expires 120 days after purchase; Excludes weekends & public holidays; Limit 1 per person,4,"Option 1, Option 2, Option 3, Option 4",38,88,0.5682,Coast Adventures,3,20,2054,88,3248,135,3644,147,3110,144,4245,183,2952,166,2906,175,2675,121,0.04667,43.85,0.1281
5c314d6c-ec20-47ba-8a3a-39cf822d297b,Retail,Home Goods,London,Fantastic Savings on Top-Rated Items,"Save on this top-rated experience in London. Whether you're a local or just visiting, this deal offers real value. Simple redemption — just show your voucher. See fine print for full details.",New customers only; Expires 90 days from purchase; Excludes weekends & public holidays; Gratuity not included; Valid Mon-Fri only; Subject to availability; Excludes alcohol; Not valid on holidays; Not valid Dec 24-Jan 2; No refunds after redemption,3,"Small, Medium, Large",29,46,0.3696,Sage Boutique,4,84,1890,76,1746,82,1249,41,1840,89,1809,76,1564,50,2165,101,1995,95,0.042783,33.08,0.0595
c3d9554f-0937-4726-ad9e-b6dd80be8810,Beauty & Spas,Nails,Houston,Unwind w/ a Wonderful Relaxation Package at Glow Scalp Care Spa,"Looking for something special? This deal has you covered. Great for individuals, couples, or groups. Flexible scheduling available. Check the fine print for full terms and restrictions. Voucher must be presented on arrival.",Must redeem within 30 days; Valid at Houston location only; Merchant is solely responsible for care; 48-hour cancellation policy; Subject to availability; New customers only; No refunds after redemption; Photo ID required; Excludes weekends & public holidays,2,"Option 1, Option 2",44,105,0.581,Glow Scalp Care Spa,5,68,3308,109,2601,81,2867,100,1898,61,3218,105,2404,94,2342,83,2822,80,0.033225,50.05,0.0792
50fd10d2-c0e4-496f-93af-e936f3684ba0,Retail,Gifts,Chicago,Custom Phone Case — 100+ Designs w/ Free Shipping,What's Included: Product ships within 2-3 business days via USPS or UPS with tracking number provided via email. Each item is quality-inspected before shipping and arrives in protective packaging. 30-day hassle-free returns accepted with original packaging — we'll provide a prepaid return label. Why You Should Grab This Offer: This product has been one of our top sellers with over 500 five-star reviews. Made with premium materials designed for daily use. Makes an excellent gift — arrives in presentation-ready packaging with the option to include a personalized gift note at checkout. Good to Know: Available in multiple sizes and colors — select your preferred option at checkout. Ships to all 50 US states. International shipping available for an additional fee. Bulk orders of 5+ units receive an automatic 10% discount.,New customers only; Appointment required; Excludes alcohol,2,"Small, Large",34,73,0.5342,Indie Supply,3,22,1423,45,1782,99,1391,84,1616,69,1140,47,1674,63,948,45,1260,48,0.044508,46.49,0.0576
854ca377-79ee-40d4-80ce-f0e56599c475,Travel,Getaways,Miami,Amazing Hotel Getaway at Harbor Resort,This is a deal you won't want to miss. Perfect for anyone looking for a great experience at a great price. Limited availability — grab it before it's gone. Valid for new and existing customers. See fine print for full details and restrictions.,Merchant is solely responsible for care; Not valid on holidays; Must be 18+; Limit 1 per person; Expires 90 days from purchase,2,"Basic, Standard",250,346,0.2775,Harbor Resort,2,102,1153,12,2396,23,1925,18,2095,19,1909,17,2391,28,1429,18,1901,20,0.010198,239.59,0.0817
e2a90133-5b53-427a-9420-4a693b144fa0,Home Services,Cleaning,Seattle,Lawn Care — 4 or 8 Weekly Mowing Visits at TopNotch Cleaning Co.,"What We Offer: Our licensed, bonded, and insured professionals arrive at your home with all necessary supplies and equipment — you don't need to provide anything. The service includes a thorough walkthrough before we begin, the service itself, and a final inspection with you to ensure everything meets your standards. We clean up after ourselves. Why You Should Grab This Offer: We've served over 2,000 homes in Seattle and maintain a 4.7-star rating. Every technician is background-checked, drug-tested, and has an average of 8 years of experience. We offer a 100% satisfaction guarantee — if you're not happy, we come back and fix it at no charge. Our customers particularly appreciate our on-time arrival and transparent pricing with no hidden fees. Good to Know: Serving Seattle and surrounding areas within 30 miles. Online booking with 2-hour arrival windows. Service takes approximately 1-3 hours depending on home size and scope.",Limit 1 per household; Not valid on holidays; Must be 18+,3,"Single Room, Multi-Room Package, Complete Home Overhaul",564,1000,0.436,TopNotch Cleaning Co.,4,69,1098,6,1244,3,1369,5,1316,9,1399,7,1171,4,1326,4,976,5,0.004344,785.87,0.0282
7a2cd444-5382-430a-bba4-6e2ce5a7b248,Things to Do,Outdoor Activities,Denver,Fun for Everyone at Wildcard Adventures,"Treat yourself or someone special to this offer. Whether it's a birthday, anniversary, or just a Tuesday — you deserve something nice. Great quality at an unbeatable price. Restrictions may apply — see fine print for full details.",Valid at Denver location only; Must present voucher on arrival; 48-hour cancellation policy,2,"Option 1, Option 2",36,92,0.6087,Wildcard Adventures,3,42,1041,26,1197,29,1008,26,1270,21,1456,26,1166,22,824,17,1133,25,0.021111,31.3,0.0821
7423881d-8bf9-4564-a418-04ae8af3d423,Beauty & Spas,Spa,London,Glow Up w/ Services at Crystal Aesthetics,Experience the best that London has to offer with this popular deal. Thousands of Groupon customers have enjoyed this offer. Book now to secure your spot before availability runs out. See fine print for redemption details.,Must be 18+; Subject to availability; Expires 90 days from purchase; Not valid Dec 24-Jan 2; Must present voucher on arrival; Excludes alcohol; Merchant is solely responsible for care; 48-hour cancellation policy,1,Single Visit,10,20,0.5,Crystal Aesthetics,5,72,1057,43,922,34,1343,51,1140,43,1172,46,1005,37,1578,62,833,31,0.038343,10.52,0.068
583c6205-459a-44d3-9436-93802f836953,Things to Do,Outdoor Activities,New York,2-Hour Arcade Pass for Unlimited Games at Skyline Adventures,"What We Offer: A hands-on experience that combines education and entertainment in a relaxed, welcoming environment. All materials, equipment, and instruction are included — just show up and enjoy. Sessions run for the duration listed and include a take-home component where applicable. Our instructors are patient, encouraging, and passionate about sharing their craft. Why You Should Grab This Offer: We believe the best experiences are the ones where you actually learn something new. Our sessions are designed to be approachable for complete beginners while still engaging for those with some background. Located in the heart of New York with a fun, social vibe that makes this ideal for date nights, friend outings, or family weekends. Good to Know: Ages 8 and up welcome (under 16 must be accompanied by a paying adult). Complimentary refreshments provided. Online booking with instant confirmation.",Must present voucher on arrival; Gratuity not included; New customers only; Must be 18+; 48-hour cancellation policy,1,Basic,32,69,0.5362,Skyline Adventures,4,59,3810,269,1793,140,3573,212,2757,167,3629,200,4347,278,3101,196,2620,173,0.063792,39.4,0.0498
045ee070-ea47-4328-b550-94d8c292453f,Beauty & Spas,Hair,Madrid,Transform Your Skin w/ Professional Care at Crystal Skin Lounge,Highly rated by Groupon customers in Madrid. Easy online booking with instant confirmation. Satisfaction guaranteed or your money back. This deal won't last long — availability is limited.,Expires 90 days from purchase; Cannot be combined with other offers; Excludes alcohol; Not valid on holidays; Must redeem within 30 days,1,Complete Transformation,58,89,0.3483,Crystal Skin Lounge,3,37,2633,70,1429,43,1420,35,874,19,1162,29,1104,28,2348,64,2120,61,0.026662,89.81,0.0419
54042eac-9acc-4718-af2b-6728ef4ee3b9,Travel,Hotels,Madrid,Amazing Hotel Getaway at Napa Retreat,"Treat yourself or someone special to this offer. Whether it's a birthday, anniversary, or just a Tuesday — you deserve something nice. Great quality at an unbeatable price. Restrictions may apply — see fine print for full details.",Valid for dine-in only; New customers only; 48-hour cancellation policy; Photo ID required; Not valid Dec 24-Jan 2; Not valid on holidays; Cannot be combined with other offers,2,"1 Session, 3 Sessions",174,357,0.5126,Napa Retreat,4,63,1545,45,1522,39,1656,29,1359,42,991,41,1944,52,1359,41,936,25,0.027758,189.22,0.0798
45722937-f64b-4927-a2af-f816e0be4dc8,Health & Fitness,Wellness,New York,5 or 10 Personal Training Sessions w/ Body Composition Analysis at Wellness Chiropractic,"What We Offer: Choose from single or multi-session packages designed to fit your health goals. Each session begins with a brief check-in to assess how you're feeling and adjust the plan as needed. Our facility is ADA-accessible, climate-controlled, and equipped with the latest diagnostic and therapeutic tools. Why You Should Grab This Offer: Over 1,500 clients in New York have trusted us with their care. We maintain a 4.6-star rating on Google with particular praise for our professional, no-pressure approach. Every treatment is backed by a satisfaction guarantee — if you're not happy with your experience, we'll work to make it right. Good to Know: Extended hours available Tuesday through Thursday until 8 PM. Bring comfortable clothing for movement-based sessions. Free consultation for first-time clients to determine the best treatment path.",Limit 1 per person; Cannot be combined with other offers; Subject to availability; Excludes weekends & public holidays; Not valid Dec 24-Jan 2; Photo ID required,3,"1 Session, 3 Sessions, 5 Sessions",34,50,0.32,Wellness Chiropractic,5,56,943,52,1078,96,1802,135,1605,147,1996,144,1453,89,1532,106,1159,96,0.074775,35.59,0.0601
1a397ec1-e5ba-45bc-998a-ea4142bd9379,Health & Fitness,Dental,Dallas,One or Two 30-Min Cryotherapy Sessions at Zenith Med Center,"What We Offer: A comprehensive evaluation followed by a customized treatment plan. Our state-of-the-art facility features the latest equipment and technology, operated by practitioners with an average of 12 years of clinical experience. First-time patients receive a thorough consultation covering medical history, lifestyle factors, and treatment goals. Why You Should Grab This Offer: We believe in treating the root cause, not just symptoms. Our team works collaboratively to ensure continuity of care across visits. Follow-up sessions are scheduled based on your individual progress — no unnecessary upsells. Clients appreciate our straightforward approach and evidence-based methodology. Good to Know: Conveniently located in downtown Dallas with easy transit access. Online booking available with real-time availability. Walk-ins accepted for select services on weekdays.",Merchant is solely responsible for care; Must redeem within 30 days; Limit 1 per household; Expires 90 days from purchase; Valid Mon-Fri only; Excludes weekends & public holidays; Excludes alcohol; Must be 18+; Photo ID required; No refunds after redemption,1,Basic,171,231,0.2597,Zenith Med Center,4,17,153,10,253,21,234,15,163,13,219,21,216,17,218,17,224,18,0.078571,219.83,0.0331
aafe712b-077c-4732-9830-511f9c3fb9ce,Things to Do,Outdoor Activities,Dallas,Laser Tag — 3-Game Package for Two or Four at Thrill Tours,"What We Offer: A guided experience led by knowledgeable local experts who know every hidden gem in Dallas. Small group sizes — maximum 12 participants — ensure a personal, interactive experience. All necessary equipment and materials are included in the price. No prior experience or special skills required. Why You Should Grab This Offer: We've hosted over 5,000 guests and maintain a 4.8-star rating. Our guides don't just walk you through the experience — they make it memorable with stories, tips, and insider knowledge you won't find in a guidebook. Perfect for families, couples, corporate outings, or solo adventurers. Good to Know: Open year-round, rain or shine (indoor alternatives available for weather-sensitive activities). Children under 12 must be accompanied by an adult. Gift cards available — makes a great last-minute present. Arrive 15 minutes before your scheduled start time.",Not valid on holidays; Valid at Dallas location only,3,"Taster, Full Day Explorer, VIP Experience",17,20,0.15,Thrill Tours,1,30,1713,15,1341,16,1158,10,1788,17,1649,16,1547,15,1122,10,1580,14,0.009497,22.05,0.0606
a55b464f-78ad-4dda-922a-0d6df9edd7c2,Home Services,HVAC,Chicago,"Gutter Cleaning for Up to 2,500 Sq. Ft. Home at HomeFirst Solutions","What We Offer: Our licensed, bonded, and insured professionals arrive at your home with all necessary supplies and equipment — you don't need to provide anything. The service includes a thorough walkthrough before we begin, the service itself, and a final inspection with you to ensure everything meets your standards. We clean up after ourselves. Why You Should Grab This Offer: We've served over 2,000 homes in Chicago and maintain a 4.7-star rating. Every technician is background-checked, drug-tested, and has an average of 8 years of experience. We offer a 100% satisfaction guarantee — if you're not happy, we come back and fix it at no charge. Our customers particularly appreciate our on-time arrival and transparent pricing with no hidden fees. Good to Know: Serving Chicago and surrounding areas within 30 miles. Online booking with 2-hour arrival windows. Service takes approximately 1-3 hours depending on home size and scope.",Expires 90 days from purchase; Not valid on holidays; Cannot be combined with other offers,2,"Essential Service, Whole-Home Deep Clean",87,139,0.3741,HomeFirst Solutions,3,14,1550,55,1525,25,1939,54,2056,56,1548,38,2790,74,1594,48,2278,57,0.026636,124.57,0.0502
670bf7e2-21b1-4cb6-af8a-0de8c7524269,Home Services,Landscaping,Manchester,Initial Pest Treatment + 30-Day Follow-Up at HomeFirst Cleaning Co.,"What We Offer: Our licensed, bonded, and insured professionals arrive at your home with all necessary supplies and equipment — you don't need to provide anything. The service includes a thorough walkthrough before we begin, the service itself, and a final inspection with you to ensure everything meets your standards. We clean up after ourselves. Why You Should Grab This Offer: We've served over 2,000 homes in Manchester and maintain a 4.7-star rating. Every technician is background-checked, drug-tested, and has an average of 8 years of experience. We offer a 100% satisfaction guarantee — if you're not happy, we come back and fix it at no charge. Our customers particularly appreciate our on-time arrival and transparent pricing with no hidden fees. Good to Know: Serving Manchester and surrounding areas within 30 miles. Online booking with 2-hour arrival windows. Service takes approximately 1-3 hours depending on home size and scope.",Expires 90 days from purchase; Gratuity not included; Limit 1 per person; Not valid Dec 24-Jan 2; New customers only; Must redeem within 30 days; Limit 1 per household; Excludes alcohol; Valid at Manchester location only,3,"Basic, Standard, Premium",81,162,0.5,HomeFirst Cleaning Co.,4,41,1722,168,1770,115,1565,157,1799,151,2299,157,2279,195,1405,142,1964,147,0.083226,125.61,0.0705
d93abd17-f3d1-4c66-82b8-a21bc5de7553,Health & Fitness,Weight Loss,Denver,"B12 Shot, Energy Boost, or Immunity Drip IV Therapy at Nova Wellness Clinic","What We Offer: Choose from single or multi-session packages designed to fit your health goals. Each session begins with a brief check-in to assess how you're feeling and adjust the plan as needed. Our facility is ADA-accessible, climate-controlled, and equipped with the latest diagnostic and therapeutic tools. Why You Should Grab This Offer: Over 1,500 clients in Denver have trusted us with their care. We maintain a 4.6-star rating on Google with particular praise for our professional, no-pressure approach. Every treatment is backed by a satisfaction guarantee — if you're not happy with your experience, we'll work to make it right. Good to Know: Extended hours available Tuesday through Thursday until 8 PM. Bring comfortable clothing for movement-based sessions. Free consultation for first-time clients to determine the best treatment path.",Valid at Denver location only; Excludes weekends & public holidays; Limit 1 per person; Cannot be combined with other offers; Expires 90 days from purchase; Not valid on holidays; Promotional value expires 120 days after purchase; Must redeem within 30 days,1,Standard,80,182,0.5604,Nova Wellness Clinic,2,67,351,22,244,11,362,13,234,11,265,15,184,10,301,15,325,11,0.047661,85.41,0.1099
a4b1b8a0-e347-4756-a409-900c32902c76,Travel,Hotels,Boston,Your Dream Getaway at Lakeside Hotel & Spa,Experience the best that Boston has to offer with this popular deal. Thousands of Groupon customers have enjoyed this offer. Book now to secure your spot before availability runs out. See fine print for redemption details.,Limit 1 per person; No refunds after redemption; Expires 90 days from purchase; 48-hour cancellation policy; Promotional value expires 120 days after purchase; Merchant is solely responsible for care; Must present voucher on arrival; Excludes alcohol; Subject to availability,2,"Small, Large",263,497,0.4708,Lakeside Hotel & Spa,3,105,2100,50,2500,84,1922,47,2027,62,1400,51,2658,85,1278,45,2307,87,0.031559,300.99,0.0502
56f7e8be-bd71-44be-89af-09d42fbcd5c9,Food & Drink,Cafes & Bakeries,Dallas,Incredible Meal for Two at Silver Bistro,A great way to try something new without breaking the bank. This deal has been popular with Groupon customers. Limited quantities available. Valid only for the option purchased. See fine print for all terms.,Excludes weekends & public holidays; Subject to availability; Photo ID required; Valid Mon-Fri only; Valid at Dallas location only; No cash value; Cannot be combined with other offers; Promotional value expires 120 days after purchase; Limit 1 per household,4,"Quick Bite, Dinner for Two, Family Feast, Private Chef Experience",62,100,0.38,Silver Bistro,4,91,2796,78,3367,85,3718,92,2741,74,2869,59,3213,100,3116,84,2745,60,0.025728,73.59,0.1278
b0db145e-4371-469b-948b-ab73d5e78f59,Things to Do,Tours,Manchester,Family-Friendly 2-Hour Kayak or Paddleboard Rental at Starlight Excursions,"What We Offer: An unforgettable activity designed for all skill levels. Whether you're a first-timer or a seasoned pro, our experienced staff will ensure you have a safe, enjoyable time. Sessions are structured with a brief orientation, the main activity, and time for questions or photos afterward. Groups of 6 or more receive a dedicated host. Why You Should Grab This Offer: This isn't a factory-line tourist trap — we limit capacity to maintain quality, so every guest gets real attention. Our facility has been recently renovated with state-of-the-art equipment. We've been voted one of Manchester's top activities on TripAdvisor for three consecutive years. Good to Know: Walk-ins welcome but reservations guarantee your spot during peak times. Private event bookings available for birthdays, team outings, and celebrations. Free parking on-site.",Must redeem within 30 days; Cannot be combined with other offers; Promotional value expires 120 days after purchase; 48-hour cancellation policy; Expires 90 days from purchase; Appointment required; Valid at Manchester location only; Must be 18+; New customers only,2,"Explorer, Ultimate Adventure",39,61,0.3607,Starlight Excursions,5,36,2157,149,1605,148,2517,233,2810,310,2490,192,2243,185,2783,180,2905,210,0.082368,51.01,0.0993
6d267415-785e-40fb-9ce3-b0fb6ac3acb5,Health & Fitness,Weight Loss,Barcelona,60-Minute Hyperbaric Oxygen Therapy Session at Nova Med Center,"What We Offer: Choose from single or multi-session packages designed to fit your health goals. Each session begins with a brief check-in to assess how you're feeling and adjust the plan as needed. Our facility is ADA-accessible, climate-controlled, and equipped with the latest diagnostic and therapeutic tools. Why You Should Grab This Offer: Over 1,500 clients in Barcelona have trusted us with their care. We maintain a 4.6-star rating on Google with particular praise for our professional, no-pressure approach. Every treatment is backed by a satisfaction guarantee — if you're not happy with your experience, we'll work to make it right. Good to Know: Extended hours available Tuesday through Thursday until 8 PM. Bring comfortable clothing for movement-based sessions. Free consultation for first-time clients to determine the best treatment path.",Must be 18+; Valid Mon-Fri only; Not valid on holidays; Must present voucher on arrival,3,"Trial Session, Fitness Jumpstart, Complete Wellness Program",82,189,0.5661,Nova Med Center,5,70,2170,190,2583,255,2079,191,1985,150,2473,183,2988,260,2390,177,1820,116,0.082324,93.39,0.0702
0172a2ef-6777-4280-90d6-8633f7ca9784,Things to Do,Outdoor Activities,Boston,Laser Tag — 3-Game Package for Two or Four at Coast Fun Zone,"What We Offer: A hands-on experience that combines education and entertainment in a relaxed, welcoming environment. All materials, equipment, and instruction are included — just show up and enjoy. Sessions run for the duration listed and include a take-home component where applicable. Our instructors are patient, encouraging, and passionate about sharing their craft. Why You Should Grab This Offer: We believe the best experiences are the ones where you actually learn something new. Our sessions are designed to be approachable for complete beginners while still engaging for those with some background. Located in the heart of Boston with a fun, social vibe that makes this ideal for date nights, friend outings, or family weekends. Good to Know: Ages 8 and up welcome (under 16 must be accompanied by a paying adult). Complimentary refreshments provided. Online booking with instant confirmation.",New customers only; Not valid Dec 24-Jan 2; Must be 18+; Merchant is solely responsible for care; Excludes alcohol; Valid for dine-in only,3,"Taster, Full Day Explorer, VIP Experience",32,87,0.6322,Coast Fun Zone,2,68,1062,56,2076,82,1762,95,2023,108,1858,99,1063,48,1760,89,1783,67,0.048106,42.18,0.0926
3ba79ff6-d7f3-41d1-ac8f-92d6173cbf39,Food & Drink,Cafes & Bakeries,Dallas,Amazing Dining Experience at Cedar Kitchen,"Treat yourself or someone special to this offer. Whether it's a birthday, anniversary, or just a Tuesday — you deserve something nice. Great quality at an unbeatable price. Restrictions may apply — see fine print for full details.",Limit 1 per household; Gratuity not included; Not valid Dec 24-Jan 2; No refunds after redemption; No cash value; Promotional value expires 120 days after purchase; Not valid on holidays; Limit 1 per person,3,"Light Bites, Full Dining Experience, Chef's Table VIP",24,35,0.3143,Cedar Kitchen,3,23,751,16,832,17,1024,14,850,18,1171,28,602,9,1233,27,695,18,0.020536,33.31,0.1123
74dc67fe-d103-4429-b5f1-b487d6491272,Home Services,Cleaning,Houston,"Gutter Cleaning for Up to 2,500 Sq. Ft. Home at TruGuard Cleaning Co.","What We Offer: Professional-grade service performed by trained technicians using commercial equipment. We begin with an assessment of the scope of work, provide a clear explanation of what we'll do, and complete the job efficiently with minimal disruption to your day. A post-service report is provided summarizing what was done and any recommendations for future maintenance. Why You Should Grab This Offer: Homeowners often put off this type of maintenance because they don't know who to trust. We make it easy: fixed pricing (no hourly billing surprises), certified technicians, and a workmanship warranty. Our Groupon customers routinely become repeat clients. Good to Know: Appointment required — book online or by phone. Available Monday through Saturday, 8 AM to 6 PM. Ask about our seasonal maintenance packages for ongoing care.",No refunds after redemption; Promotional value expires 120 days after purchase; No cash value; Gratuity not included; Valid for dine-in only,2,"Option 1, Option 2",67,140,0.5214,TruGuard Cleaning Co.,4,92,2534,230,2528,185,3619,358,2526,219,2920,246,3151,263,2378,189,2558,185,0.084406,70.07,0.0568
29d5b98f-8cdd-4e9f-b2d1-6e22190ca681,Automotive,Tires,New York,Windshield Chip Repair — Up to 3 Chips at TopGear Car Wash & Detail,"What We Offer: A comprehensive vehicle service performed by trained technicians using manufacturer-approved parts and fluids. Service includes a detailed inspection report emailed to you upon completion, so you have a clear record of your vehicle's condition. No appointment necessary — walk-ins welcome 7 days a week. Why You Should Grab This Offer: We've serviced over 10,000 vehicles in New York and consistently earn top ratings for speed, quality, and transparency. Our customers appreciate that we explain what we find, recommend only what's needed, and never pressure you into additional services. Every job is backed by a 12-month or 12,000-mile warranty on parts and labor. Good to Know: Most services completed in 30-60 minutes. Comfortable waiting area with complimentary Wi-Fi, coffee, and snacks. Shuttle service available within 5 miles for longer services. Ask about our fleet discount for businesses.",Not valid Dec 24-Jan 2; Valid at New York location only; Cannot be combined with other offers; New customers only; Appointment required; No refunds after redemption; Excludes alcohol,3,"Express Service, Full Detail, Showroom Finish",63,119,0.4706,TopGear Car Wash & Detail,3,97,1487,54,1969,108,1125,59,1126,54,1219,65,1370,58,1511,68,1609,75,0.04739,106.68,0.1197
b4e1afca-8433-452f-9bf8-194e7b1c3831,Things to Do,Tours,Chicago,Create Lasting Memories at Skyline Adventures,"Treat yourself or someone special to this offer. Whether it's a birthday, anniversary, or just a Tuesday — you deserve something nice. Great quality at an unbeatable price. Restrictions may apply — see fine print for full details.",New customers only; Valid Mon-Fri only; Not valid Dec 24-Jan 2; Must be 18+; Merchant is solely responsible for care; Not valid on holidays; Promotional value expires 120 days after purchase; Appointment required,2,"1 Session, 3 Sessions",59,84,0.2976,Skyline Adventures,2,83,1596,19,2162,28,1669,27,2000,38,1164,16,1525,22,1703,22,1723,25,0.014547,62.1,0.0775
430b0218-2006-428b-8afe-cfd3f55ed0cc,Health & Fitness,Dental,Manchester,Wonderful Health & Wellness Visit at Prime Family Dentistry,An opportunity to enjoy premium service at a fraction of the regular cost. Our customers love the convenience and value of this deal. Valid for the options listed. See fine print for scheduling and restrictions.,Excludes weekends & public holidays; Valid for dine-in only; Valid Mon-Fri only; Photo ID required; Must redeem within 30 days; Gratuity not included; Expires 90 days from purchase,2,"Kickstart Program, Total Body Overhaul",91,128,0.2891,Prime Family Dentistry,4,31,3951,112,3160,67,3707,108,3872,121,2798,77,3637,100,4284,115,3158,88,0.027584,98.4,0.0662
f5f441bd-21a9-484b-aaa1-b66e55b47cab,Health & Fitness,Dental,New York,Take Charge of Your Health at Nova Family Dentistry,This is a deal you won't want to miss. Perfect for anyone looking for a great experience at a great price. Limited availability — grab it before it's gone. Valid for new and existing customers. See fine print for full details and restrictions.,Limit 1 per household; Excludes weekends & public holidays; Must redeem within 30 days; Valid at New York location only,1,Starter Assessment,42,58,0.2759,Nova Family Dentistry,2,15,2034,54,3090,84,2844,64,3043,82,3414,76,2500,86,3185,72,2836,77,0.02593,55.51,0.0479
ec8ec258-a125-48ba-b6e9-3c4f5fbc5ce3,Retail,Fashion,Barcelona,Top Picks for Every Budget,"Save on this top-rated experience in Barcelona. Whether you're a local or just visiting, this deal offers real value. Simple redemption — just show your voucher. See fine print for full details.",Subject to availability; Appointment required; Expires 90 days from purchase; Must present voucher on arrival,1,Single Visit,24,60,0.6,Ember Supply,2,8,1657,43,2369,64,2245,46,1871,39,1795,55,1406,30,1466,33,1689,42,0.024279,26.46,0.0576
ff0f8e4c-4154-455c-afc8-668d16f416a6,Automotive,Oil Change,Seattle,Best Auto Deal in Seattle at TopGear Auto Spa,Experience the best that Seattle has to offer with this popular deal. Thousands of Groupon customers have enjoyed this offer. Book now to secure your spot before availability runs out. See fine print for redemption details.,Excludes weekends & public holidays; Valid for dine-in only; No cash value; Subject to availability; Not valid Dec 24-Jan 2; Must be 18+; Cannot be combined with other offers,2,"Small, Large",41,82,0.5,TopGear Auto Spa,1,32,1938,33,2045,47,950,16,1958,36,1687,29,1341,29,1656,27,1405,30,0.019029,44.75,0.0937
ad0624e8-8456-459e-97b5-a5ae95d1b175,Beauty & Spas,Spa,Manchester,Treat Yourself to a Premium Beauty Service at Pearl Spa,An opportunity to enjoy premium service at a fraction of the regular cost. Our customers love the convenience and value of this deal. Valid for the options listed. See fine print for scheduling and restrictions.,Excludes alcohol; Limit 1 per household; No refunds after redemption; Excludes weekends & public holidays; Photo ID required,3,"1 Session, 3 Sessions, 5 Sessions",74,116,0.3621,Pearl Spa,3,74,2256,32,2798,43,2215,46,1761,32,2730,53,1669,36,2062,33,1887,27,0.017378,68.28,0.0705
906959a3-90b5-4db8-be27-07a9999ff2c0,Things to Do,Tours,Miami,Wonderful Adventure Awaits at River Cruises,"Treat yourself or someone special to this offer. Whether it's a birthday, anniversary, or just a Tuesday — you deserve something nice. Great quality at an unbeatable price. Restrictions may apply — see fine print for full details.",No cash value; Limit 1 per household; Must redeem within 30 days; Valid Mon-Fri only; Must be 18+; Cannot be combined with other offers; Photo ID required; Excludes weekends & public holidays,1,Single Visit,36,72,0.5,River Cruises,3,38,171,2,198,3,179,4,278,3,178,2,199,3,205,1,236,4,0.013382,28.8,0.1121
fd03a5cc-7523-485a-91a7-e2f8850ed531,Health & Fitness,Chiropractic,Seattle,Amazing Wellness Experience at Renew Fitness Studio,Experience the best that Seattle has to offer with this popular deal. Thousands of Groupon customers have enjoyed this offer. Book now to secure your spot before availability runs out. See fine print for redemption details.,Expires 90 days from purchase; Promotional value expires 120 days after purchase; Must present voucher on arrival; Cannot be combined with other offers,4,"Option 1, Option 2, Option 3, Option 4",66,118,0.4407,Renew Fitness Studio,4,20,4782,96,3091,85,3493,98,2851,68,3245,75,3113,86,3144,70,2989,82,0.024712,80.9,0.0573
4496d6e8-5e8e-4aa9-a2fe-fd6dbf7e25d9,Home Services,Pest Control,Los Angeles,Full Carpet Cleaning for 3 or 5 Rooms at SafeGuard Home Services,"What We Offer: Our licensed, bonded, and insured professionals arrive at your home with all necessary supplies and equipment — you don't need to provide anything. The service includes a thorough walkthrough before we begin, the service itself, and a final inspection with you to ensure everything meets your standards. We clean up after ourselves. Why You Should Grab This Offer: We've served over 2,000 homes in Los Angeles and maintain a 4.7-star rating. Every technician is background-checked, drug-tested, and has an average of 8 years of experience. We offer a 100% satisfaction guarantee — if you're not happy, we come back and fix it at no charge. Our customers particularly appreciate our on-time arrival and transparent pricing with no hidden fees. Good to Know: Serving Los Angeles and surrounding areas within 30 miles. Online booking with 2-hour arrival windows. Service takes approximately 1-3 hours depending on home size and scope.",No cash value; Valid at Los Angeles location only; Gratuity not included; Promotional value expires 120 days after purchase; Merchant is solely responsible for care,2,"Essential Service, Whole-Home Deep Clean",115,155,0.2581,SafeGuard Home Services,4,84,1373,112,1306,79,1355,107,1378,114,1116,73,1105,96,1376,97,1209,94,0.075553,166.04,0.0634
a8c36e14-65e8-41e5-b0e4-1bf26f770460,Things to Do,Outdoor Activities,Madrid,An Experience You Won't Forget at Thrill Fun Zone,A great way to try something new without breaking the bank. This deal has been popular with Groupon customers. Limited quantities available. Valid only for the option purchased. See fine print for all terms.,Excludes alcohol; Appointment required; Valid for dine-in only; Must present voucher on arrival; No refunds after redemption; Valid at Madrid location only; 48-hour cancellation policy; Promotional value expires 120 days after purchase,2,"Small, Large",36,69,0.4783,Thrill Fun Zone,4,30,4014,146,1960,61,2952,95,3716,131,3430,151,2717,99,3628,96,3151,107,0.034653,44.26,0.0731
28c69262-6388-4b8e-a847-7f7265a36755,Things to Do,Tours,Miami,Kid-Friendly Hot Air Balloon Ride for One or Two at Explorer Escape Room,"What We Offer: A guided experience led by knowledgeable local experts who know every hidden gem in Miami. Small group sizes — maximum 12 participants — ensure a personal, interactive experience. All necessary equipment and materials are included in the price. No prior experience or special skills required. Why You Should Grab This Offer: We've hosted over 5,000 guests and maintain a 4.8-star rating. Our guides don't just walk you through the experience — they make it memorable with stories, tips, and insider knowledge you won't find in a guidebook. Perfect for families, couples, corporate outings, or solo adventurers. Good to Know: Open year-round, rain or shine (indoor alternatives available for weather-sensitive activities). Children under 12 must be accompanied by an adult. Gift cards available — makes a great last-minute present. Arrive 15 minutes before your scheduled start time.",Must redeem within 30 days; Must present voucher on arrival; No cash value; Photo ID required; No refunds after redemption,2,"Explorer, Ultimate Adventure",32,46,0.3043,Explorer Escape Room,2,119,1561,119,1265,108,1150,90,1456,97,1741,160,1415,97,1575,131,1715,104,0.076275,37.5,0.0526
c18996f0-eb3a-42f9-ab22-0acadc6a4897,Food & Drink,Restaurants,Miami,Brunch for Two — 3 Courses w/ Bottomless Mimosas at Olive Bistro,"What We Offer: Enjoy a carefully curated dining experience prepared by our award-winning chef using locally sourced, seasonal ingredients. Each course is thoughtfully paired with beverages selected by our in-house sommelier. The menu changes quarterly to reflect the freshest produce available, so every visit offers something new. Vegetarian, vegan, and gluten-free options are always available — just let your server know. Why You Should Grab This Offer: We've been recognized by local food critics as one of Miami's best-kept secrets, with a 4.6-star average on Google and Yelp. Our intimate dining room seats just 40 guests, creating a personal atmosphere you won't find at larger establishments. Private dining available for groups of 8 or more. Good to Know: Reservations recommended, especially on weekends. Free street parking available after 6 PM. Kids' menu available for diners under 12.",Valid Mon-Fri only; Gratuity not included; Limit 1 per person; Excludes weekends & public holidays; Must be 18+,1,Chef's Experience,56,77,0.2727,Olive Bistro,1,41,2445,98,1544,71,1260,49,1878,96,1460,68,2141,81,1058,43,1648,64,0.04243,88.6,0.053
b1f12cfb-1d18-408e-80fa-6d123654b0c2,Travel,Hotels,Houston,1 or 2-Night Stay in King Suite w/ Spa Access at Golden Gate Lodge,"What We Offer: A relaxing stay at a hand-picked property featuring on-site dining, pool, fitness center, and complimentary Wi-Fi throughout. Your rate includes daily breakfast for two, served in our dining room or delivered to your suite. Rooms feature premium linens, blackout curtains, a Nespresso machine, and a fully stocked minibar (charges apply). Why You Should Grab This Offer: Escape the routine without the hassle of planning every detail. We've partnered with this property specifically for its combination of location, amenities, and service quality. Guest reviews consistently highlight the friendly staff, clean rooms, and excellent breakfast spread. Good to Know: Check-in from 3 PM, checkout by 11 AM. Late checkout available upon request (subject to availability). Free cancellation up to 48 hours before arrival. Parking included. Pet-friendly rooms available on request at select properties.",Expires 90 days from purchase; Not valid Dec 24-Jan 2; Valid Mon-Fri only; Appointment required,3,"Overnight Stay, Weekend Escape, Week-Long Retreat",253,428,0.4089,Golden Gate Lodge,2,81,1123,42,1585,58,1506,82,1274,61,1081,38,1724,72,980,46,1427,79,0.044673,354.63,0.0675
18e3f89a-6d38-4b4c-b69e-1e92712a67a7,Home Services,Handyman,San Francisco,Amazing Home Service at BrightHome Maintenance,"Looking for something special? This deal has you covered. Great for individuals, couples, or groups. Flexible scheduling available. Check the fine print for full terms and restrictions. Voucher must be presented on arrival.",Merchant is solely responsible for care; No cash value; Expires 90 days from purchase; Not valid on holidays; Must redeem within 30 days; Appointment required; Photo ID required,2,"Basic, Standard",81,145,0.4414,BrightHome Maintenance,4,24,1617,66,1635,67,1743,71,1068,48,1299,34,1150,36,1851,67,1783,79,0.038531,89.83,0.0837
11fbe72b-4a61-41d6-b597-3d116e510ca4,Things to Do,Classes,Madrid,Axe Throwing — 1-Hour Session for Two or Four at Coast Adventures,"What We Offer: A hands-on experience that combines education and entertainment in a relaxed, welcoming environment. All materials, equipment, and instruction are included — just show up and enjoy. Sessions run for the duration listed and include a take-home component where applicable. Our instructors are patient, encouraging, and passionate about sharing their craft. Why You Should Grab This Offer: We believe the best experiences are the ones where you actually learn something new. Our sessions are designed to be approachable for complete beginners while still engaging for those with some background. Located in the heart of Madrid with a fun, social vibe that makes this ideal for date nights, friend outings, or family weekends. Good to Know: Ages 8 and up welcome (under 16 must be accompanied by a paying adult). Complimentary refreshments provided. Online booking with instant confirmation.",No cash value; No refunds after redemption,2,"Basic, Standard",31,49,0.3673,Coast Adventures,5,94,2501,176,2541,165,2254,196,2781,153,2483,210,2772,285,2230,169,1934,131,0.076169,34.86,0.0824
bc4a28b5-11dc-4287-a734-e3a77d571cd3,Home Services,Handyman,San Francisco,Premium Home Maintenance at HomeFirst Maintenance,Highly rated by Groupon customers in San Francisco. Easy online booking with instant confirmation. Satisfaction guaranteed or your money back. This deal won't last long — availability is limited.,Subject to availability; Valid Mon-Fri only,3,"Basic, Standard, Premium",121,249,0.5141,HomeFirst Maintenance,5,90,2873,71,2124,67,2705,92,1857,57,2461,65,2547,59,1779,57,2440,80,0.029171,130.13,0.0451
1d16dc1d-93de-4f8e-9c11-bdb023eac902,Health & Fitness,Chiropractic,New York,Phentermine Weight-Loss Program w/ Consultation at Nova Performance Lab,"What We Offer: This package includes an initial assessment with a certified professional who will review your health history, discuss your goals, and create a personalized treatment or training plan. All sessions are one-on-one in a modern, fully equipped facility. Equipment is sanitized between each client. Why You Should Grab This Offer: Our practitioners hold nationally recognized certifications and undergo continuing education annually. We take a data-driven approach — your progress is tracked session to session, with adjustments made based on measurable outcomes, not guesswork. Over 85% of our clients report noticeable improvement within the first month. Good to Know: Flexible scheduling with morning, afternoon, and evening slots available. Located in New York with free on-site parking. Insurance not accepted — all pricing is transparent and upfront with no hidden fees.",Limit 1 per person; Must redeem within 30 days; Gratuity not included; Limit 1 per household,3,"Option 1, Option 2, Option 3",113,182,0.3791,Nova Performance Lab,3,94,2104,122,3077,215,2256,120,2253,125,2785,143,2749,176,3551,230,2853,163,0.05983,114.18,0.079
834d7da0-2c70-4828-9eec-1e55c398c7ce,Things to Do,Entertainment,Miami,Kid-Friendly Trampoline Park — 60 or 90-Min Jump Pass at Explorer Cruises,"What We Offer: A hands-on experience that combines education and entertainment in a relaxed, welcoming environment. All materials, equipment, and instruction are included — just show up and enjoy. Sessions run for the duration listed and include a take-home component where applicable. Our instructors are patient, encouraging, and passionate about sharing their craft. Why You Should Grab This Offer: We believe the best experiences are the ones where you actually learn something new. Our sessions are designed to be approachable for complete beginners while still engaging for those with some background. Located in the heart of Miami with a fun, social vibe that makes this ideal for date nights, friend outings, or family weekends. Good to Know: Ages 8 and up welcome (under 16 must be accompanied by a paying adult). Complimentary refreshments provided. Online booking with instant confirmation.",Valid for dine-in only; Valid at Miami location only; Must present voucher on arrival; Merchant is solely responsible for care; Expires 90 days from purchase,2,"Explorer, Ultimate Adventure",10,20,0.5,Explorer Cruises,3,54,3226,239,3828,266,1861,106,2295,140,3792,289,2226,145,3266,277,2500,208,0.072628,13.0,0.0352
0710f8a3-9c99-409b-a402-6b80d6d3f8e9,Things to Do,Attractions,London,Wonderful Adventure Awaits at Sunset Entertainment,Highly rated by Groupon customers in London. Easy online booking with instant confirmation. Satisfaction guaranteed or your money back. This deal won't last long — availability is limited.,Excludes weekends & public holidays; Limit 1 per household; Not valid Dec 24-Jan 2; Excludes alcohol,3,"Small, Medium, Large",84,120,0.3,Sunset Entertainment,2,21,575,5,582,3,589,3,607,4,570,6,620,5,461,4,490,5,0.007788,104.34,0.0893
be42b8f3-eac0-451a-b8ca-cbb7d709b521,Food & Drink,Dining Cruises,New York,Brunch for Two — 3 Courses w/ Bottomless Mimosas at Maple Smokehouse,"What We Offer: This deal is valid toward our full food and drink menu during the specified hours. Choose from appetizers, entrees, and desserts crafted fresh daily by our kitchen team. Our menu features a mix of house specialties and seasonal rotating dishes — there's something for every palate. Full bar available with craft cocktails, local beers, and an curated wine list. Why You Should Grab This Offer: Whether it's date night, a family dinner, or a casual meal with friends, this deal gives you the flexibility to order what you want from our complete menu. Our restaurant is known for generous portions, fresh ingredients, and a warm atmosphere that keeps customers coming back. Good to Know: Located in the heart of New York. Walk-ins welcome. Outdoor seating available seasonally. Ask about our loyalty program for returning guests.",Must be 18+; Gratuity not included,4,"1 Visit, 3 Visits, 5 Visits, 10 Visits",23,25,0.08,Maple Smokehouse,1,48,1984,8,2607,9,2827,8,3091,13,2006,7,1880,7,2432,9,2587,11,0.003709,32.85,0.0824
b1b1ccb8-b533-4a03-90a9-2e47417cdf27,Things to Do,Tours,Seattle,Unforgettable Fun at Wildcard Experiences,A great way to try something new without breaking the bank. This deal has been popular with Groupon customers. Limited quantities available. Valid only for the option purchased. See fine print for all terms.,No cash value; Valid for dine-in only; Valid at Seattle location only; Must redeem within 30 days; Excludes weekends & public holidays,2,"Basic, Standard",30,62,0.5161,Wildcard Experiences,2,65,1621,9,1310,11,1748,11,1858,9,1473,8,1372,8,1137,7,1888,13,0.006126,29.0,0.0344
9b803668-a081-4017-8c13-0a0aa4467915,Travel,Resorts,Los Angeles,Weekend Getaway — 2 Nights w/ Pool Access & Parking at Azure Suites,"What We Offer: A relaxing stay at a hand-picked property featuring on-site dining, pool, fitness center, and complimentary Wi-Fi throughout. Your rate includes daily breakfast for two, served in our dining room or delivered to your suite. Rooms feature premium linens, blackout curtains, a Nespresso machine, and a fully stocked minibar (charges apply). Why You Should Grab This Offer: Escape the routine without the hassle of planning every detail. We've partnered with this property specifically for its combination of location, amenities, and service quality. Guest reviews consistently highlight the friendly staff, clean rooms, and excellent breakfast spread. Good to Know: Check-in from 3 PM, checkout by 11 AM. Late checkout available upon request (subject to availability). Free cancellation up to 48 hours before arrival. Parking included. Pet-friendly rooms available on request at select properties.",Gratuity not included; Subject to availability; Excludes alcohol,1,Weekend Escape,1149,1832,0.3728,Azure Suites,4,63,3250,18,2363,15,1943,10,1695,10,2384,9,2605,14,2864,14,2268,14,0.005369,1573.96,0.0568
3e501d66-1b2c-4f4c-a066-d970c1431228,Health & Fitness,Weight Loss,Boston,Feel Your Best at Pinnacle Dental,A great way to try something new without breaking the bank. This deal has been popular with Groupon customers. Limited quantities available. Valid only for the option purchased. See fine print for all terms.,48-hour cancellation policy; Appointment required; Gratuity not included,4,"Single Trial, 4-Week Kickstart, 8-Week Transformation, 12-Week Complete Overhaul",70,106,0.3396,Pinnacle Dental,3,45,1332,24,1241,19,1352,22,1556,25,1597,23,1044,13,1184,20,964,15,0.015677,108.34,0.0402
14ee9d28-2362-45cd-a4e5-dd4e7e4c3ef7,Things to Do,Classes,Boston,Explore & Enjoy at Epic Escape Room,Experience the best that Boston has to offer with this popular deal. Thousands of Groupon customers have enjoyed this offer. Book now to secure your spot before availability runs out. See fine print for redemption details.,Expires 90 days from purchase; Valid Mon-Fri only; Gratuity not included; Must redeem within 30 days; No cash value,3,"Small, Medium, Large",35,72,0.5139,Epic Escape Room,2,85,1757,34,1420,27,1857,34,2212,56,1888,54,1530,30,1732,45,2164,44,0.022253,35.35,0.0506
e8ed2d0a-c2fc-4770-afcb-fb5b66843f62,Automotive,Tires,Dallas,State Inspection & Emissions Test at FastLane Tire & Auto,"What We Offer: A comprehensive vehicle service performed by trained technicians using manufacturer-approved parts and fluids. Service includes a detailed inspection report emailed to you upon completion, so you have a clear record of your vehicle's condition. No appointment necessary — walk-ins welcome 7 days a week. Why You Should Grab This Offer: We've serviced over 10,000 vehicles in Dallas and consistently earn top ratings for speed, quality, and transparency. Our customers appreciate that we explain what we find, recommend only what's needed, and never pressure you into additional services. Every job is backed by a 12-month or 12,000-mile warranty on parts and labor. Good to Know: Most services completed in 30-60 minutes. Comfortable waiting area with complimentary Wi-Fi, coffee, and snacks. Shuttle service available within 5 miles for longer services. Ask about our fleet discount for businesses.",Expires 90 days from purchase; Not valid Dec 24-Jan 2; Valid Mon-Fri only; Subject to availability; Must be 18+,2,"1 Session, 3 Sessions",13,28,0.5357,FastLane Tire & Auto,3,114,2873,128,2978,109,3418,89,2622,82,2714,109,2197,94,3220,124,3475,86,0.034941,13.71,0.0533
d385942a-2f35-4324-b95d-e480438546d9,Retail,Gifts,Birmingham,12-Piece Gourmet Chocolate Box w/ Gift Wrapping,"What's Included: Your order includes everything listed in the product description — no additional purchases required. Each item is manufactured to strict quality standards with durable materials built to last. Detailed care instructions included in the box. Why You Should Grab This Offer: We've sold over 10,000 units of this product and maintain a 4.5-star average rating. Customer favorites include the build quality, packaging, and fast shipping. Perfect as a treat for yourself or as a thoughtful gift for someone special. We stand behind every product with a 1-year manufacturer warranty. Good to Know: Ships from our US-based warehouse. Standard shipping takes 3-5 business days. Express shipping available at checkout for an additional fee. Contact our customer service team for any questions — average response time under 4 hours.",Must present voucher on arrival; Must redeem within 30 days,4,"Option 1, Option 2, Option 3, Option 4",157,302,0.4801,Nomad Co.,3,14,2207,27,2433,37,3091,40,2986,36,3342,52,3384,41,3295,38,3419,47,0.013164,176.72,0.0606
2d6a0639-3f01-4b12-a1c5-f8cf0e305a6a,Retail,Home Goods,Dallas,Must-Have Items at Great Prices,"Treat yourself or someone special to this offer. Whether it's a birthday, anniversary, or just a Tuesday — you deserve something nice. Great quality at an unbeatable price. Restrictions may apply — see fine print for full details.",Limit 1 per person; No refunds after redemption; Excludes alcohol; Must redeem within 30 days; No cash value; Subject to availability,3,"Sample Pack, Full Set, Deluxe Gift Box",10,22,0.5455,Sage Supply,2,88,1151,12,1343,13,1721,23,1504,16,1542,20,1171,16,935,13,624,8,0.012111,10.54,0.1085
79b7a7ed-3793-4b27-b139-63fd987b62da,Beauty & Spas,Skin Care,Manchester,3 or 6 Sessions of IPL Photofacial Treatment at Radiant Salon,"What We Offer: A results-driven treatment tailored to your individual needs, performed by certified specialists who have completed over 500 hours of advanced training. Each session includes a pre-treatment consultation, the procedure itself, and post-care instructions. We use only premium, cruelty-free products from leading clinical brands. Why You Should Grab This Offer: This treatment has been one of our most popular services for the past two years, with a 92% client satisfaction rate. Whether this is your first time or you're a returning client, we customize every session. Our treatment rooms are private and fully sanitized between appointments. Good to Know: Walk-ins welcome, but appointments are recommended to guarantee your preferred time. Located in downtown Manchester with easy transit access. Gift cards available if you'd like to share the experience.",No cash value; Merchant is solely responsible for care; 48-hour cancellation policy; Valid Mon-Fri only,4,"Mini Refresh, Classic Treatment, Luxury Package, Ultimate Transformation",58,94,0.383,Radiant Salon,3,95,1742,59,1545,59,1211,43,1472,34,1607,53,1729,71,1029,40,1486,67,0.036038,82.33,0.0628
c71ef84e-271f-45dc-8ff3-a17aa2b9372e,Food & Drink,Restaurants,Houston,90-Min Premier Architecture Dinner Cruise at Blue Eatery,"What We Offer: This deal is valid toward our full food and drink menu during the specified hours. Choose from appetizers, entrees, and desserts crafted fresh daily by our kitchen team. Our menu features a mix of house specialties and seasonal rotating dishes — there's something for every palate. Full bar available with craft cocktails, local beers, and an curated wine list. Why You Should Grab This Offer: Whether it's date night, a family dinner, or a casual meal with friends, this deal gives you the flexibility to order what you want from our complete menu. Our restaurant is known for generous portions, fresh ingredients, and a warm atmosphere that keeps customers coming back. Good to Know: Located in the heart of Houston. Walk-ins welcome. Outdoor seating available seasonally. Ask about our loyalty program for returning guests.",Valid Mon-Fri only; New customers only; Must present voucher on arrival; Gratuity not included; Subject to availability; Photo ID required; Excludes alcohol,2,"Date Night Dinner, Grand Feast for Two",21,45,0.5333,Blue Eatery,4,47,1521,122,1594,124,659,52,1295,93,1127,82,1408,97,1281,107,1427,107,0.076028,29.02,0.0729
d278fdbc-070e-45f5-b98b-8c65ab165387,Travel,Hotels,Denver,3-Night All-Inclusive Resort Stay for Two at Sunrise Retreat,"What We Offer: An all-inclusive getaway that covers accommodation, meals, and select activities. The property is situated in a scenic location with easy access to local attractions, hiking trails, or beach — depending on the destination. Each room is individually appointed with modern amenities including smart TV, high-speed Wi-Fi, and luxury bathroom products. Why You Should Grab This Offer: This deal includes extras that would cost significantly more if booked separately. The property maintains a 4.5-star guest rating and is known for going above and beyond — from welcome drinks at check-in to personalized restaurant recommendations from the concierge. Ideal for couples, small families, or anyone who needs a proper break. Good to Know: Valid for the dates and room type specified in your option. Upgrades available at check-in (subject to availability). Airport transfer can be arranged for an additional fee. Resort fee included — no surprise charges.",Limit 1 per person; Valid for dine-in only; Cannot be combined with other offers; No cash value; Valid at Denver location only; Must present voucher on arrival; No refunds after redemption; Promotional value expires 120 days after purchase; Photo ID required,4,"Overnight Stay, Weekend Escape, Week-Long Retreat",68,186,0.6344,Sunrise Retreat,3,16,1815,83,1117,37,1338,60,1824,75,1921,87,1431,57,2142,94,1465,70,0.043132,88.25,0.106
9574f6af-9037-4be4-8966-331c8a71f8ed,Automotive,Inspection,Boston,Ceramic Coating — Full Exterior at TurboClean Tire & Auto,"What We Offer: A comprehensive vehicle service performed by trained technicians using manufacturer-approved parts and fluids. Service includes a detailed inspection report emailed to you upon completion, so you have a clear record of your vehicle's condition. No appointment necessary — walk-ins welcome 7 days a week. Why You Should Grab This Offer: We've serviced over 10,000 vehicles in Boston and consistently earn top ratings for speed, quality, and transparency. Our customers appreciate that we explain what we find, recommend only what's needed, and never pressure you into additional services. Every job is backed by a 12-month or 12,000-mile warranty on parts and labor. Good to Know: Most services completed in 30-60 minutes. Comfortable waiting area with complimentary Wi-Fi, coffee, and snacks. Shuttle service available within 5 miles for longer services. Ask about our fleet discount for businesses.",Must redeem within 30 days; Excludes alcohol; Subject to availability; Expires 90 days from purchase; No cash value,3,"Option 1, Option 2, Option 3",65,128,0.4922,TurboClean Tire & Auto,3,52,4072,126,4312,156,3492,136,2418,103,3492,129,3967,98,2648,108,3434,125,0.035243,75.97,0.025
212e8cc0-e5c3-4681-a66e-6a7eefee9868,Food & Drink,Meal Kits,Los Angeles,Taste the Best of Los Angeles at Fig & Honey Cafe,"Treat yourself or someone special to this offer. Whether it's a birthday, anniversary, or just a Tuesday — you deserve something nice. Great quality at an unbeatable price. Restrictions may apply — see fine print for full details.",Gratuity not included; No cash value; New customers only; Appointment required; Merchant is solely responsible for care; Subject to availability,4,"1 Visit, 3 Visits, 5 Visits, 10 Visits",11,20,0.45,Fig & Honey Cafe,2,103,2234,33,3323,66,3427,67,3380,61,3055,56,2635,49,1959,36,2436,38,0.018085,13.38,0.043
b7c25cac-ad07-4361-b9f4-c9f3308c39e9,Home Services,Cleaning,Barcelona,Initial Pest Treatment + 30-Day Follow-Up at SafeGuard Home Services,"What We Offer: Professional-grade service performed by trained technicians using commercial equipment. We begin with an assessment of the scope of work, provide a clear explanation of what we'll do, and complete the job efficiently with minimal disruption to your day. A post-service report is provided summarizing what was done and any recommendations for future maintenance. Why You Should Grab This Offer: Homeowners often put off this type of maintenance because they don't know who to trust. We make it easy: fixed pricing (no hourly billing surprises), certified technicians, and a workmanship warranty. Our Groupon customers routinely become repeat clients. Good to Know: Appointment required — book online or by phone. Available Monday through Saturday, 8 AM to 6 PM. Ask about our seasonal maintenance packages for ongoing care.",Valid for dine-in only; Promotional value expires 120 days after purchase; Must be 18+; Photo ID required; Appointment required; Excludes weekends & public holidays; Limit 1 per person; Must present voucher on arrival; Excludes alcohol,1,1 Session,101,162,0.3765,SafeGuard Home Services,4,12,2531,177,1447,87,1934,159,3085,213,3257,195,2400,167,2625,177,3487,227,0.067514,113.53,0.1044
e2406ccc-4148-4ce3-896b-2362e95d7c9b,Automotive,Tires,Barcelona,Drive w/ Confidence After Visiting RoadReady Auto Spa,"Looking for something special? This deal has you covered. Great for individuals, couples, or groups. Flexible scheduling available. Check the fine print for full terms and restrictions. Voucher must be presented on arrival.",Not valid on holidays; Valid Mon-Fri only; Excludes alcohol; Expires 90 days from purchase; Valid at Barcelona location only,4,"Express Service, Full Detail, Showroom Finish",41,66,0.3788,RoadReady Auto Spa,4,80,1438,124,2427,158,2343,125,2564,208,2476,138,2762,113,1457,90,2466,161,0.062287,55.78,0.0646
143db58b-bb16-4c17-ba46-8c16811fa62c,Travel,Hotels,Madrid,Amazing Hotel Getaway at Grand Retreat,"Looking for something special? This deal has you covered. Great for individuals, couples, or groups. Flexible scheduling available. Check the fine print for full terms and restrictions. Voucher must be presented on arrival.",Excludes weekends & public holidays; Gratuity not included; Valid at Madrid location only; Expires 90 days from purchase; Promotional value expires 120 days after purchase; Must redeem within 30 days; No refunds after redemption; Excludes alcohol,2,"Single, Double",177,412,0.5704,Grand Retreat,3,52,3266,117,2343,42,2689,77,2384,68,2943,77,2828,81,2405,57,2862,68,0.027026,237.53,0.1168
4680dd1b-433c-43c6-8d67-5f392f30a095,Automotive,Oil Change,San Francisco,State Inspection & Emissions Test at Valvoline Service Center,"What We Offer: A comprehensive vehicle service performed by trained technicians using manufacturer-approved parts and fluids. Service includes a detailed inspection report emailed to you upon completion, so you have a clear record of your vehicle's condition. No appointment necessary — walk-ins welcome 7 days a week. Why You Should Grab This Offer: We've serviced over 10,000 vehicles in San Francisco and consistently earn top ratings for speed, quality, and transparency. Our customers appreciate that we explain what we find, recommend only what's needed, and never pressure you into additional services. Every job is backed by a 12-month or 12,000-mile warranty on parts and labor. Good to Know: Most services completed in 30-60 minutes. Comfortable waiting area with complimentary Wi-Fi, coffee, and snacks. Shuttle service available within 5 miles for longer services. Ask about our fleet discount for businesses.",Promotional value expires 120 days after purchase; Cannot be combined with other offers,2,"Option 1, Option 2",369,547,0.3254,Valvoline Service Center,3,120,2017,24,2280,24,1462,17,1796,19,1661,18,1994,23,1254,15,1540,13,0.010925,410.8,0.0534
7e3c709a-e1ed-4385-87a6-10ec67f9f81b,Home Services,Handyman,Seattle,Termite Inspection & Treatment Plan at Shield Cleaning Co.,"What We Offer: Our licensed, bonded, and insured professionals arrive at your home with all necessary supplies and equipment — you don't need to provide anything. The service includes a thorough walkthrough before we begin, the service itself, and a final inspection with you to ensure everything meets your standards. We clean up after ourselves. Why You Should Grab This Offer: We've served over 2,000 homes in Seattle and maintain a 4.7-star rating. Every technician is background-checked, drug-tested, and has an average of 8 years of experience. We offer a 100% satisfaction guarantee — if you're not happy, we come back and fix it at no charge. Our customers particularly appreciate our on-time arrival and transparent pricing with no hidden fees. Good to Know: Serving Seattle and surrounding areas within 30 miles. Online booking with 2-hour arrival windows. Service takes approximately 1-3 hours depending on home size and scope.",Valid at Seattle location only; No cash value; Must redeem within 30 days; Subject to availability; Not valid Dec 24-Jan 2; Must present voucher on arrival,2,"Essential Service, Whole-Home Deep Clean",60,98,0.3878,Shield Cleaning Co.,5,27,638,50,849,70,636,59,936,57,691,49,887,60,1223,95,1123,91,0.076042,83.81,0.1047
94f8e105-4fe8-4b8a-8c0b-4f1ecb869a25,Beauty & Spas,Hair,Boston,3 or 6 Sessions of IPL Photofacial Treatment at Lotus Salon,"What We Offer: A results-driven treatment tailored to your individual needs, performed by certified specialists who have completed over 500 hours of advanced training. Each session includes a pre-treatment consultation, the procedure itself, and post-care instructions. We use only premium, cruelty-free products from leading clinical brands. Why You Should Grab This Offer: This treatment has been one of our most popular services for the past two years, with a 92% client satisfaction rate. Whether this is your first time or you're a returning client, we customize every session. Our treatment rooms are private and fully sanitized between appointments. Good to Know: Walk-ins welcome, but appointments are recommended to guarantee your preferred time. Located in downtown Boston with easy transit access. Gift cards available if you'd like to share the experience.",Promotional value expires 120 days after purchase; Not valid Dec 24-Jan 2; No refunds after redemption; Limit 1 per person; Appointment required; Valid for dine-in only; Not valid on holidays; No cash value,3,"Express Glow, Full Rejuvenation, VIP Pamper Day",33,92,0.6413,Lotus Salon,5,74,2464,174,3809,270,3736,281,3062,238,3322,293,3455,258,2695,241,2428,185,0.07769,32.87,0.0734
6c6d858d-a069-4e27-95a2-a61f649b8c61,Travel,Hotels,Barcelona,Romantic 1-Night Stay w/ Champagne & Couples Massage at Grand Hotel & Spa,"What We Offer: An all-inclusive getaway that covers accommodation, meals, and select activities. The property is situated in a scenic location with easy access to local attractions, hiking trails, or beach — depending on the destination. Each room is individually appointed with modern amenities including smart TV, high-speed Wi-Fi, and luxury bathroom products. Why You Should Grab This Offer: This deal includes extras that would cost significantly more if booked separately. The property maintains a 4.5-star guest rating and is known for going above and beyond — from welcome drinks at check-in to personalized restaurant recommendations from the concierge. Ideal for couples, small families, or anyone who needs a proper break. Good to Know: Valid for the dates and room type specified in your option. Upgrades available at check-in (subject to availability). Airport transfer can be arranged for an additional fee. Resort fee included — no surprise charges.",Merchant is solely responsible for care; Subject to availability; No refunds after redemption; Valid at Barcelona location only; Valid for dine-in only; Gratuity not included,2,"Basic, Standard",153,305,0.4984,Grand Hotel & Spa,2,104,1669,58,1254,37,1597,65,1487,49,1845,71,1784,77,1772,76,1539,45,0.03692,200.73,0.108
f1c38ea8-5a8a-4eb4-aff2-5d434232b9cd,Things to Do,Entertainment,Seattle,Sunset Sailing Cruise for Two w/ Drinks at River Activities,"What We Offer: A hands-on experience that combines education and entertainment in a relaxed, welcoming environment. All materials, equipment, and instruction are included — just show up and enjoy. Sessions run for the duration listed and include a take-home component where applicable. Our instructors are patient, encouraging, and passionate about sharing their craft. Why You Should Grab This Offer: We believe the best experiences are the ones where you actually learn something new. Our sessions are designed to be approachable for complete beginners while still engaging for those with some background. Located in the heart of Seattle with a fun, social vibe that makes this ideal for date nights, friend outings, or family weekends. Good to Know: Ages 8 and up welcome (under 16 must be accompanied by a paying adult). Complimentary refreshments provided. Online booking with instant confirmation.",Gratuity not included; Must be 18+; Limit 1 per person; Expires 90 days from purchase,1,Standard,38,74,0.4865,River Activities,2,11,2154,105,1948,91,1986,82,2557,124,2356,90,2284,74,2732,155,1869,85,0.045063,42.39,0.0477
9f78662c-0697-49f4-a32a-cc851cca1ecc,Home Services,HVAC,Dallas,Furnace or AC Tune-Up — 21-Point Inspection at GreenLeaf Pros,"What We Offer: Professional-grade service performed by trained technicians using commercial equipment. We begin with an assessment of the scope of work, provide a clear explanation of what we'll do, and complete the job efficiently with minimal disruption to your day. A post-service report is provided summarizing what was done and any recommendations for future maintenance. Why You Should Grab This Offer: Homeowners often put off this type of maintenance because they don't know who to trust. We make it easy: fixed pricing (no hourly billing surprises), certified technicians, and a workmanship warranty. Our Groupon customers routinely become repeat clients. Good to Know: Appointment required — book online or by phone. Available Monday through Saturday, 8 AM to 6 PM. Ask about our seasonal maintenance packages for ongoing care.",Excludes alcohol; Limit 1 per household; Not valid on holidays,1,Standard,114,127,0.1024,GreenLeaf Pros,2,107,1352,10,1779,12,985,6,1845,15,1677,13,1378,11,1617,12,849,6,0.007403,92.26,0.0473
fd78f97f-dd82-4c29-89a0-eda164ae1d93,Automotive,Detailing,Birmingham,Full Interior & Exterior Detail at ProTech Auto Spa,"What Is Included: Up to five quarts of quality oil (synthetic blend or full synthetic depending on option purchased), standard oil filter, lubrication of chassis components per manufacturer specs, and a complimentary multi-point maintenance check. Our certified technicians perform an inspection covering fluid levels, tire pressure, battery test, wiper blades, headlights and taillights, air filter, and antifreeze/coolant levels. What Is Not Included: Extra quarts beyond five are available for an additional fee at time of service. Premium or canister filters available for purchase. European oil types not included. Why You Should Grab This Offer: Our ASE-certified technicians complete over 270 hours of professional training. No appointment needed — stay-in-your-car service completed in approximately 15-20 minutes. Contactless payment available. Good to Know: Valid at participating locations. Digital inspection report emailed after service. All work backed by a service guarantee.",Must be 18+; Limit 1 per person,4,"Express Service, Full Detail, Showroom Finish",64,92,0.3043,ProTech Auto Spa,2,116,3048,96,1102,32,2780,84,1554,47,2620,69,2987,93,3378,88,2576,80,0.029384,77.23,0.0404
b14edbe9-1ecb-47ee-9f7d-431ce01a236a,Things to Do,Classes,Houston,Family-Friendly 2-Hour Kayak or Paddleboard Rental at Epic Adventures,"What We Offer: An unforgettable activity designed for all skill levels. Whether you're a first-timer or a seasoned pro, our experienced staff will ensure you have a safe, enjoyable time. Sessions are structured with a brief orientation, the main activity, and time for questions or photos afterward. Groups of 6 or more receive a dedicated host. Why You Should Grab This Offer: This isn't a factory-line tourist trap — we limit capacity to maintain quality, so every guest gets real attention. Our facility has been recently renovated with state-of-the-art equipment. We've been voted one of Houston's top activities on TripAdvisor for three consecutive years. Good to Know: Walk-ins welcome but reservations guarantee your spot during peak times. Private event bookings available for birthdays, team outings, and celebrations. Free parking on-site.",Limit 1 per person; Valid at Houston location only; Appointment required; Subject to availability; Photo ID required,2,"Small, Large",104,146,0.2877,Epic Adventures,4,53,3069,222,3917,326,3952,319,4480,389,3841,301,3358,244,3093,225,2455,188,0.078608,127.37,0.0462
ea045875-5791-408d-a005-af5d8a9f4c8c,Home Services,Handyman,Chicago,Professional Care for Your Home at HomeFirst Maintenance,"Treat yourself or someone special to this offer. Whether it's a birthday, anniversary, or just a Tuesday — you deserve something nice. Great quality at an unbeatable price. Restrictions may apply — see fine print for full details.",Must present voucher on arrival; Not valid on holidays; Must redeem within 30 days; Excludes alcohol; New customers only; Photo ID required,3,"Single Room, Multi-Room Package, Complete Home Overhaul",74,179,0.5866,HomeFirst Maintenance,2,89,3869,82,3901,75,4128,85,3584,50,3640,72,3648,59,3312,54,2120,27,0.017871,101.18,0.1131
cc7c5053-06f9-4bc9-b93c-dc900f61839e,Retail,Home Goods,New York,Smart Watch — Fitness Tracker w/ Heart Rate Monitor,What's Included: Product ships within 2-3 business days via USPS or UPS with tracking number provided via email. Each item is quality-inspected before shipping and arrives in protective packaging. 30-day hassle-free returns accepted with original packaging — we'll provide a prepaid return label. Why You Should Grab This Offer: This product has been one of our top sellers with over 500 five-star reviews. Made with premium materials designed for daily use. Makes an excellent gift — arrives in presentation-ready packaging with the option to include a personalized gift note at checkout. Good to Know: Available in multiple sizes and colors — select your preferred option at checkout. Ships to all 50 US states. International shipping available for an additional fee. Bulk orders of 5+ units receive an automatic 10% discount.,Not valid on holidays; No cash value; Subject to availability; Must redeem within 30 days; Valid for dine-in only; Not valid Dec 24-Jan 2,4,"Sample Pack, Full Set, Deluxe Gift Box",86,115,0.2522,Indie Emporium,3,83,3808,298,3199,324,2407,205,2824,193,3696,277,2572,207,3844,355,2148,135,0.081394,97.0,0.0808
ffbdfb5b-c5cb-42d1-8731-127a751c29a9,Food & Drink,Dining Cruises,Los Angeles,90-Min Premier Architecture Dinner Cruise at Cedar Brasserie,"What We Offer: A complete dining experience that includes your choice of entrees, sides, and beverages as outlined in the deal options. Everything is prepared to order — nothing sits under a heat lamp. Our kitchen team takes pride in consistency: every plate that leaves our kitchen meets the same standard, whether it's a Tuesday lunch or Saturday dinner. Why You Should Grab This Offer: We've been serving Los Angeles for over 8 years and have built a loyal following through honest food at fair prices. Featured in local press and food blogs. Our staff is attentive without being overbearing — we want you to enjoy your meal, not feel rushed. Good to Know: Dine-in only. Reservations available online or by phone. Large party accommodations available with 48 hours notice. Validated parking in the adjacent garage.",New customers only; Valid at Los Angeles location only; Must present voucher on arrival; Excludes weekends & public holidays; Must be 18+; Must redeem within 30 days,1,Chef's Experience,30,51,0.4118,Cedar Brasserie,4,73,2880,207,2021,155,2650,188,1886,104,1631,108,1855,159,2073,158,2677,218,0.073389,47.66,0.1283
a8c32641-be60-4118-8af0-3dd41edd5fd7,Travel,Getaways,Birmingham,2-Night City Break w/ Breakfast & Attraction Passes at Vista Inn,"What We Offer: A relaxing stay at a hand-picked property featuring on-site dining, pool, fitness center, and complimentary Wi-Fi throughout. Your rate includes daily breakfast for two, served in our dining room or delivered to your suite. Rooms feature premium linens, blackout curtains, a Nespresso machine, and a fully stocked minibar (charges apply). Why You Should Grab This Offer: Escape the routine without the hassle of planning every detail. We've partnered with this property specifically for its combination of location, amenities, and service quality. Guest reviews consistently highlight the friendly staff, clean rooms, and excellent breakfast spread. Good to Know: Check-in from 3 PM, checkout by 11 AM. Late checkout available upon request (subject to availability). Free cancellation up to 48 hours before arrival. Parking included. Pet-friendly rooms available on request at select properties.",No cash value; No refunds after redemption; New customers only; Subject to availability,1,Standard,408,448,0.0893,Vista Inn,4,78,485,1,609,3,429,0,564,3,658,1,498,3,451,1,562,1,0.003055,394.0,0.0927
71ce6460-5cb5-48b2-bae5-545788dfe037,Things to Do,Tours,London,Create Lasting Memories at Starlight Adventures,A great way to try something new without breaking the bank. This deal has been popular with Groupon customers. Limited quantities available. Valid only for the option purchased. See fine print for all terms.,Expires 90 days from purchase; Promotional value expires 120 days after purchase; Limit 1 per person; New customers only; Valid for dine-in only; 48-hour cancellation policy; Must be 18+; No cash value; Appointment required,4,"1 Visit, 3 Visits, 5 Visits, 10 Visits",65,91,0.2857,Starlight Adventures,4,75,855,40,962,36,1018,42,1064,40,1192,54,1056,41,1175,61,1224,52,0.042827,82.61,0.1173
7fb69fe3-5e03-493c-a460-7f3753e26401,Things to Do,Entertainment,Manchester,Amazing Activity Experience at Thrill Experiences,"Treat yourself or someone special to this offer. Whether it's a birthday, anniversary, or just a Tuesday — you deserve something nice. Great quality at an unbeatable price. Restrictions may apply — see fine print for full details.",Must present voucher on arrival; 48-hour cancellation policy; Must be 18+; Excludes alcohol; Promotional value expires 120 days after purchase; Excludes weekends & public holidays,3,"Taster, Full Day Explorer, VIP Experience",44,65,0.3231,Thrill Experiences,1,9,1664,22,864,13,2133,35,1403,16,1573,17,1911,21,1798,31,1587,20,0.013531,61.76,0.0971
ecc34669-2690-4222-b4d2-6a3c741bcae8,Retail,Home Goods,Barcelona,Amazing Deal on Must-Have Products,An opportunity to enjoy premium service at a fraction of the regular cost. Our customers love the convenience and value of this deal. Valid for the options listed. See fine print for scheduling and restrictions.,Promotional value expires 120 days after purchase; Not valid on holidays; New customers only; Not valid Dec 24-Jan 2,2,"Single, Double",13,22,0.4091,Urban Boutique,2,105,3582,75,4879,91,3497,68,4077,85,4223,76,5092,68,3679,75,2881,52,0.01849,17.08,0.042
24c9267c-f375-49c5-b6c8-341078c89310,Food & Drink,Cafes & Bakeries,San Francisco,"Family Meal Deal — 2 Entrees, 2 Sides & Dessert at Iron Steakhouse","What We Offer: Enjoy a carefully curated dining experience prepared by our award-winning chef using locally sourced, seasonal ingredients. Each course is thoughtfully paired with beverages selected by our in-house sommelier. The menu changes quarterly to reflect the freshest produce available, so every visit offers something new. Vegetarian, vegan, and gluten-free options are always available — just let your server know. Why You Should Grab This Offer: We've been recognized by local food critics as one of San Francisco's best-kept secrets, with a 4.6-star average on Google and Yelp. Our intimate dining room seats just 40 guests, creating a personal atmosphere you won't find at larger establishments. Private dining available for groups of 8 or more. Good to Know: Reservations recommended, especially on weekends. Free street parking available after 6 PM. Kids' menu available for diners under 12.",Gratuity not included; Promotional value expires 120 days after purchase; No cash value; Excludes alcohol; Limit 1 per person; Cannot be combined with other offers,2,"Date Night Dinner, Grand Feast for Two",15,31,0.5161,Iron Steakhouse,3,26,1956,93,1134,50,1862,78,1438,60,1946,54,1838,76,1643,63,1876,102,0.042065,19.08,0.0879
ff77950e-5bcb-47f1-843d-375239c64406,Things to Do,Classes,Birmingham,Unforgettable Fun at Panorama Activities,Experience the best that Birmingham has to offer with this popular deal. Thousands of Groupon customers have enjoyed this offer. Book now to secure your spot before availability runs out. See fine print for redemption details.,Subject to availability; Appointment required; Promotional value expires 120 days after purchase; No refunds after redemption,1,Full Adventure,46,90,0.4889,Panorama Activities,2,10,2135,31,2281,27,1026,10,2639,23,2638,31,1739,21,2989,26,2175,24,0.010952,74.76,0.0554
