deal_id,title,category,geo,cvr,image_quality_score,price,total_score,rewrite_recommended,desc_score,desc_label,title_score,title_label,img_score,opt_score,fp_score,priority_dims
c03af1d5-2ca8-4c61-99d0-bfc3e89089f9,Best Experience in San Francisco at Starlight Experiences,Things to Do,San Francisco,0.017331,1,80,23,True,10,generic_experience_best,8,generic,0,2,3,"description, title, options"
f426e648-4e88-41ba-97e1-32154ba24598,Must-Have Items at Great Prices,Retail,Manchester,0.010097,1,33,23,True,12,generic_dont_miss,8,generic,0,2,1,"description, title, options"
b04a6436-7f4c-4810-957e-ffb78e3bbadd,Amazing Auto Service at QuickLube Motor Works,Automotive,Madrid,0.020724,1,80,26,True,9,generic_save_on,8,generic,0,6,3,"description, title, options"
bda02180-cc87-4caf-ad87-ab8e0b5085dd,Incredible Meal for Two at Cedar BBQ,Food & Drink,New York,0.021919,2,14,28,True,11,generic_opportunity,8,generic,5,2,2,"description, title, options"
05c8dcbd-1192-4032-90fd-4a71f5b159e8,Enjoy a Fantastic Beauty Package at Lotus Skin Lounge,Beauty & Spas,London,0.02066,1,84,28,True,10,generic_experience_best,8,generic,0,6,4,"description, title, options"
bcffae7c-2b04-435b-95f5-c40e2dfce1bb,Incredible Escape at Azure Suites,Travel,London,0.015966,2,176,28,True,9,generic_save_on,8,generic,5,2,4,"description, title, options"
d21e2538-047b-4c9e-b6c7-1430682c2a1b,Fun for Everyone at Urban Adventures,Things to Do,Manchester,0.018092,1,38,29,True,9,generic_save_on,8,generic,0,10,2,"description, title, options"
a970972a-7645-459c-a866-066710d668a4,Fun for Everyone at Skyline Cruises,Things to Do,New York,0.011033,2,41,30,True,13,generic_highly_rated,8,generic,5,2,2,"description, title, options"
a0e232c0-a234-4884-a691-b81440632630,Enjoy a Fantastic Beauty Package at Luxe Aesthetics,Beauty & Spas,Miami,0.022114,1,20,30,True,9,generic_save_on,8,generic,0,10,3,"description, title, options"
ff0f8e4c-4154-455c-afc8-668d16f416a6,Best Auto Deal in Seattle at TopGear Auto Spa,Automotive,Seattle,0.019029,1,41,30,True,10,generic_experience_best,8,generic,0,10,2,"description, title, options"
ac90868f-607b-4cd7-9ba5-cca30134fae4,Fantastic Professional Service at SafeGuard Maintenance,Home Services,Denver,0.011953,1,73,30,True,10,generic_experience_best,8,generic,0,10,2,"description, title, options"
964a62e6-85eb-40b2-abd9-ed7312571e04,Incredible Meal for Two at Marco's Grill,Food & Drink,Manchester,0.021936,1,36,30,True,10,generic_experience_best,8,generic,0,10,2,"description, title, options"
cd881509-8282-46f7-9472-04eaa0b486fc,Amazing Home Service at GreenLeaf Services,Home Services,Birmingham,0.015606,2,74,31,True,9,generic_save_on,8,generic,5,6,3,"description, title, options"
265e93fa-e551-4ba0-90c8-3f7e15fd3d70,Amazing Hotel Getaway at Sunrise Suites,Travel,Los Angeles,0.012539,1,198,31,True,10,generic_experience_best,8,generic,0,10,3,"description, title, options"
872bbb9d-a910-415a-b804-cf2316c0496c,Amazing Auto Service at MasterMech Tire & Auto,Automotive,Los Angeles,0.012918,2,61,31,True,9,generic_save_on,8,generic,5,6,3,"description, title, options"
fa53b500-0507-45f0-9c0e-5f4148359e06,Amazing Auto Service at PrecisionAuto Car Wash & Detail,Automotive,Birmingham,0.019137,1,70,32,True,11,generic_opportunity,8,generic,0,10,3,"description, title, options"
0fc97d06-956d-43c4-81fe-c46d34c6d652,Best Home Care in Seattle at HomeFirst Experts,Home Services,Seattle,0.017091,1,62,32,True,9,generic_save_on,8,generic,0,10,5,"description, title, options"
035a45bf-1968-4bb9-ada5-b5aaf219c633,Top Picks for Every Budget,Retail,Madrid,0.014371,1,29,32,True,10,generic_experience_best,8,generic,0,10,4,"description, title, options"
22862007-0e22-49ad-b5ba-5a3940682794,Wonderful Adventure Awaits at Wildcard Adventures,Things to Do,Dallas,0.020956,3,12,33,True,10,generic_experience_best,8,generic,10,2,3,"description, title, options"
d9c6a089-e1b9-42fc-8819-4b32c3e9150a,Amazing Auto Service at Midas Service Center,Automotive,Miami,0.017467,1,66,33,True,12,generic_dont_miss,8,generic,0,10,3,"description, title, options"
da37b54a-b870-49b6-a570-8858d60f4c10,Fantastic Professional Service at Elite Solutions,Home Services,New York,0.016562,1,134,33,True,12,generic_dont_miss,8,generic,0,10,3,"description, title, options"
6facac7e-0d02-4a8c-864a-e17687b1e095,Fun for Everyone at Horizon Activities,Things to Do,Denver,0.015524,1,27,33,True,14,generic_great_way,8,generic,0,10,1,"description, title, options"
74b5dfb3-604e-4e38-86bd-1c80b0104daf,Incredible Vehicle Service at AutoShine Service Center,Automotive,Los Angeles,0.022944,1,85,33,True,12,generic_dont_miss,8,generic,0,10,3,"description, title, options"
5e48a019-03a4-4206-8264-e59508a6efba,Amazing Home Service at Spotless Care,Home Services,Birmingham,0.003516,2,114,34,True,10,generic_experience_best,8,generic,5,10,1,"description, title, options"
94d19fb4-c2ae-4cb5-b8da-c816df7ecd62,Fantastic Food & Drinks at Sofia's Grill,Food & Drink,Miami,0.015961,1,39,34,True,12,generic_dont_miss,8,generic,0,10,4,"description, title, options"
de894e8a-1a3e-4193-8071-92eb1f9eab76,Incredible Vehicle Service at QuickLube Auto Center,Automotive,Dallas,0.015264,1,42,34,True,11,generic_opportunity,8,generic,0,10,5,"description, title, options"
c5c82cdc-db0c-43fe-871a-439a3f5874ac,Wonderful Adventure Awaits at City Cruises,Things to Do,Houston,0.025262,1,72,35,True,14,generic_great_way,8,generic,0,10,3,"description, title, options"
c2d8df32-ef6d-4abc-a2fe-86e6deb775e2,Thrill & Excitement at Discovery Experiences,Things to Do,Miami,0.016562,2,45,36,True,18,generic_looking_for,8,generic,5,2,3,"description, title, options"
ec8ec258-a125-48ba-b6e9-3c4f5fbc5ce3,Top Picks for Every Budget,Retail,Barcelona,0.024279,2,24,36,True,9,generic_save_on,8,generic,5,10,4,"description, title, options"
8433993b-d8d8-4a1e-bc47-86cd47888ef3,Make Your Weekend Special at Discovery Entertainment,Things to Do,London,0.017996,1,67,36,True,14,generic_great_way,8,generic,0,10,4,"description, title, options"
7e295a7f-8a86-46e4-92ee-86bdb8cd4783,Incredible Escape at Seaside Inn,Travel,Denver,0.017352,2,151,36,True,10,generic_experience_best,8,generic,5,10,3,"description, title, options"
14ee9d28-2362-45cd-a4e5-dd4e7e4c3ef7,Explore & Enjoy at Epic Escape Room,Things to Do,Boston,0.022253,2,35,36,True,10,generic_experience_best,8,generic,5,10,3,"description, title, options"
a0065aff-c1ef-4f89-9d5e-ae0ffa46ba5d,Incredible Vehicle Service at TopGear Service Center,Automotive,London,0.015377,2,49,36,True,11,generic_opportunity,8,generic,5,10,2,"description, title, options"
e9e5dbfe-c0ee-4358-a2a4-3f428e0b77e4,Fantastic Resort Experience at Emerald Suites,Travel,Denver,0.015941,2,154,37,True,10,generic_experience_best,8,generic,5,10,4,"description, title, options"
c312e50b-43d5-4f3a-b2c8-cd1fc78929a7,Best Auto Deal in New York at MotorCraft Auto Spa,Automotive,New York,0.012044,2,83,37,True,12,generic_dont_miss,8,generic,5,10,2,"description, title, options"
57dbf5bc-aa1d-400b-8b32-bcbc4c5ce5b0,Your Dream Getaway at Grand Inn,Travel,Birmingham,0.013552,1,106,37,True,13,generic_highly_rated,18,specific_short,0,2,4,"description, options, title"
7fb69fe3-5e03-493c-a460-7f3753e26401,Amazing Activity Experience at Thrill Experiences,Things to Do,Manchester,0.013531,1,44,37,True,16,generic_treat_yourself,8,generic,0,10,3,"description, title, options"
8dc94ab0-44be-412e-9334-ec74167c64d4,Thrill & Excitement at Summit Activities,Things to Do,Boston,0.02311,1,64,38,True,18,generic_looking_for,8,generic,0,10,2,"description, title, options"
c6936ef8-4b72-44e8-a9a5-f4794f16e0b2,Best Vacation Deal at Grand Hotel & Spa,Travel,Miami,0.011918,2,201,38,True,11,generic_opportunity,8,generic,5,10,4,"description, title, options"
d176bb19-9d9e-4a4b-a201-0c273477d3af,Fantastic Professional Service at EcoShield Pros,Home Services,Denver,0.016849,2,119,38,True,11,generic_opportunity,8,generic,5,10,4,"description, title, options"
1b1ab3b5-0932-4145-a59f-71107ca742cd,Wonderful Adventure Awaits at Summit Escape Room,Things to Do,Miami,0.01525,2,23,38,True,10,generic_experience_best,8,generic,5,10,5,"description, title, options"
854ca377-79ee-40d4-80ce-f0e56599c475,Amazing Hotel Getaway at Harbor Resort,Travel,Miami,0.010198,2,250,38,True,12,generic_dont_miss,8,generic,5,10,3,"description, title, options"
e515caef-5005-4a33-9f83-d5fb457a1da9,Incredible Entertainment at Epic Activities,Things to Do,Chicago,0.008884,1,94,38,True,16,generic_treat_yourself,8,generic,0,10,4,"description, title, options"
67231f8b-55ed-49ae-9e77-7cc1bb5761af,Fantastic Food & Drinks at Copper Trattoria,Food & Drink,Madrid,0.02042,3,41,38,True,16,generic_treat_yourself,8,generic,10,2,2,"description, title, options"
a9df3aa8-dc1f-4f76-9e33-22abbcb7919c,Savor Delicious Flavors at Basil Smokehouse,Food & Drink,Barcelona,0.009696,1,35,39,True,12,generic_dont_miss,22,specific_medium,0,2,3,"description, options, title"
a55dede5-2304-4c24-8c30-3e287d5fc036,Amazing Home Service at GreenLeaf Home Services,Home Services,Dallas,0.022557,2,103,39,True,13,generic_highly_rated,8,generic,5,10,3,"description, title, options"
8a3e12c2-f686-4995-a954-6559ed5b0296,Amazing Home Service at FirstRate Care,Home Services,Chicago,0.02421,3,123,39,True,10,generic_experience_best,8,generic,10,10,1,"description, title, options"
0e7a7732-78fb-41d3-8421-1cd14eee2bb7,Best Wellness Deal at Core Performance Lab,Health & Fitness,San Francisco,0.017594,2,71,39,True,14,generic_great_way,8,generic,5,10,2,"description, title, options"
6abe933e-9792-4730-970c-d355e9d77ffe,Best Experience in Birmingham at Wildcard Cruises,Things to Do,Birmingham,0.026988,3,25,40,True,11,generic_opportunity,8,generic,10,10,1,"description, title, options"
0710f8a3-9c99-409b-a402-6b80d6d3f8e9,Wonderful Adventure Awaits at Sunset Entertainment,Things to Do,London,0.007788,2,84,40,True,13,generic_highly_rated,8,generic,5,10,4,"description, title, options"
2376c7e2-f31b-4124-a9ec-8676b7c9feea,Best Home Care in Manchester at TruGuard Experts,Home Services,Manchester,0.010643,2,53,40,True,13,generic_highly_rated,8,generic,5,10,4,"description, title, options"
637f83cf-6e5a-4a76-b177-0dfdd59d196f,Amazing Dining Experience at Stone Kitchen,Food & Drink,Houston,0.013348,3,14,40,True,9,generic_save_on,8,generic,10,10,3,"description, title, options"
3192f6e8-5a94-4857-b61d-f0f02301bfab,Incredible Savings on Home Services at Spotless Cleaning Co.,Home Services,London,0.015391,3,87,40,True,10,generic_experience_best,8,generic,10,10,2,"description, title, options"
b8802453-212b-4738-9c1c-135d9661cecb,Best Restaurant Deal in Denver at Cedar Eatery,Food & Drink,Denver,0.012206,3,34,40,True,9,generic_save_on,8,generic,10,10,3,"description, title, options"
250365ef-3444-411b-a08c-810ccac5a7f6,Amazing Hotel Getaway at Sunrise Inn,Travel,Manchester,0.011765,3,196,40,True,9,generic_save_on,8,generic,10,10,3,"description, title, options"
7a2cd444-5382-430a-bba4-6e2ce5a7b248,Fun for Everyone at Wildcard Adventures,Things to Do,Denver,0.021111,3,36,40,True,16,generic_treat_yourself,8,generic,10,2,4,"description, title, options"
9b518083-d6c9-45e5-a893-7935d0c4e4fe,Incredible Gift Ideas for Any Occasion,Retail,Chicago,0.010406,2,19,41,True,14,generic_great_way,18,specific_short,5,2,2,"description, options, title"
ec387575-25eb-4db3-971c-210a0645733f,Wonderful Culinary Experience at Stone Steakhouse,Food & Drink,Miami,0.020088,3,13,41,True,10,generic_experience_best,8,generic,10,10,3,"description, title, options"
37871e3a-4d79-4aae-9df2-867660e945bc,Make Your Weekend Special at Panorama Experiences,Things to Do,Denver,0.025515,3,40,41,True,12,generic_dont_miss,8,generic,10,10,1,"description, title, options"
6c0049af-df07-4455-b538-30219f7f278a,Escape the Everyday at Riviera Retreat,Travel,Houston,0.012606,1,331,41,True,10,generic_experience_best,18,specific_short,0,10,3,"description, title, options"
fd03a5cc-7523-485a-91a7-e2f8850ed531,Amazing Wellness Experience at Renew Fitness Studio,Health & Fitness,Seattle,0.024712,4,66,41,True,10,generic_experience_best,8,generic,17,2,4,"description, title, options"
4e039999-b218-4e24-9250-5953efda6ebf,Fantastic Food & Drinks at Red Brasserie,Food & Drink,Los Angeles,0.026852,3,26,41,True,11,generic_opportunity,8,generic,10,10,2,"description, title, options"
6a69df5b-4824-4606-9155-992bc16f2fb2,Top Picks for Every Budget,Retail,New York,0.015763,3,46,41,True,10,generic_experience_best,8,generic,10,10,3,"description, title, options"
b4e1afca-8433-452f-9bf8-194e7b1c3831,Create Lasting Memories at Skyline Adventures,Things to Do,Chicago,0.014547,2,59,41,True,16,generic_treat_yourself,8,generic,5,10,2,"description, title, options"
2d6a0639-3f01-4b12-a1c5-f8cf0e305a6a,Must-Have Items at Great Prices,Retail,Dallas,0.012111,2,10,42,True,16,generic_treat_yourself,8,generic,5,10,3,"description, title, options"
830f614d-a257-4b38-b1dc-54f497aae436,Amazing Home Service at BrightHome Home Services,Home Services,Boston,0.016329,2,70,42,True,16,generic_treat_yourself,8,generic,5,10,3,"description, title, options"
37a3338f-056e-4f78-a0d5-823e15de1f3a,Amazing Auto Service at MotorCraft Tire & Auto,Automotive,Dallas,0.020632,3,65,42,True,11,generic_opportunity,8,generic,10,10,3,"description, title, options"
4b01c9bc-8ddc-415a-b441-028356f3296b,Best Wellness Deal at Summit Performance Lab,Health & Fitness,Miami,0.016794,3,56,42,True,14,generic_great_way,8,generic,10,6,4,"description, title, options"
aef6b9ea-456e-4c35-8293-6a89b0de6612,Amazing Dining Experience at Golden Cafe,Food & Drink,London,0.010341,3,34,42,True,10,generic_experience_best,8,generic,10,10,4,"description, title, options"
8c85a346-2de1-4234-ac57-b4fd32141df6,Professional Care for Your Home at EcoShield Home Services,Home Services,Dallas,0.018289,1,180,42,True,9,generic_save_on,22,specific_medium,0,10,1,"description, title, options"
1b71aee1-3b43-4fc2-85e2-6f4135564b3c,Create Lasting Memories at Freefall Escape Room,Things to Do,Dallas,0.017515,3,54,42,True,10,generic_experience_best,8,generic,10,10,4,"description, title, options"
a0a5b033-a538-42e5-98d6-25d78cc5ed35,Unforgettable Fun at Explorer Entertainment,Things to Do,New York,0.014319,2,42,42,True,10,generic_experience_best,22,specific_medium,5,2,3,"description, options, title"
ebe07886-7595-48c7-bb66-a496e76e1b5c,Best Auto Deal in Boston at MotorCraft Auto Care,Automotive,Boston,0.023755,2,70,42,True,16,generic_treat_yourself,8,generic,5,10,3,"description, title, options"
daae885b-4d52-48f5-b8d7-189f5bdf4553,Best Home Care in Denver at Elite Pros,Home Services,Denver,0.0159,2,121,43,True,18,generic_looking_for,8,generic,5,10,2,"description, title, options"
3a259100-4b6c-4645-b5d9-446d0c425a77,Best Restaurant Deal in London at Harbor Kitchen,Food & Drink,London,0.019769,2,29,43,True,16,generic_treat_yourself,8,generic,5,10,4,"description, title, options"
f118fd2e-0d6a-47ce-b4b4-a45ad6a5f0a9,Enjoy a Fantastic Beauty Package at Opulent Beauty Studio,Beauty & Spas,New York,0.02083,3,72,43,True,11,generic_opportunity,8,generic,10,10,4,"description, title, options"
1932f630-6822-42d9-8db9-606f7425f025,Best Restaurant Deal in Boston at Golden Brasserie,Food & Drink,Boston,0.038569,5,18,43,True,10,generic_experience_best,8,generic,20,2,3,"description, title, options"
558ed06f-8f59-4412-bfde-1aa6c0671d53,Amazing Wellness Experience at Atlas Fitness Studio,Health & Fitness,Los Angeles,0.009738,2,68,43,True,16,generic_treat_yourself,8,generic,5,10,4,"description, title, options"
9afa207b-10b9-42ea-9431-9b180a010e03,Incredible Vehicle Service at RoadReady Tire & Auto,Automotive,Seattle,0.030937,4,67,44,True,13,generic_highly_rated,8,generic,17,2,4,"description, title, options"
647efb12-0121-48dd-9740-f4a47498f8d6,Incredible Gift Ideas for Any Occasion,Retail,Houston,0.013427,2,23,44,True,14,generic_great_way,18,specific_short,5,6,1,"description, title, options"
b0ec3156-2610-40c1-a960-28332893f211,Incredible Entertainment at Freefall Adventures,Things to Do,Denver,0.015945,3,24,44,True,12,generic_dont_miss,8,generic,10,10,4,"description, title, options"
c396c017-fb51-4b6f-a5c7-fa75e09ca054,Make Your Weekend Special at Starlight Activities,Things to Do,Miami,0.021598,2,15,44,True,18,generic_looking_for,8,generic,5,10,3,"description, title, options"
6fd0abbe-3adb-4e81-81a7-257ac7de0f2d,Start Your Fitness Journey at Atlas Fitness Studio,Health & Fitness,Los Angeles,0.025011,1,37,44,True,18,generic_looking_for,22,specific_medium,0,2,2,"description, options, title"
0c09550e-67a2-495c-9c1c-e3a956d75fc7,Wonderful Adventure Awaits at Panorama Activities,Things to Do,Houston,0.025007,3,41,44,True,13,generic_highly_rated,8,generic,10,10,3,"description, title, options"
a8721167-d410-4e6e-93e4-b8ca495a97c1,Fantastic Professional Service at BrightHome Solutions,Home Services,Madrid,0.008938,2,77,44,True,18,generic_looking_for,8,generic,5,10,3,"description, title, options"
e2141fb1-087a-4a4c-9aed-63858cb9ba43,A Wonderful Retreat at Lakeside Inn,Travel,San Francisco,0.023475,2,87,45,True,11,generic_opportunity,18,specific_short,5,6,5,"description, title, options"
95cc6830-c32c-4600-9974-e0f0394ea85e,Explore & Enjoy at Wildcard Excursions,Things to Do,Miami,0.023541,3,25,45,True,12,generic_dont_miss,8,generic,10,10,5,"description, title, options"
77a485f8-77b6-4245-a942-828868fe4b23,A Healthier You Starts at Summit Fitness Studio,Health & Fitness,Boston,0.02254,3,34,45,True,9,generic_save_on,22,specific_medium,10,2,2,"description, options, title"
94f41a01-4d3e-4dc6-a788-bec7b26f0e0a,Keep Your Car Running Great at TopGear Service Center,Automotive,Houston,0.010962,2,38,45,True,9,generic_save_on,22,specific_medium,5,6,3,"description, options, title"
41609ffc-c41e-4a39-8cb0-d4ede24f0b94,Best Deal on Premium Products,Retail,Seattle,0.012794,2,54,45,True,9,generic_save_on,18,specific_short,5,10,3,"description, title, options"
d14809b9-36aa-43f3-85da-4f82d092650e,Unwind w/ a Wonderful Relaxation Package at Opulent Spa,Beauty & Spas,Barcelona,0.012271,2,50,45,True,14,generic_great_way,22,specific_medium,5,2,2,"description, options, title"
63c0bfa3-fed9-4638-b37c-6b1bdfe2ba0c,Enjoy a Fantastic Beauty Package at Pristine Wellness Center,Beauty & Spas,San Francisco,0.016691,3,90,45,True,12,generic_dont_miss,8,generic,10,10,5,"description, title, options"
15a7399c-32d6-42c4-abf8-861af480e85e,Best Home Care in Madrid at ProClean Cleaning Co.,Home Services,Madrid,0.036258,4,254,46,True,11,generic_opportunity,8,generic,17,6,4,"description, title, options"
197c2b18-f83d-4e24-9abf-31050f830651,Glow Up w/ Services at Silk Spa,Beauty & Spas,Houston,0.010795,2,58,46,True,10,generic_experience_best,18,specific_short,5,10,3,"description, title, options"
1b0a859a-3742-4520-8794-afb22908bf98,Must-Have Items at Great Prices,Retail,Houston,0.025589,3,12,46,True,13,generic_highly_rated,8,generic,10,10,5,"description, title, options"
91a17578-6d93-49b9-9b55-7a14365b57be,Escape the Everyday at Seaside Retreat,Travel,Dallas,0.015348,2,228,46,True,11,generic_opportunity,18,specific_short,5,10,2,"description, title, options"
3ba79ff6-d7f3-41d1-ac8f-92d6173cbf39,Amazing Dining Experience at Cedar Kitchen,Food & Drink,Dallas,0.020536,3,24,46,True,16,generic_treat_yourself,8,generic,10,10,2,"description, title, options"
18c6f289-e99a-40ae-a5f8-d5e7825eba27,Fantastic Food & Drinks at Maple Bistro,Food & Drink,Dallas,0.017413,3,38,46,True,14,generic_great_way,8,generic,10,10,4,"description, title, options"
accfc9c2-6dc2-421b-a27e-2c63b5849bc8,Amazing Deal on Must-Have Products,Retail,Birmingham,0.012617,2,26,46,True,11,generic_opportunity,18,specific_short,5,10,2,"description, title, options"
906959a3-90b5-4db8-be27-07a9999ff2c0,Wonderful Adventure Awaits at River Cruises,Things to Do,Miami,0.013382,3,36,46,True,16,generic_treat_yourself,8,generic,10,10,2,"description, title, options"
cd4c0e29-2c20-4639-895e-b6692cdd49b6,Escape the Everyday at Golden Gate Inn,Travel,Madrid,0.006542,2,197,46,True,9,generic_save_on,18,specific_short,5,10,4,"description, title, options"
698e0c69-96cf-4b13-9182-6cb45d7f119e,Boost Your Health w/ Fantastic Services at Zenith Health Center,Health & Fitness,New York,0.009447,2,104,47,True,13,generic_highly_rated,25,specific_long,5,2,2,"description, options, title"
9ab26e40-f733-4a49-92b7-3953d6855720,Fantastic Resort Experience at Grand Suites,Travel,Chicago,0.034247,4,236,47,True,9,generic_save_on,8,generic,17,10,3,"description, title, options"
f05e9b62-28a8-4219-beb9-9ec416a0445e,Treat Your Taste Buds at Sofia's Brasserie,Food & Drink,Barcelona,0.014339,2,27,47,True,14,generic_great_way,22,specific_medium,5,2,4,"description, options, title"
4bb81896-0bfa-4629-ac1e-1495fdf3d884,Wonderful Selection at Unbeatable Prices,Retail,Denver,0.031546,4,33,47,True,9,generic_save_on,8,generic,17,10,3,"description, title, options"
7101fc1a-ec61-47ed-90e9-88b73372ed31,Best Experience in Manchester at Horizon Cruises,Things to Do,Manchester,0.042663,4,17,47,True,10,generic_experience_best,8,generic,17,10,2,"description, title, options"
dd4e8cee-85db-4960-9529-c38bca863c17,Create Lasting Memories at Explorer Activities,Things to Do,Miami,0.04509,4,50,47,True,12,generic_dont_miss,8,generic,17,6,4,"description, title, options"
d87e9fed-5d31-4746-847e-be1d8fbae1d8,Must-Have Items at Great Prices,Retail,Chicago,0.054478,4,24,47,True,10,generic_experience_best,8,generic,17,10,2,"description, title, options"
fcabb52b-5a23-43e7-b9b8-b9a6d95e0203,Enjoy a Night Out at Iron Bistro,Food & Drink,Chicago,0.028421,2,34,47,True,11,generic_opportunity,18,specific_short,5,10,3,"description, title, options"
fb4156f9-4f6b-4d3a-9545-41c19b038937,Trusted Service from AllStar Home Services,Home Services,San Francisco,0.019876,3,111,47,True,11,generic_opportunity,22,specific_medium,10,2,2,"description, options, title"
b3047cc2-376e-4b24-90a2-a1ee9077422b,Professional Care for Your Home at EcoShield Cleaning Co.,Home Services,London,0.022613,1,71,47,True,18,generic_looking_for,22,specific_medium,0,6,1,"description, options, title"
105674a1-aa7b-4412-bfaa-49b329117543,Fun for Everyone at River Activities,Things to Do,Seattle,0.032642,4,42,47,True,10,generic_experience_best,8,generic,17,10,2,"description, title, options"
430b0218-2006-428b-8afe-cfd3f55ed0cc,Wonderful Health & Wellness Visit at Prime Family Dentistry,Health & Fitness,Manchester,0.027584,4,91,48,True,11,generic_opportunity,8,generic,17,10,2,"description, title, options"
7b13d839-46cb-4c07-a3d1-aa33b9c94987,Indulge in a Relaxing Spa Experience at Bella Wellness Center,Beauty & Spas,Madrid,0.015618,3,21,48,True,10,generic_experience_best,25,specific_long,10,2,1,"description, options, title"
feeba56d-39f3-4b2d-b638-318d22e4d3f7,An Experience You Won't Forget at Urban Activities,Things to Do,Birmingham,0.019186,1,30,48,True,12,generic_dont_miss,22,specific_medium,0,10,4,"description, title, options"
143db58b-bb16-4c17-ba46-8c16811fa62c,Amazing Hotel Getaway at Grand Retreat,Travel,Madrid,0.027026,3,177,48,True,18,generic_looking_for,8,generic,10,10,2,"description, title, options"
ecc34669-2690-4222-b4d2-6a3c741bcae8,Amazing Deal on Must-Have Products,Retail,Barcelona,0.01849,2,13,48,True,11,generic_opportunity,18,specific_short,5,10,4,"description, title, options"
aa628716-4f23-4f13-a3f1-205d3723f9e9,Incredible Vehicle Service at FastLane Auto Spa,Automotive,Madrid,0.01933,3,44,48,True,18,generic_looking_for,8,generic,10,10,2,"description, title, options"
6197349f-86d4-4810-abbd-25206dcb195b,Revitalize Your Look w/ Amazing Services at Pearl Beauty Studio,Beauty & Spas,San Francisco,0.014102,1,97,48,True,10,generic_experience_best,25,specific_long,0,10,3,"description, title, options"
010702e4-97c4-4852-8d9f-d59b6d5559f3,Shop Smart & Save Big,Retail,Barcelona,0.037125,4,56,48,True,11,generic_opportunity,8,generic,17,10,2,"description, title, options"
5c3501f6-8a28-43fa-b39e-4b527972f2eb,Boost Your Health w/ Fantastic Services at Genesis Health Center,Health & Fitness,Boston,0.017546,1,63,48,True,9,generic_save_on,25,specific_long,0,10,4,"description, title, options"
30d1dc72-db14-4dba-8372-d8d1169be98c,Look & Feel Your Best at Velvet Wellness Center,Beauty & Spas,Seattle,0.01463,1,77,48,True,13,generic_highly_rated,22,specific_medium,0,10,3,"description, title, options"
ca060bbc-6028-4d5a-a823-fd8309469fa3,Top-Rated Vehicle Service at Midas Tire & Auto,Automotive,London,0.016438,2,88,48,True,10,generic_experience_best,22,specific_medium,5,10,1,"description, title, options"
efd9bea0-727b-4604-a20d-d97be50d79fa,A Wonderful Retreat at Monterey Lodge,Travel,Houston,0.013647,2,306,48,True,12,generic_dont_miss,18,specific_short,5,10,3,"description, title, options"
6a04f037-93ed-4bde-95b0-9a37343c6813,Start Your Fitness Journey at Wellness Chiropractic,Health & Fitness,Houston,0.008052,2,58,48,True,16,generic_treat_yourself,22,specific_medium,5,2,3,"description, options, title"
79523b5c-bc4d-418c-a59e-4f30b8e096a4,Fantastic Fun Day Out at Wildcard Adventures,Things to Do,Manchester,0.030672,5,69,49,True,9,generic_save_on,8,generic,20,10,2,"description, title, options"
8c8e4fc7-fbe6-4a3c-ac94-4a5afbf01924,Revitalize Your Look w/ Amazing Services at Glow Beauty Bar,Beauty & Spas,Dallas,0.014534,2,69,49,True,9,generic_save_on,22,specific_medium,5,10,3,"description, title, options"
55cb34a9-2abb-451f-9430-cb9959f491c5,Keep Your Home in Top Shape w/ Platinum Cleaning Co.,Home Services,Seattle,0.017118,2,104,49,True,9,generic_save_on,22,specific_medium,5,10,3,"description, title, options"
5324a19b-4fc0-41f1-811b-e9844fd076f6,Your Dream Getaway at Lakeside Hotel & Spa,Travel,Madrid,0.013558,2,114,49,True,12,generic_dont_miss,22,specific_medium,5,6,4,"description, options, title"
7e89b10b-76dc-49b6-ba8c-954a42e0a19a,Food Lovers' Delight at Copper Tavern,Food & Drink,New York,0.014572,2,40,49,True,12,generic_dont_miss,18,specific_short,5,10,4,"description, title, options"
050d34ab-f888-4335-84d5-08c2d77b22dd,Amazing Auto Service at DriveClean Auto Care,Automotive,Miami,0.037429,4,70,49,True,13,generic_highly_rated,8,generic,17,10,1,"description, title, options"
b3b809e1-013e-494c-817e-f59a304cb445,Incredible Escape at Riviera Retreat,Travel,Manchester,0.02702,4,163,50,True,12,generic_dont_miss,8,generic,17,10,3,"description, title, options"
c626a1ae-dd53-4544-8987-aa257cc20ca4,Drive w/ Confidence After Visiting QuickLube Motor Works,Automotive,Chicago,0.012792,2,79,50,True,12,generic_dont_miss,22,specific_medium,5,10,1,"description, title, options"
71ce6460-5cb5-48b2-bae5-545788dfe037,Create Lasting Memories at Starlight Adventures,Things to Do,London,0.042827,4,65,50,True,14,generic_great_way,8,generic,17,10,1,"description, title, options"
2f1574aa-54b1-473f-9cea-ac20815f520c,Refresh & Renew at Sapphire Spa,Beauty & Spas,Manchester,0.021084,3,94,50,True,9,generic_save_on,18,specific_short,10,10,3,"description, title, options"
1f5afcae-01bf-4eb2-aa98-aa93327df4a3,Transform Your Skin w/ Professional Care at Glow Wellness Center,Beauty & Spas,London,0.015325,1,41,50,True,13,generic_highly_rated,25,specific_long,0,10,2,"description, title, options"
a2765b9a-63f5-484c-bca7-15b786d62131,Wonderful Selection at Unbeatable Prices,Retail,Birmingham,0.016,5,22,50,True,10,generic_experience_best,8,generic,20,10,2,"description, title, options"
1f2aec9e-b0a8-4481-b20b-db95b0eabbab,Incredible Savings on Home Services at AllStar Home Services,Home Services,New York,0.044748,4,159,50,True,13,generic_highly_rated,8,generic,17,10,2,"description, title, options"
56f7e8be-bd71-44be-89af-09d42fbcd5c9,Incredible Meal for Two at Silver Bistro,Food & Drink,Dallas,0.025728,4,62,50,True,14,generic_great_way,8,generic,17,10,1,"description, title, options"
bb622968-062b-481a-9fe9-be658f27e6b1,A Healthier You Starts at Zenith Med Center,Health & Fitness,Los Angeles,0.028672,2,58,50,True,9,generic_save_on,22,specific_medium,5,10,4,"description, title, options"
1c9824e8-6480-40dd-a3b6-8b6a4cd5e340,Food Lovers' Delight at Silver BBQ,Food & Drink,Dallas,0.020609,3,23,50,True,9,generic_save_on,18,specific_short,10,10,3,"description, title, options"
d20f3bb5-5328-4299-b390-f65d6b23c1e5,Feel Your Best at Summit Dental,Health & Fitness,Miami,0.009431,2,47,51,True,16,generic_treat_yourself,18,specific_short,5,10,2,"description, title, options"
0fedd796-fb71-4f9e-8522-ab37dbc13c4b,Look & Feel Your Best at Orchid Beauty Bar,Beauty & Spas,Chicago,0.013967,2,31,51,True,11,generic_opportunity,22,specific_medium,5,10,3,"description, title, options"
c49f687f-174c-4519-9224-c08df9c469e6,Best Vacation Deal at Golden Gate Lodge,Travel,Miami,0.041887,4,183,51,True,13,generic_highly_rated,8,generic,17,10,3,"description, title, options"
ff77950e-5bcb-47f1-843d-375239c64406,Unforgettable Fun at Panorama Activities,Things to Do,Birmingham,0.010952,2,46,51,True,10,generic_experience_best,22,specific_medium,5,10,4,"description, title, options"
1839add7-a910-460f-9bf3-3de03a95ff7c,Top Picks for Every Budget,Retail,Miami,0.056826,4,55,51,True,14,generic_great_way,8,generic,17,10,2,"description, title, options"
60f77cf8-0994-4230-a5ee-bdace81a51a8,Fantastic Food & Drinks at Blue BBQ,Food & Drink,Birmingham,0.021459,4,43,51,True,13,generic_highly_rated,8,generic,17,10,3,"description, title, options"
be7dea7b-7ccb-423a-a88c-d437d788cafa,Best Vacation Deal at Riviera Retreat,Travel,Miami,0.026338,5,116,52,True,11,generic_opportunity,8,generic,20,10,3,"description, title, options"
9fe18a00-5aac-4805-a25c-1d10b92deab2,Indulge in a Relaxing Spa Experience at Serene Day Spa,Beauty & Spas,Barcelona,0.01773,2,65,52,True,16,generic_treat_yourself,22,specific_medium,5,6,3,"description, options, title"
3de65754-1204-4c72-b15d-de78ddd38ccf,Make Your Weekend Special at Freefall Adventures,Things to Do,Manchester,0.038739,4,30,52,True,14,generic_great_way,8,generic,17,10,3,"description, title, options"
3f593d02-5b9c-4550-8c51-7157c5809bda,Amazing Auto Service at AutoShine Auto Center,Automotive,Dallas,0.029192,4,59,52,True,13,generic_highly_rated,8,generic,17,10,4,"description, title, options"
813eaed4-5381-4151-8f01-d1f4640f4470,Top-Rated Vehicle Service at RoadReady Auto Center,Automotive,Madrid,0.033616,4,30,52,True,10,generic_experience_best,22,specific_medium,17,2,1,"description, options, title"
261e765d-6015-4628-8deb-fb6f8c566292,Start Your Fitness Journey at Eclipse Performance Lab,Health & Fitness,Miami,0.026436,3,28,52,True,9,generic_save_on,22,specific_medium,10,10,1,"description, title, options"
d870946d-263b-44b2-ae51-020a2faec13c,Amazing Auto Service at MasterMech Motor Works,Automotive,Barcelona,0.044495,4,70,52,True,14,generic_great_way,8,generic,17,10,3,"description, title, options"
a4b1b8a0-e347-4756-a409-900c32902c76,Your Dream Getaway at Lakeside Hotel & Spa,Travel,Boston,0.031559,3,263,53,True,10,generic_experience_best,22,specific_medium,10,10,1,"description, title, options"
809f25d7-b569-4f0d-88b4-a75ec8b827d1,Trusted Service from Shield Care,Home Services,Chicago,0.018239,3,52,53,True,11,generic_opportunity,18,specific_short,10,10,4,"description, title, options"
f88f4fd5-2caf-4d31-a8b5-dfe10e3f5fd4,Shop Smart & Save Big,Retail,Los Angeles,0.047241,4,27,53,True,14,generic_great_way,8,generic,17,10,4,"description, title, options"
60ebb2ab-2cc6-455d-a7b8-ddbd1f6a9107,Keep Your Car Running Great at Midas Motor Works,Automotive,Manchester,0.020142,2,42,53,True,12,generic_dont_miss,22,specific_medium,5,10,4,"description, title, options"
38dcc5a0-c4d1-489c-8431-c556b03c27ad,Pamper Yourself w/ Luxurious Treatments at Radiant Day Spa,Beauty & Spas,Houston,0.019579,2,38,53,True,12,generic_dont_miss,22,specific_medium,5,10,4,"description, title, options"
54042eac-9acc-4718-af2b-6728ef4ee3b9,Amazing Hotel Getaway at Napa Retreat,Travel,Madrid,0.027758,4,174,53,True,16,generic_treat_yourself,8,generic,17,10,2,"description, title, options"
cd39fe72-eafc-47e4-82ed-1886421c650f,Unforgettable Fun at Summit Adventures,Things to Do,Dallas,0.036114,3,31,53,True,10,generic_experience_best,18,specific_short,10,10,5,"description, title, options"
2caad6db-eb19-45df-bb5a-09e5182c05ac,Your Dream Getaway at Harbor Lodge,Travel,Houston,0.008678,2,85,53,True,16,generic_treat_yourself,18,specific_short,5,10,4,"description, title, options"
f8b352d5-878d-4eed-984f-47dcaf3df1ee,Drive w/ Confidence After Visiting TopGear Service Center,Automotive,Miami,0.01141,2,12,53,True,13,generic_highly_rated,22,specific_medium,5,10,3,"description, title, options"
0b62a96d-79d5-4d3e-bdf1-1fd37f59b69c,Best Deal on Premium Products,Retail,Manchester,0.021366,3,35,53,True,13,generic_highly_rated,18,specific_short,10,10,2,"description, title, options"
f75ba083-29cf-4e05-8496-34e32ae87e5d,Amazing Deal on Must-Have Products,Retail,London,0.016223,3,37,53,True,10,generic_experience_best,18,specific_short,10,10,5,"description, title, options"
fbfe07c0-c8dd-46d6-b5d7-d4576c6e1c2a,Enjoy a Night Out at Silver Cafe,Food & Drink,London,0.047992,4,53,53,True,12,generic_dont_miss,18,specific_short,17,2,4,"description, options, title"
d3d59cdf-2818-4317-b302-d6c39f517479,Unforgettable Fun at Epic Cruises,Things to Do,Seattle,0.013527,2,45,53,True,16,generic_treat_yourself,18,specific_short,5,10,4,"description, title, options"
f5f441bd-21a9-484b-aaa1-b66e55b47cab,Take Charge of Your Health at Nova Family Dentistry,Health & Fitness,New York,0.02593,2,42,53,True,12,generic_dont_miss,22,specific_medium,5,10,4,"description, title, options"
a56324f0-25db-41e9-beb7-ccc089588b4a,Wonderful Culinary Experience at Marco's Trattoria,Food & Drink,Birmingham,0.04188,5,10,54,True,13,generic_highly_rated,8,generic,20,10,3,"description, title, options"
4804405b-dc11-4ee9-a762-eff8465406ce,Explore & Enjoy at City Tours,Things to Do,Houston,0.05176,4,35,54,True,16,generic_treat_yourself,8,generic,17,10,3,"description, title, options"
b1b1ccb8-b533-4a03-90a9-2e47417cdf27,Unforgettable Fun at Wildcard Experiences,Things to Do,Seattle,0.006126,2,30,54,True,14,generic_great_way,22,specific_medium,5,10,3,"description, title, options"
3c76a314-fdc9-4902-bf91-554b612ca45f,Ultimate Pampering Session at Serene Scalp Care Spa,Beauty & Spas,Miami,0.01883,2,43,54,True,13,generic_highly_rated,22,specific_medium,5,10,4,"description, title, options"
51301064-79c0-4b9e-95d4-22c29bce6f50,Professional Care for Your Home at Elite Care,Home Services,Barcelona,0.021143,3,44,54,True,14,generic_great_way,22,specific_medium,10,6,2,"description, options, title"
995e9803-331e-4992-b1a0-278563caa536,Top Picks for Every Budget,Retail,Seattle,0.035907,5,31,54,True,13,generic_highly_rated,8,generic,20,10,3,"description, title, options"
729b092b-3c69-4101-9f4a-c0d49b497fa9,Treat Your Taste Buds at Sage Smokehouse,Food & Drink,Seattle,0.023076,3,26,55,True,10,generic_experience_best,22,specific_medium,10,10,3,"description, title, options"
09a2a36f-8b27-4610-b693-ba2a6d17f5d0,Relax & Unwind at Golden Gate Resort,Travel,Boston,0.014905,3,155,55,True,12,generic_dont_miss,18,specific_short,10,10,5,"description, title, options"
418a372b-f49a-4a57-a9fa-77d22bca76f1,Savor Delicious Flavors at Red BBQ,Food & Drink,Dallas,0.031883,4,13,55,True,13,generic_highly_rated,18,specific_short,17,6,1,"description, title, options"
2a7d2c40-0b5c-4670-a8a3-dfad27a9ccf5,Taste the Best of Barcelona at Silver Kitchen,Food & Drink,Barcelona,0.02249,3,45,55,True,12,generic_dont_miss,22,specific_medium,10,10,1,"description, title, options"
5c314d6c-ec20-47ba-8a3a-39cf822d297b,Fantastic Savings on Top-Rated Items,Retail,London,0.042783,4,29,55,True,9,generic_save_on,18,specific_short,17,10,1,"description, title, options"
3accde79-b88e-47cc-9f2c-6ec84710f35f,Premium Home Maintenance at TruGuard Care,Home Services,London,0.012063,2,82,55,True,16,generic_treat_yourself,22,specific_medium,5,10,2,"description, title, options"
2e4135b9-5b70-4182-97ea-9a0118b094e4,Your Dream Getaway at Mountain Resort,Travel,Denver,0.023696,3,202,55,True,16,generic_treat_yourself,18,specific_short,10,10,1,"description, title, options"
e4dd152c-6bc2-4411-ab7f-9e77bab4960a,Keep Your Home in Top Shape w/ AllStar Services,Home Services,Manchester,0.032421,3,98,55,True,10,generic_experience_best,22,specific_medium,10,10,3,"description, title, options"
7ecdf12d-e94e-4c93-86da-f491310b7e6b,Keep Your Car Running Great at Midas Car Wash & Detail,Automotive,Dallas,0.027545,3,91,55,True,11,generic_opportunity,22,specific_medium,10,10,2,"description, title, options"
23b38b91-3a23-45aa-8ed6-0d868ba79129,Best Deal on Premium Products,Retail,Chicago,0.038492,5,34,55,True,14,generic_great_way,18,specific_short,20,2,1,"description, options, title"
ca7084ff-c1b6-4bbf-9e1a-0644fd6847dc,Treat Yourself to a Premium Beauty Service at Luxe Scalp Care Spa,Beauty & Spas,Madrid,0.018401,2,110,55,True,12,generic_dont_miss,25,specific_long,5,10,3,"description, title, options"
6869f05b-6c7d-44eb-bc37-ac1d7aa98b37,Pamper Yourself w/ Luxurious Treatments at Crystal Wellness Center,Beauty & Spas,New York,0.015419,1,99,55,True,16,generic_treat_yourself,25,specific_long,0,10,4,"description, title, options"
10f12daa-a38b-4e9d-a646-31095c25cf25,Unforgettable Fun at Freefall Activities,Things to Do,Seattle,0.01285,2,52,55,True,13,generic_highly_rated,22,specific_medium,5,10,5,"description, title, options"
b46722ec-7680-4dc6-9aa7-ca48a442f908,Incredible Vehicle Service at DriveClean Garage,Automotive,San Francisco,0.032309,5,52,55,True,13,generic_highly_rated,8,generic,20,10,4,"description, title, options"
18e3f89a-6d38-4b4c-b69e-1e92712a67a7,Amazing Home Service at BrightHome Maintenance,Home Services,San Francisco,0.038531,4,81,55,True,18,generic_looking_for,8,generic,17,10,2,"description, title, options"
aa59e00f-b7c9-4d65-9cd9-0bdd406329ba,Revitalize Your Look w/ Amazing Services at Pearl Wellness Center,Beauty & Spas,New York,0.011436,2,70,55,True,12,generic_dont_miss,25,specific_long,5,10,3,"description, title, options"
8e3ae692-6f79-4563-b133-011189f544a9,Amazing Deal on Must-Have Products,Retail,Boston,0.019396,3,20,56,True,14,generic_great_way,18,specific_short,10,10,4,"description, title, options"
a9fbefe5-8bdd-46d2-8233-6b31d446785e,Wonderful Adventure Awaits at Thrill Experiences,Things to Do,Seattle,0.024609,4,56,56,True,18,generic_looking_for,8,generic,17,10,3,"description, title, options"
71ea881d-9f3f-4ee4-88a5-82f5e0c1e9b4,Food Lovers' Delight at Fig & Honey Steakhouse,Food & Drink,London,0.0143,2,20,56,True,16,generic_treat_yourself,22,specific_medium,5,10,3,"description, title, options"
924396a4-346c-45a7-907f-c2b319f7ce3a,Refresh & Renew at Glow Day Spa,Beauty & Spas,New York,0.031772,4,66,56,True,10,generic_experience_best,18,specific_short,17,10,1,"description, title, options"
1a49ed5a-4a1c-4ea1-a028-65b1500f0df1,Premium Home Maintenance at HomeFirst Cleaning Co.,Home Services,Seattle,0.017499,3,99,56,True,12,generic_dont_miss,22,specific_medium,10,10,2,"description, title, options"
7ec5a24f-0f8b-422f-9002-ca33aedfce27,Incredible Gift Ideas for Any Occasion,Retail,Seattle,0.016918,3,30,56,True,13,generic_highly_rated,18,specific_short,10,10,5,"description, title, options"
ad0624e8-8456-459e-97b5-a5ae95d1b175,Treat Yourself to a Premium Beauty Service at Pearl Spa,Beauty & Spas,Manchester,0.017378,3,74,56,True,11,generic_opportunity,22,specific_medium,10,10,3,"description, title, options"
3905f29d-6d0c-4095-886f-bf33e0decfb0,Amazing Hotel Getaway at Royal Resort,Travel,Dallas,0.043642,4,350,56,True,18,generic_looking_for,8,generic,17,10,3,"description, title, options"
212e8cc0-e5c3-4681-a66e-6a7eefee9868,Taste the Best of Los Angeles at Fig & Honey Cafe,Food & Drink,Los Angeles,0.018085,2,11,56,True,16,generic_treat_yourself,22,specific_medium,5,10,3,"description, title, options"
43651c4f-71ea-4557-8bdc-b4c2979a1484,Savor Delicious Flavors at Iron Bistro,Food & Drink,New York,0.051245,4,44,56,True,10,generic_experience_best,18,specific_short,17,10,1,"description, title, options"
3e501d66-1b2c-4f4c-a066-d970c1431228,Feel Your Best at Pinnacle Dental,Health & Fitness,Boston,0.015677,3,70,56,True,14,generic_great_way,18,specific_short,10,10,4,"description, title, options"
333ca3c5-c2c0-4e25-8e6b-d15a3a20a2a5,Fantastic Professional Service at AllStar Services,Home Services,Dallas,0.036973,5,108,56,True,14,generic_great_way,8,generic,20,10,4,"description, title, options"
ff6ec3a5-b9aa-4992-acf4-dbee200a2828,Indulge in a Relaxing Spa Experience at Opulent Wellness Center,Beauty & Spas,Dallas,0.028111,3,39,56,True,9,generic_save_on,25,specific_long,10,10,2,"description, title, options"
ea045875-5791-408d-a005-af5d8a9f4c8c,Professional Care for Your Home at HomeFirst Maintenance,Home Services,Chicago,0.017871,2,74,56,True,16,generic_treat_yourself,22,specific_medium,5,10,3,"description, title, options"
a2a4ce1e-4023-417b-b418-7bbedc55f4a6,Feel Your Best at Apex Chiropractic,Health & Fitness,Boston,0.017871,3,86,57,True,16,generic_treat_yourself,18,specific_short,10,10,3,"description, title, options"
4e3811d8-6b00-46a2-a13b-e9b02ebf52ad,Taste the Best of London at Golden Cafe,Food & Drink,London,0.048484,5,55,57,True,13,generic_highly_rated,18,specific_short,20,2,4,"description, options, title"
7e4b602c-1ae9-4822-9fd9-f128f8ca8d4d,Revitalize Your Look w/ Amazing Services at Zen Skin Lounge,Beauty & Spas,Barcelona,0.019443,3,62,57,True,14,generic_great_way,22,specific_medium,10,10,1,"description, title, options"
a0be343f-1ee5-4a48-900e-011c91381af0,Treat Your Taste Buds at Olive Cafe,Food & Drink,New York,0.020826,3,18,57,True,18,generic_looking_for,18,specific_short,10,10,1,"description, title, options"
e5ff6392-4201-47a9-89f6-e8cfdc98f325,Unwind w/ a Wonderful Relaxation Package at Lotus Spa,Beauty & Spas,Chicago,0.02969,3,72,58,True,13,generic_highly_rated,22,specific_medium,10,10,3,"description, title, options"
0f94a73e-c401-4d7f-95c6-ffcc923c5caf,Refresh & Renew at Bliss Skin Lounge,Beauty & Spas,Boston,0.050169,4,93,58,True,11,generic_opportunity,18,specific_short,17,10,2,"description, title, options"
982135f8-bce4-400e-93b1-ca4c9550df20,Refresh & Renew at Aura Spa,Beauty & Spas,Dallas,0.043144,4,47,58,True,10,generic_experience_best,18,specific_short,17,10,3,"description, title, options"
e2c08629-c85e-4e6e-8bce-1c9b47008c5b,Restore & Recharge at Vitality Dental,Health & Fitness,Chicago,0.037258,4,35,58,True,11,generic_opportunity,18,specific_short,17,10,2,"description, title, options"
e4dc18df-8843-4c66-9b23-10478696405c,Trusted Service from Platinum Pros,Home Services,Los Angeles,0.020517,3,112,58,True,18,generic_looking_for,18,specific_short,10,10,2,"description, title, options"
a740c39a-b6e2-42fa-953f-34c537eec671,Fantastic Car Care at AutoShine Auto Care,Automotive,London,0.044672,4,39,58,True,18,generic_looking_for,8,generic,17,10,5,"description, title, options"
f28cfce1-e660-4a1a-8f35-1853ce7b6433,Your Dream Getaway at Grand Retreat,Travel,Denver,0.042801,4,57,59,True,10,generic_experience_best,18,specific_short,17,10,4,"description, title, options"
cd8b806d-d5c5-4206-a3df-e38c5030b4ce,Enjoy a Night Out at Rustic BBQ,Food & Drink,Denver,0.029862,5,29,59,True,11,generic_opportunity,18,specific_short,20,6,4,"description, title, options"
9943f469-1b3d-4340-b88c-8210c5f82a6e,Keep Your Home in Top Shape w/ TopNotch Experts,Home Services,Birmingham,0.027176,3,109,59,True,14,generic_great_way,22,specific_medium,10,10,3,"description, title, options"
1f199ac6-f65d-4bc2-8bfd-f00a0fe3673f,Your Dream Getaway at Grand Suites,Travel,Birmingham,0.048917,4,181,59,True,11,generic_opportunity,18,specific_short,17,10,3,"description, title, options"
617383dd-a945-499e-aff3-259747ac3ddc,Unforgettable Fun at Wildcard Experiences,Things to Do,Denver,0.021313,3,30,59,True,12,generic_dont_miss,22,specific_medium,10,10,5,"description, title, options"
c8848569-86ec-4fdb-ba43-8a644005a681,Premium Home Maintenance at Platinum Solutions,Home Services,San Francisco,0.022841,3,139,59,True,14,generic_great_way,22,specific_medium,10,10,3,"description, title, options"
23873a1f-0d76-465b-ae31-b8144cb6ac37,Indulge in a Relaxing Spa Experience at Sapphire Skin Lounge,Beauty & Spas,San Francisco,0.01559,2,63,59,True,18,generic_looking_for,25,specific_long,5,10,1,"description, title, options"
027ad195-ddd1-428d-8507-94fe13b84527,Refresh & Renew at Velvet Aesthetics,Beauty & Spas,London,0.025418,4,42,60,False,12,generic_dont_miss,18,specific_short,17,10,3,"description, title, options"
b74d1091-a8a7-4df9-a383-da889ec89741,Trusted Service from FirstRate Cleaning Co.,Home Services,Miami,0.02147,3,40,60,False,14,generic_great_way,22,specific_medium,10,10,4,"description, title, options"
6f86559f-d8dd-4757-99f4-c1963f312caf,Top-Rated Vehicle Service at RoadReady Car Wash & Detail,Automotive,Seattle,0.046285,5,57,60,False,9,generic_save_on,22,specific_medium,20,6,3,"description, options, title"
26084675-1a28-4286-a2dd-97ea966f60e5,Glow Up w/ Services at Aura Day Spa,Beauty & Spas,Houston,0.033599,4,48,60,False,12,generic_dont_miss,18,specific_short,17,10,3,"description, title, options"
c1a3aa65-2497-4f1d-9165-d822a776d12c,Revitalize Your Look w/ Amazing Services at Opulent Day Spa,Beauty & Spas,London,0.025952,3,44,60,False,14,generic_great_way,22,specific_medium,10,10,4,"description, title, options"
444b0c04-be5c-4786-95f2-10ddd6a794fd,A Meal to Remember at Sofia's Tavern,Food & Drink,Birmingham,0.040623,4,10,60,False,12,generic_dont_miss,18,specific_short,17,10,3,"description, title, options"
1b3bd0cf-fa19-450f-ab87-a0a4f0abb025,Boost Your Health w/ Fantastic Services at Peak Fitness Studio,Health & Fitness,Dallas,0.017927,3,124,60,False,12,generic_dont_miss,25,specific_long,10,10,3,"description, title, options"
cdb3ca52-13ed-40f7-a731-f36fcb845bf8,Experience Premium Wellness at Meridian Wellness Clinic,Health & Fitness,Birmingham,0.019065,3,130,61,False,18,generic_looking_for,22,specific_medium,10,10,1,"description, title, options"
045ee070-ea47-4328-b550-94d8c292453f,Transform Your Skin w/ Professional Care at Crystal Skin Lounge,Beauty & Spas,Madrid,0.026662,3,58,61,False,13,generic_highly_rated,25,specific_long,10,10,3,"description, title, options"
188553aa-f0f9-4b76-9de0-71eb8f464ab5,Pamper Yourself w/ Luxurious Treatments at Aura Salon,Beauty & Spas,Los Angeles,0.028631,3,112,61,False,16,generic_treat_yourself,22,specific_medium,10,10,3,"description, title, options"
ae1d0430-088d-4230-8adc-4a61dec10a90,Boost Your Health w/ Fantastic Services at Nova Family Dentistry,Health & Fitness,London,0.019034,2,45,61,False,16,generic_treat_yourself,25,specific_long,5,10,5,"description, title, options"
85a75edc-ac4d-45f1-9244-cd3141dca67d,Relax & Unwind at Royal Hotel & Spa,Travel,Denver,0.038008,5,348,61,False,10,generic_experience_best,18,specific_short,20,10,3,"description, title, options"
29cd96e1-5a7e-43e2-aca8-489351cd6206,Keep Your Home in Top Shape w/ ProClean Services,Home Services,Birmingham,0.02072,4,108,61,False,16,generic_treat_yourself,22,specific_medium,17,2,4,"description, options, title"
155d9293-c0fe-4db7-8581-4ebca9f122cf,Fantastic Savings on Top-Rated Items,Retail,Madrid,0.035671,4,10,61,False,14,generic_great_way,18,specific_short,17,10,2,"description, title, options"
5268b4ef-32f4-48a8-a065-29efd8d45b2d,Treat Your Taste Buds at Red Trattoria,Food & Drink,Seattle,0.046088,4,15,61,False,12,generic_dont_miss,18,specific_short,17,10,4,"description, title, options"
873707bb-694d-4417-bda1-3336071bf0a7,A Healthier You Starts at Apex Fitness Studio,Health & Fitness,Denver,0.025552,3,95,62,False,16,generic_treat_yourself,22,specific_medium,10,10,4,"description, title, options"
2f851243-04a1-40e8-96c1-7b8efc5f91a3,Take Charge of Your Health at Renew Med Center,Health & Fitness,Chicago,0.019548,3,57,62,False,16,generic_treat_yourself,22,specific_medium,10,10,4,"description, title, options"
fb38719c-ae40-4ccd-bc34-0aa82bc548a9,Premium Home Maintenance at SafeGuard Care,Home Services,Dallas,0.039001,4,49,62,False,10,generic_experience_best,22,specific_medium,17,10,3,"description, title, options"
acf6892e-7cc5-47dd-8ef3-0a89c991427b,Keep Your Car Running Great at QuickLube Auto Care,Automotive,Dallas,0.019507,3,63,62,False,18,generic_looking_for,22,specific_medium,10,10,2,"description, title, options"
469f6d69-8d60-4bee-abb2-3379fcfa5cc6,Top-Rated Vehicle Service at MotorCraft Auto Center,Automotive,New York,0.033624,4,30,62,False,10,generic_experience_best,22,specific_medium,17,10,3,"description, title, options"
4f8c8e0e-979a-48ce-9dda-9ea765c383c4,Feel Your Best at Vitality Dental,Health & Fitness,Manchester,0.020282,5,128,63,False,13,generic_highly_rated,18,specific_short,20,10,2,"description, title, options"
02d09417-209d-4a91-9079-f3d410fd624b,Dine & Unwind at Iron Trattoria,Food & Drink,London,0.033858,4,13,63,False,13,generic_highly_rated,18,specific_short,17,10,5,"description, title, options"
185b7459-eb0a-4803-a595-f185e86fb3e6,Taste the Best of Houston at Marco's Cafe,Food & Drink,Houston,0.01585,3,44,63,False,18,generic_looking_for,22,specific_medium,10,10,3,"description, title, options"
1d2a317c-f6c9-40d8-98c7-1e2a0c4b1e8c,Relax & Unwind at Grand Resort,Travel,Denver,0.047232,4,207,63,False,14,generic_great_way,18,specific_short,17,10,4,"description, title, options"
9a46c3d8-d74d-4f0a-b16d-3937ffb141a8,Drive w/ Confidence After Visiting SpeedWay Motor Works,Automotive,London,0.073436,4,33,63,False,12,generic_dont_miss,22,specific_medium,17,10,2,"description, title, options"
7423881d-8bf9-4564-a418-04ae8af3d423,Glow Up w/ Services at Crystal Aesthetics,Beauty & Spas,London,0.038343,5,10,64,False,10,generic_experience_best,22,specific_medium,20,10,2,"description, title, options"
7c765ecb-e12b-4d43-ad86-f249a9ca99ba,Revitalize Your Look w/ Amazing Services at Sapphire Beauty Bar,Beauty & Spas,Los Angeles,0.023428,4,48,64,False,10,generic_experience_best,25,specific_long,17,10,2,"description, title, options"
5ad9513c-b1aa-4508-a2be-e86fa96b86ce,Drive w/ Confidence After Visiting SpeedWay Service Center,Automotive,London,0.030922,4,60,65,False,13,generic_highly_rated,22,specific_medium,17,10,3,"description, title, options"
fe3d7b38-d98b-4ef5-9135-81c2f0cf6afd,Transform Your Skin w/ Professional Care at Velvet Aesthetics,Beauty & Spas,Chicago,0.037747,5,84,65,False,12,generic_dont_miss,25,specific_long,20,6,2,"description, options, title"
d142a7f4-62b1-433f-b608-f45cb7ee3e43,Unwind w/ a Wonderful Relaxation Package at Glow Spa,Beauty & Spas,Houston,0.031591,5,116,65,False,9,generic_save_on,22,specific_medium,20,10,4,"description, title, options"
79018f13-39ad-4330-84f9-3631d371c441,Trusted Service from Spotless Experts,Home Services,Seattle,0.050137,5,70,65,False,16,generic_treat_yourself,18,specific_short,20,10,1,"description, title, options"
a8c36e14-65e8-41e5-b0e4-1bf26f770460,An Experience You Won't Forget at Thrill Fun Zone,Things to Do,Madrid,0.034653,4,36,65,False,14,generic_great_way,22,specific_medium,17,10,2,"description, title, options"
e9a6f97f-1561-41ea-b08a-969c09679eb5,Smart Watch — Fitness Tracker w/ Heart Rate Monitor,Retail,London,0.032472,1,19,66,False,40,structured_what_we_offer,22,specific_medium,0,2,2,"options, title, description"
32fe508e-fce9-4b63-96c5-674c9eb57570,Trusted Service from BrightHome Solutions,Home Services,Seattle,0.03192,5,25,66,False,16,generic_treat_yourself,22,specific_medium,20,6,2,"description, options, title"
c3d9554f-0937-4726-ad9e-b6dd80be8810,Unwind w/ a Wonderful Relaxation Package at Glow Scalp Care Spa,Beauty & Spas,Houston,0.033225,5,44,66,False,18,generic_looking_for,25,specific_long,20,2,1,"description, options, title"
5c97063f-1fea-4cea-8066-e617d9afeade,Restore & Recharge at Peak Fitness Studio,Health & Fitness,London,0.043802,4,171,66,False,14,generic_great_way,22,specific_medium,17,10,3,"description, title, options"
90b6b2f5-3dce-46e6-b1c4-eb6f9d625160,An Experience You Won't Forget at Adventure Adventures,Things to Do,Miami,0.050884,4,42,66,False,13,generic_highly_rated,22,specific_medium,17,10,4,"description, title, options"
e9f25955-749c-4264-a8f4-0b16319b9aca,Keep Your Car Running Great at ProTech Auto Care,Automotive,San Francisco,0.0343,5,51,67,False,11,generic_opportunity,22,specific_medium,20,10,4,"description, title, options"
104256f4-7dae-4e21-ad0c-a74474f35659,Amazing Deal on Must-Have Products,Retail,Madrid,0.048714,5,52,67,False,16,generic_treat_yourself,18,specific_short,20,10,3,"description, title, options"
0e026c60-9e97-4f83-a53f-f35be5459ebb,Professional Care for Your Home at SafeGuard Cleaning Co.,Home Services,Boston,0.021083,4,118,67,False,13,generic_highly_rated,22,specific_medium,17,10,5,"description, title, options"
8906b01d-9ad7-4521-8ec5-fed99ae305c8,Dine & Unwind at Rustic Brasserie,Food & Drink,Denver,0.04526,5,26,68,False,18,generic_looking_for,18,specific_short,20,10,2,"description, title, options"
8d8f1ca3-509b-49cf-8621-fae42619fdd1,Take Charge of Your Health at Thrive Dental,Health & Fitness,Houston,0.023638,5,69,68,False,12,generic_dont_miss,22,specific_medium,20,10,4,"description, title, options"
d94bb39f-843c-4ac6-9a93-7dbabd1314ed,Phentermine Weight-Loss Program w/ Consultation at Peak Med Center,Health & Fitness,Chicago,0.047453,1,56,69,False,40,structured_what_we_offer,25,specific_long,0,2,2,"options, description, title"
33e7e989-62a3-44ea-817f-e0b6b724c06f,Professional Care for Your Home at HomeFirst Services,Home Services,Madrid,0.041387,4,56,69,False,18,generic_looking_for,22,specific_medium,17,10,2,"description, title, options"
6e9cfa4c-3922-4533-8275-16ce89c8dca8,3 or 5 Acupuncture Sessions w/ Initial Consultation at Genesis Health Center,Health & Fitness,London,0.021028,1,119,69,False,40,structured_what_we_offer,25,specific_long,0,2,2,"options, description, title"
8f33fc11-1d49-40d6-aa66-696885135d1b,An Experience You Won't Forget at Freefall Fun Zone,Things to Do,Manchester,0.027174,4,14,69,False,16,generic_treat_yourself,22,specific_medium,17,10,4,"description, title, options"
e2406ccc-4148-4ce3-896b-2362e95d7c9b,Drive w/ Confidence After Visiting RoadReady Auto Spa,Automotive,Barcelona,0.062287,4,41,70,False,18,generic_looking_for,22,specific_medium,17,10,3,"description, title, options"
bc4a28b5-11dc-4287-a734-e3a77d571cd3,Premium Home Maintenance at HomeFirst Maintenance,Home Services,San Francisco,0.029171,5,121,70,False,13,generic_highly_rated,22,specific_medium,20,10,5,"description, title, options"
2361d9fa-2e25-4202-9383-1fa701b6f246,Transform Your Skin w/ Professional Care at Bella Med Spa,Beauty & Spas,San Francisco,0.049075,5,27,71,False,16,generic_treat_yourself,22,specific_medium,20,10,3,"description, title, options"
806452e9-6449-44d6-b425-535d0b5bfa63,Keep Your Car Running Great at AutoShine Tire & Auto,Automotive,Barcelona,0.034497,5,71,71,False,16,generic_treat_yourself,22,specific_medium,20,10,3,"description, title, options"
4b6bf5bd-62e4-4cce-a914-61fe0cfc408f,Indulge in a Relaxing Spa Experience at Aura Salon,Beauty & Spas,Manchester,0.036306,5,27,72,False,16,generic_treat_yourself,22,specific_medium,20,10,4,"description, title, options"
e382e07e-23cd-4bed-9e3f-345c9141802a,6 or 12-Pack Premium Scented Candles,Retail,Los Angeles,0.051201,1,28,72,False,40,structured_what_we_offer,18,specific_short,0,10,4,"title, description, options"
46f2cc8c-0adc-4dcf-80f2-c373e0f33287,6 or 12-Pack Premium Scented Candles,Retail,Birmingham,0.051447,3,18,72,False,40,structured_what_we_offer,18,specific_short,10,2,2,"options, title, description"
f5a4bbb4-966d-468f-846b-f5695f668e52,"20, 40, or 60 Units of Botox at Crystal Spa",Beauty & Spas,San Francisco,0.05993,2,37,73,False,40,structured_what_we_offer,22,specific_medium,5,2,4,"options, title, description"
1c285cf7-f822-4fd0-afe3-c9e88b77b585,Ultimate Pampering Session at Pristine Beauty Studio,Beauty & Spas,Denver,0.040885,5,120,73,False,18,generic_looking_for,22,specific_medium,20,10,3,"description, title, options"
012e27b1-8d96-4e7e-8829-527ff9d8a463,Full Carpet Cleaning for 3 or 5 Rooms at BrightHome Experts,Home Services,Los Angeles,0.041282,2,70,73,False,40,structured_what_we_offer,22,specific_medium,5,2,4,"options, title, description"
a1eb14b8-1f8f-493e-865e-9762c4fffe0d,10 or 20 Yoga Classes w/ Mat Rental at Pinnacle Fitness Studio,Health & Fitness,Boston,0.053607,2,147,73,False,40,structured_what_we_offer,25,specific_long,5,2,1,"options, description, title"
59c37b11-8652-4db4-80f7-7bd4a59e0fcb,Portable Bluetooth Speaker — Waterproof,Retail,Madrid,0.025806,1,39,73,False,40,structured_what_we_offer,18,specific_short,0,10,5,"title, description, options"
5d0fa52e-a516-4815-a912-9e267ef03516,3 or 6 Sessions of IPL Photofacial Treatment at Sapphire Spa,Beauty & Spas,Dallas,0.045546,2,58,73,False,40,structured_what_we_offer,25,specific_long,5,2,1,"options, description, title"
a83b9802-16ef-424b-bc30-82c2b0bd51c5,Dryer Vent Cleaning & Inspection at AllStar Cleaning Co.,Home Services,Dallas,0.055079,2,36,74,False,40,structured_what_we_offer,22,specific_medium,5,6,1,"options, title, description"
a348ef13-906a-46b0-a3f6-048ce40318ec,Before & After Hair Transformation w/ Balayage & Deep Conditioning at Velvet Skin Lounge,Beauty & Spas,Los Angeles,0.065642,2,58,74,False,40,structured_what_we_offer,25,specific_long,5,2,2,"options, description, title"
2ca1aef4-c3e2-4f39-8927-16293b61e420,Full Carpet Cleaning for 3 or 5 Rooms at Elite Cleaning Co.,Home Services,Barcelona,0.024507,1,173,74,False,40,structured_what_we_offer,22,specific_medium,0,10,2,"title, description, options"
54f80163-a1ef-49ba-92b6-c52f08d4fc17,Family-Friendly 2-Hour Kayak or Paddleboard Rental at Sunset Tours,Things to Do,Manchester,0.051575,2,51,75,False,40,structured_what_we_offer,25,specific_long,5,2,3,"options, description, title"
8f4d7e3d-1a14-4867-aeed-11f8199f0ad5,Afternoon Tea for Two w/ Champagne & 3-Tier Stand at Copper Cafe,Food & Drink,Chicago,0.046747,2,18,75,False,40,structured_what_we_offer,25,specific_long,5,2,3,"options, description, title"
2ad0a88f-01c0-4b7b-8b69-90182a0ce234,Memory Foam Pillow — Standard or King Size,Retail,Houston,0.051426,2,34,75,False,40,structured_what_we_offer,22,specific_medium,5,6,2,"options, title, description"
13475801-3158-4e35-aac8-13f25d9c21f9,Family-Friendly 2-Hour Kayak or Paddleboard Rental at Wildcard Excursions,Things to Do,Birmingham,0.005182,2,42,76,False,40,structured_what_we_offer,25,specific_long,5,2,4,"options, description, title"
d14ce04d-9395-4ce4-9768-7b57e7355aad,12-Piece Gourmet Chocolate Box w/ Gift Wrapping,Retail,Miami,0.03789,1,29,76,False,40,structured_what_we_offer,22,specific_medium,0,10,4,"title, description, options"
54eeab1d-3cc9-4321-8f43-e0ae948394f3,Custom Phone Case — 100+ Designs w/ Free Shipping,Retail,Denver,0.03821,3,25,76,False,40,structured_what_we_offer,22,specific_medium,10,2,2,"options, title, description"
bb6b93bf-63f8-46bf-beb7-144bbf2dd044,Before & After Smile Transformation — Zoom Whitening at Ivory Med Spa,Beauty & Spas,Chicago,0.044984,1,43,76,False,40,structured_what_we_offer,25,specific_long,0,10,1,"description, title, options"
013d2ad6-b963-444d-9a67-7c13159ebe1c,Wine Tasting for Two — 6 Wines w/ Cheese Board at Copper Eatery,Food & Drink,Boston,0.029863,2,20,76,False,40,structured_what_we_offer,25,specific_long,5,2,4,"options, description, title"
0b3ed1b6-ead8-49c2-83e7-e17f3cab070d,Indoor Go-Kart Racing — 2 Races for One or Two at Wildcard Entertainment,Things to Do,Houston,0.027207,1,38,76,False,40,structured_what_we_offer,25,specific_long,0,10,1,"description, title, options"
f4f00fc0-264d-437c-84dd-1231a2e9a19e,Treat Yourself to a Premium Beauty Service at Crystal Scalp Care Spa,Beauty & Spas,Barcelona,0.034114,5,89,76,False,18,generic_looking_for,25,specific_long,20,10,3,"description, title, options"
b7f7a70a-7747-4988-8046-7d7967a1334b,3-Night Beachfront Condo Stay for Up to 4 Guests at Harbor Retreat,Travel,Seattle,0.03961,2,207,77,False,40,structured_what_we_offer,25,specific_long,5,6,1,"options, description, title"
01749e63-fc42-4310-ae71-93bad8a95992,Before & After Acne Treatment — HydraFacial + LED at Divine Med Spa,Beauty & Spas,Chicago,0.031937,1,20,77,False,40,structured_what_we_offer,25,specific_long,0,10,2,"description, title, options"
f1c38ea8-5a8a-4eb4-aff2-5d434232b9cd,Sunset Sailing Cruise for Two w/ Drinks at River Activities,Things to Do,Seattle,0.045063,2,38,77,False,40,structured_what_we_offer,22,specific_medium,5,6,4,"options, title, description"
f5b131fa-fdcd-45e9-866f-8f6c7c452f51,1 or 2-Night Stay in King Suite w/ Spa Access at Sunrise Lodge,Travel,Barcelona,0.040758,1,153,77,False,40,structured_what_we_offer,25,specific_long,0,10,2,"description, title, options"
9574f6af-9037-4be4-8966-331c8a71f8ed,Ceramic Coating — Full Exterior at TurboClean Tire & Auto,Automotive,Boston,0.035243,3,65,77,False,40,structured_what_we_offer,22,specific_medium,10,2,3,"options, title, description"
cd3fa5e3-cbfe-4e59-82da-8dc363e934e1,Luxury HeadSpa for 1 or 2 w/ Scalp Massage & Robes at Orchid Scalp Care Spa,Beauty & Spas,New York,0.006643,2,68,77,False,40,structured_what_we_offer,25,specific_long,5,2,5,"options, description, title"
5ee84cbe-0fe1-4458-b05c-a90505d5d25b,Portable Bluetooth Speaker — Waterproof,Retail,Denver,0.052819,3,31,77,False,40,structured_what_we_offer,18,specific_short,10,6,3,"title, options, description"
aed55fa8-86d2-4cd8-962e-fe6d2ec6c4ba,"Pizza, Appetizer & Two Drinks for Two at Sage Kitchen",Food & Drink,Manchester,0.056634,3,10,77,False,40,structured_what_we_offer,22,specific_medium,10,2,3,"options, title, description"
aafe712b-077c-4732-9830-511f9c3fb9ce,Laser Tag — 3-Game Package for Two or Four at Thrill Tours,Things to Do,Dallas,0.009497,1,17,77,False,40,structured_what_we_offer,22,specific_medium,0,10,5,"title, description, options"
5fdfafd8-2820-4206-b067-0c8010bfe253,"Organic Skincare Set — Cleanser, Serum & Moisturizer",Retail,San Francisco,0.046796,3,25,77,False,40,structured_what_we_offer,22,specific_medium,10,2,3,"options, title, description"
c18996f0-eb3a-42f9-ab22-0acadc6a4897,Brunch for Two — 3 Courses w/ Bottomless Mimosas at Olive Bistro,Food & Drink,Miami,0.04243,1,56,78,False,40,structured_what_we_offer,25,specific_long,0,10,3,"description, title, options"
2f6ad837-49c6-4d53-b4ee-f1b085ec6af6,Family-Friendly Tandem Skydive w/ Video Package at Wildcard Fun Zone,Things to Do,Boston,0.07884,1,75,78,False,40,structured_what_we_offer,25,specific_long,0,10,3,"description, title, options"
d93abd17-f3d1-4c66-82b8-a21bc5de7553,"B12 Shot, Energy Boost, or Immunity Drip IV Therapy at Nova Wellness Clinic",Health & Fitness,Denver,0.047661,2,80,78,False,40,structured_what_we_offer,25,specific_long,5,6,2,"options, description, title"
665bd726-f8a0-49e4-8996-7f7fa73b4a34,60-Min Facial w/ Microdermabrasion & LED Light Therapy at Divine Spa,Beauty & Spas,Denver,0.034976,1,52,78,False,40,structured_what_we_offer,25,specific_long,0,10,3,"description, title, options"
1cdf89af-299e-47d4-a4e8-8ebb7d755f94,Family-Friendly 90-Min Sightseeing Cruise w/ Drink at Skyline Escape Room,Things to Do,Manchester,0.063377,2,37,78,False,40,structured_what_we_offer,25,specific_long,5,6,2,"options, description, title"
a4f91818-960e-494f-a944-33b2d8212a14,"Dental Exam, Cleaning & X-Ray at Revive Med Center",Health & Fitness,London,0.033078,2,48,78,False,40,structured_what_we_offer,22,specific_medium,5,10,1,"title, description, options"
28514b3d-ecc6-4f66-839e-77f79d5f4644,Family-Friendly 90-Min Sightseeing Cruise w/ Drink at Coast Adventures,Things to Do,Los Angeles,0.03214,1,14,78,False,40,structured_what_we_offer,25,specific_long,0,10,3,"description, title, options"
a3416534-5dc9-4318-b2ad-a441bed6c1d0,"Pizza, Appetizer & Two Drinks for Two at Sofia's Steakhouse",Food & Drink,Seattle,0.037185,2,15,79,False,40,structured_what_we_offer,22,specific_medium,5,10,2,"title, description, options"
4b5b8822-8178-40a3-a5ef-9c9ad9dcd139,Lawn Care — 4 or 8 Weekly Mowing Visits at GreenLeaf Services,Home Services,London,0.035423,1,110,79,False,40,structured_what_we_offer,25,specific_long,0,10,4,"description, title, options"
8e32f0b3-2bb9-4674-94fb-a437659b97dd,One or Three Chiropractic Adjustments w/ Consultation at Pinnacle Health Center,Health & Fitness,San Francisco,0.035464,1,44,79,False,40,structured_what_we_offer,25,specific_long,0,10,4,"description, title, options"
d385942a-2f35-4324-b95d-e480438546d9,12-Piece Gourmet Chocolate Box w/ Gift Wrapping,Retail,Birmingham,0.013164,3,157,79,False,40,structured_what_we_offer,22,specific_medium,10,2,5,"options, title, description"
aa79aca6-e3ed-4b26-b237-cbac08b198d3,1-Night Stay w/ $50 Dining Credit & Late Checkout at Napa Suites,Travel,London,0.045068,1,237,79,False,40,structured_what_we_offer,25,specific_long,0,10,4,"description, title, options"
97ed63f5-f3fd-4184-a396-1e879eb0da9a,Glow-in-the-Dark Mini Golf for Two or Four at Coast Adventures,Things to Do,Denver,0.04667,3,38,79,False,40,structured_what_we_offer,25,specific_long,10,2,2,"options, description, title"
8a50bf49-6625-4ea5-8061-21f91021442d,"Family Meal Deal — 2 Entrees, 2 Sides & Dessert at Blue Kitchen",Food & Drink,Denver,0.008562,1,174,79,False,40,structured_what_we_offer,25,specific_long,0,10,4,"description, title, options"
3cbba85e-1f8f-4bf8-a5c3-924c310d0f3f,$20 for $40 Worth of Sushi & Japanese Cuisine at Fig & Honey Smokehouse,Food & Drink,Chicago,0.033996,2,19,79,False,40,structured_what_we_offer,25,specific_long,5,6,3,"options, description, title"
c7b4616b-d5ae-448f-9366-2393061477cc,"Personalized Canvas Print — 8x10, 16x20, or 24x36",Retail,Houston,0.02176,2,36,80,False,40,structured_what_we_offer,22,specific_medium,5,10,3,"title, description, options"
aaf3191c-48b3-44f9-9b9b-f0aca166cc87,One or Two 60-Min Lymphatic Drainage Massages at Harmony Salon,Beauty & Spas,Boston,0.033165,2,84,80,False,40,structured_what_we_offer,25,specific_long,5,6,4,"options, description, title"
9f78662c-0697-49f4-a32a-cc851cca1ecc,Furnace or AC Tune-Up — 21-Point Inspection at GreenLeaf Pros,Home Services,Dallas,0.007403,2,114,80,False,40,structured_what_we_offer,25,specific_long,5,6,4,"options, description, title"
ed8f2a32-aa8c-4527-81da-c22fd21b4b61,Custom Phone Case — 100+ Designs w/ Free Shipping,Retail,Birmingham,0.038498,2,14,80,False,40,structured_what_we_offer,22,specific_medium,5,10,3,"title, description, options"
be42b8f3-eac0-451a-b8ca-cbb7d709b521,Brunch for Two — 3 Courses w/ Bottomless Mimosas at Maple Smokehouse,Food & Drink,New York,0.003709,1,23,80,False,40,structured_what_we_offer,25,specific_long,0,10,5,"description, title, options"
fdf75b22-d18e-4cc6-bd61-379900062567,5 or 10 Personal Training Sessions w/ Body Composition Analysis at Pinnacle Med Center,Health & Fitness,Los Angeles,0.064056,1,10,80,False,40,structured_what_we_offer,25,specific_long,0,10,5,"description, title, options"
02b95048-06fc-461c-bfdf-d17e387b1618,"Personalized Canvas Print — 8x10, 16x20, or 24x36",Retail,Miami,0.025694,2,34,80,False,40,structured_what_we_offer,22,specific_medium,5,10,3,"title, description, options"
76405bbc-b6ab-486e-a155-d7d8036c1260,Semaglutide or Tirzepatide Weight-Loss Program w/ Consultation at Renew Performance Lab,Health & Fitness,San Francisco,0.052065,1,95,80,False,40,structured_what_we_offer,25,specific_long,0,10,5,"description, title, options"
ea98f448-89aa-4b0b-bf5a-d78ca3bde403,5-Course Italian Tasting Menu for Two at Rustic Tavern,Food & Drink,London,0.028312,2,32,80,False,40,structured_what_we_offer,22,specific_medium,5,10,3,"title, description, options"
7ea28b3e-169d-4740-a57e-b2c99f4b3f01,Engine Diagnostic Scan & Report at AutoShine Service Center,Automotive,Houston,0.045279,3,21,81,False,40,structured_what_we_offer,22,specific_medium,10,6,3,"options, title, description"
f6d2265a-605f-4457-9afa-426e8113cead,$15 for $30 Worth of BBQ & Sides for Takeout at Stone Steakhouse,Food & Drink,Birmingham,0.040832,2,32,81,False,40,structured_what_we_offer,25,specific_long,5,10,1,"description, title, options"
5681c4b5-66e0-473f-a536-9faec478fe9c,Portable Bluetooth Speaker — Waterproof,Retail,Madrid,0.039784,3,16,81,False,40,structured_what_we_offer,18,specific_short,10,10,3,"title, description, options"
4460d449-6bd9-4eea-95c8-faaf805a5f96,3-Night Beachfront Condo Stay for Up to 4 Guests at Seaside Retreat,Travel,Birmingham,0.077838,3,150,81,False,40,structured_what_we_offer,25,specific_long,10,2,4,"options, description, title"
fbded634-6ba5-499e-a313-97a60a6f9ef1,One or Three Chiropractic Adjustments w/ Consultation at Wellness Health Center,Health & Fitness,Los Angeles,0.060816,3,84,81,False,40,structured_what_we_offer,25,specific_long,10,2,4,"options, description, title"
77f72e36-4e6e-422a-84d0-5bd1914d2bad,Kid-Friendly Trampoline Park — 60 or 90-Min Jump Pass at Wildcard Escape Room,Things to Do,Dallas,0.04091,2,58,81,False,40,structured_what_we_offer,25,specific_long,5,10,1,"description, title, options"
8df3dfa5-c004-4823-9e8b-fed9c9403ca8,One or Three Chemical Peels w/ Dermaplaning at Sapphire Spa,Beauty & Spas,London,0.04294,2,145,81,False,40,structured_what_we_offer,22,specific_medium,5,10,4,"title, description, options"
7cdd0093-81cd-4481-8e8a-c9d1f76ab447,1-Night Stay w/ $50 Dining Credit & Late Checkout at Riviera Resort,Travel,San Francisco,0.01934,2,386,81,False,40,structured_what_we_offer,25,specific_long,5,10,1,"description, title, options"
83a8d0d4-3df1-4026-9180-acf101c37a56,4-Wheel Alignment at FastLane Motor Works,Automotive,Houston,0.029594,2,34,81,False,40,structured_what_we_offer,22,specific_medium,5,10,4,"title, description, options"
18896d48-2516-43ea-9ba0-c95a652fd8de,Before & After Acne Treatment — HydraFacial + LED at Radiant Day Spa,Beauty & Spas,Manchester,0.073088,3,53,81,False,40,structured_what_we_offer,25,specific_long,10,2,4,"options, description, title"
0b1eda9d-f958-4f24-b345-c1dfe93da37b,Glow-in-the-Dark Mini Golf for Two or Four at Explorer Excursions,Things to Do,San Francisco,0.047251,3,25,81,False,40,structured_what_we_offer,25,specific_long,10,2,4,"options, description, title"
1d16dc1d-93de-4f8e-9c11-bdb023eac902,Phentermine Weight-Loss Program w/ Consultation at Nova Performance Lab,Health & Fitness,New York,0.05983,3,113,81,False,40,structured_what_we_offer,25,specific_long,10,2,4,"options, description, title"
cfdb066a-d69f-4cde-afe8-82b7c09ac86f,Before & After Smile Transformation — Zoom Whitening at Aura Scalp Care Spa,Beauty & Spas,Chicago,0.050412,3,56,81,False,40,structured_what_we_offer,25,specific_long,10,2,4,"options, description, title"
17bf10b1-aeac-4d12-9a68-9d2d4a28fc61,"Hand Wash, Wax & Interior Vacuum at MasterMech Auto Care",Automotive,Miami,0.014133,2,317,81,False,40,structured_what_we_offer,22,specific_medium,5,10,4,"title, description, options"
94d8192d-8d4d-4054-a43a-af5e628e4763,Before & After Smile Transformation — Zoom Whitening at Opulent Spa,Beauty & Spas,Los Angeles,0.076286,2,34,81,False,40,structured_what_we_offer,25,specific_long,5,10,1,"description, title, options"
c07e0ba2-c552-4375-848d-4696b147c95b,Before & After Wrinkle Reduction — Botox or Filler at Opulent Spa,Beauty & Spas,New York,0.014156,3,459,82,False,40,structured_what_we_offer,25,specific_long,10,2,5,"options, description, title"
e9a408b8-b6e3-447e-9d18-415bdcec5e4e,"1, 3, or 6 Laser Skin-Resurfacing Sessions at Luxe Aesthetics",Beauty & Spas,Boston,0.018071,2,84,82,False,40,structured_what_we_offer,25,specific_long,5,10,2,"description, title, options"
38d084de-f038-4bb7-a9c3-77b02496a2aa,1 or 2-Night Stay in King Suite w/ Spa Access at Emerald Hotel & Spa,Travel,Birmingham,0.023692,2,135,82,False,40,structured_what_we_offer,25,specific_long,5,10,2,"description, title, options"
755d740d-d371-4331-9f47-ad7ad5452332,"6 Sessions of Laser Hair-Removal on Small, Medium, or Large Area at Orchid Beauty Studio",Beauty & Spas,Barcelona,0.028538,2,140,82,False,40,structured_what_we_offer,25,specific_long,5,10,2,"description, title, options"
ae04a453-f2d3-4c33-83f6-2f1b8fa6af9b,Family-Friendly 2-Hour Kayak or Paddleboard Rental at Discovery Cruises,Things to Do,New York,0.028497,2,47,82,False,40,structured_what_we_offer,25,specific_long,5,10,2,"description, title, options"
7071f6eb-672c-4a13-ae23-1f1d5a1f964d,Before & After Full-Face Rejuvenation — PRP + Micro-Needling at Ivory Salon,Beauty & Spas,Manchester,0.07643,3,53,82,False,40,structured_what_we_offer,25,specific_long,10,2,5,"options, description, title"
4680dd1b-433c-43c6-8d67-5f392f30a095,State Inspection & Emissions Test at Valvoline Service Center,Automotive,San Francisco,0.010925,3,369,82,False,40,structured_what_we_offer,25,specific_long,10,2,5,"options, description, title"
fd78f97f-dd82-4c29-89a0-eda164ae1d93,Full Interior & Exterior Detail at ProTech Auto Spa,Automotive,Birmingham,0.029384,2,64,82,False,40,structured_what_we_offer,22,specific_medium,5,10,5,"title, description, options"
80bc28ca-6c6f-42cf-aa79-ef3ebfdc2e69,Portable Bluetooth Speaker — Waterproof,Retail,Miami,0.00544,3,167,82,False,40,structured_what_we_offer,18,specific_short,10,10,4,"title, description, options"
f6f4196a-a44d-4a69-8e51-a703d3716f45,Furnace or AC Tune-Up — 21-Point Inspection at Elite Maintenance,Home Services,Manchester,0.029337,2,95,82,False,40,structured_what_we_offer,25,specific_long,5,10,2,"description, title, options"
287d02dc-ff9e-415c-aa50-38e249c86797,3-Course Steakhouse Dinner for Two w/ Wine at Harbor Bistro,Food & Drink,Seattle,0.063399,3,25,83,False,40,structured_what_we_offer,22,specific_medium,10,10,1,"title, description, options"
6c6d858d-a069-4e27-95a2-a61f649b8c61,Romantic 1-Night Stay w/ Champagne & Couples Massage at Grand Hotel & Spa,Travel,Barcelona,0.03692,2,153,83,False,40,structured_what_we_offer,25,specific_long,5,10,3,"description, title, options"
6b0750e5-8b4f-40c1-85e8-17ae47478a24,Cooking Class for Two — 2-Hour Hands-On Session at Cedar Trattoria,Food & Drink,Los Angeles,0.030142,2,55,83,False,40,structured_what_we_offer,25,specific_long,5,10,3,"description, title, options"
19b9ac8b-b82f-4e61-8a6d-ce2099176a8a,1 or 2-Night Stay in Oceanfront Suite w/ Breakfast at Royal Inn,Travel,Barcelona,0.054827,2,170,83,False,40,structured_what_we_offer,25,specific_long,5,10,3,"description, title, options"
16506314-2c26-4a7d-9285-9197eecb67a9,Laser Tag — 3-Game Package for Two or Four at River Escape Room,Things to Do,Manchester,0.042527,2,53,83,False,40,structured_what_we_offer,25,specific_long,5,10,3,"description, title, options"
28c69262-6388-4b8e-a847-7f7265a36755,Kid-Friendly Hot Air Balloon Ride for One or Two at Explorer Escape Room,Things to Do,Miami,0.076275,2,32,83,False,40,structured_what_we_offer,25,specific_long,5,10,3,"description, title, options"
31f7036b-cf54-4179-b37b-7160a84403d7,"Tire Rotation, Balance & Brake Inspection at TopGear Garage",Automotive,Dallas,0.055947,3,48,83,False,40,structured_what_we_offer,22,specific_medium,10,10,1,"title, description, options"
6d4d0acc-79dc-45cc-a042-ad852bf26a0f,1 or 2-Night Stay in Oceanfront Suite w/ Breakfast at Crest Suites,Travel,Birmingham,0.045475,2,216,83,False,40,structured_what_we_offer,25,specific_long,5,10,3,"description, title, options"
0172a2ef-6777-4280-90d6-8633f7ca9784,Laser Tag — 3-Game Package for Two or Four at Coast Fun Zone,Things to Do,Boston,0.048106,2,32,83,False,40,structured_what_we_offer,25,specific_long,5,10,3,"description, title, options"
d9c53aec-6613-491f-8309-c065b2a41eeb,Kid-Friendly Hot Air Balloon Ride for One or Two at Epic Excursions,Things to Do,Manchester,0.055216,2,61,83,False,40,structured_what_we_offer,25,specific_long,5,10,3,"description, title, options"
2d5345d7-887f-414d-98a3-67bd91e63b7a,Engine Diagnostic Scan & Report at PrecisionAuto Service Center,Automotive,Seattle,0.049058,2,84,83,False,40,structured_what_we_offer,25,specific_long,5,10,3,"description, title, options"
6b43e8f2-9b57-46c5-a7d7-1dbb88782eb0,One or Two 30-Min Cryotherapy Sessions at Restore Med Center,Health & Fitness,New York,0.010219,2,561,84,False,40,structured_what_we_offer,25,specific_long,5,10,4,"description, title, options"
553103bb-b50b-4750-9111-538189308bdc,Family-Friendly 90-Min Sightseeing Cruise w/ Drink at Explorer Escape Room,Things to Do,Dallas,0.013525,2,294,84,False,40,structured_what_we_offer,25,specific_long,5,10,4,"description, title, options"
5880a95b-6aea-4590-a137-d5b1fb25154b,Memory Foam Pillow — Standard or King Size,Retail,Boston,0.046805,3,23,84,False,40,structured_what_we_offer,22,specific_medium,10,10,2,"title, description, options"
f7905de5-2e6f-4ae0-8799-afd07c433681,Weekend Getaway — 2 Nights w/ Pool Access & Parking at Lakeside Hotel & Spa,Travel,Los Angeles,0.008185,2,1173,84,False,40,structured_what_we_offer,25,specific_long,5,10,4,"description, title, options"
94f72ee4-1852-4ab6-b21a-511a8f0cb99e,"Organic Skincare Set — Cleanser, Serum & Moisturizer",Retail,San Francisco,0.029254,3,12,84,False,40,structured_what_we_offer,22,specific_medium,10,10,2,"title, description, options"
6cbf6665-8b9a-4873-a5ce-636d27b3ab90,NAD+ Infusion or Glutathione IV Drip at Meridian Med Center,Health & Fitness,Chicago,0.077424,3,88,84,False,40,structured_what_we_offer,22,specific_medium,10,10,2,"title, description, options"
54d722f0-dde6-4509-803e-48793a796401,Family-Friendly Zip Line Tour — 2-Hour Adventure at Wildcard Tours,Things to Do,Manchester,0.040888,2,11,84,False,40,structured_what_we_offer,25,specific_long,5,10,4,"description, title, options"
183a4743-b706-45c9-9de3-55391651c63b,2 or 3-Room Deep Clean w/ Kitchen & Bathroom at Premier Care,Home Services,Los Angeles,0.004115,2,686,84,False,40,structured_what_we_offer,25,specific_long,5,10,4,"description, title, options"
841899b9-10cc-41bd-aca6-633e1c32a3d5,Full Interior & Exterior Detail at TurboClean Auto Care,Automotive,New York,0.027399,3,70,84,False,40,structured_what_we_offer,22,specific_medium,10,10,2,"title, description, options"
1185eb48-b1c8-430b-897a-11c4e229491a,Termite Inspection & Treatment Plan at Premier Home Services,Home Services,Birmingham,0.068813,2,134,84,False,40,structured_what_we_offer,25,specific_long,5,10,4,"description, title, options"
bcdffd11-446d-4034-9fb7-7fc97f8d9c6c,Before & After Full-Face Rejuvenation — PRP + Micro-Needling at Pearl Salon,Beauty & Spas,Denver,0.028763,2,89,84,False,40,structured_what_we_offer,25,specific_long,5,10,4,"description, title, options"
483c989f-d70e-4fde-a4f1-14cd60c18948,Portable Bluetooth Speaker — Waterproof,Retail,Houston,0.071052,4,40,84,False,40,structured_what_we_offer,18,specific_short,17,6,3,"title, options, description"
c6792cd2-739a-4f12-89a2-15299249ced5,Dryer Vent Cleaning & Inspection at TopNotch Pros,Home Services,Chicago,0.048783,3,155,84,False,40,structured_what_we_offer,22,specific_medium,10,10,2,"title, description, options"
6de76dbd-fd9e-4f35-a5e9-76c6abf943bd,Before & After Skin Rejuvenation — 3 or 6 Micro-Needling Sessions at Pure Aesthetics,Beauty & Spas,San Francisco,0.005989,2,146,84,False,40,structured_what_we_offer,25,specific_long,5,10,4,"description, title, options"
b95a4acc-1e95-40c0-881b-4d1e69950788,Solo or Couples 90-Min Swedish Massage w/ Aromatherapy at Bliss Salon,Beauty & Spas,New York,0.045065,2,40,84,False,40,structured_what_we_offer,25,specific_long,5,10,4,"description, title, options"
b1f12cfb-1d18-408e-80fa-6d123654b0c2,1 or 2-Night Stay in King Suite w/ Spa Access at Golden Gate Lodge,Travel,Houston,0.044673,2,253,84,False,40,structured_what_we_offer,25,specific_long,5,10,4,"description, title, options"
7c6b26cd-096e-4c7b-8d6b-24ad55864f4d,Family-Friendly 90-Min Sightseeing Cruise w/ Drink at Wildcard Fun Zone,Things to Do,San Francisco,0.007395,2,59,84,False,40,structured_what_we_offer,25,specific_long,5,10,4,"description, title, options"
d172fe65-e181-427a-8593-630501c9192b,2-Night Spa Retreat w/ Daily Breakfast & One Dinner at Vista Suites,Travel,Miami,0.01218,2,328,84,False,40,structured_what_we_offer,25,specific_long,5,10,4,"description, title, options"
674a7082-26b5-4153-8722-2a2fd8d6574a,"1, 3, or 6 Laser Skin-Resurfacing Sessions at Bella Spa",Beauty & Spas,Houston,0.034212,3,58,84,False,40,structured_what_we_offer,22,specific_medium,10,10,2,"title, description, options"
e8ed2d0a-c2fc-4770-afcb-fb5b66843f62,State Inspection & Emissions Test at FastLane Tire & Auto,Automotive,Dallas,0.034941,3,13,85,False,40,structured_what_we_offer,22,specific_medium,10,10,3,"title, description, options"
e67a7d35-10d5-4d19-a0fd-ae05437c7cb5,2-Hour Arcade Pass for Unlimited Games at Coast Adventures,Things to Do,Chicago,0.037866,3,23,85,False,40,structured_what_we_offer,22,specific_medium,10,10,3,"title, description, options"
feffa4f5-92e8-4feb-bb29-f948220ed030,$30 for $60 Worth of Dinner for Two at Golden Smokehouse,Food & Drink,San Francisco,0.044999,3,25,85,False,40,structured_what_we_offer,22,specific_medium,10,10,3,"title, description, options"
8bfc13ba-1a46-4d91-870d-9e3f3ab3c2fd,1 or 3 Colon Hydrotherapy Sessions at Wellness Health Center,Health & Fitness,Barcelona,0.049305,3,121,85,False,40,structured_what_we_offer,25,specific_long,10,6,4,"options, description, title"
cc7c5053-06f9-4bc9-b93c-dc900f61839e,Smart Watch — Fitness Tracker w/ Heart Rate Monitor,Retail,New York,0.081394,3,86,85,False,40,structured_what_we_offer,22,specific_medium,10,10,3,"title, description, options"
f6aa6d53-9378-49e3-b4b7-1492518439be,Family-Friendly General Admission to Adventure Tours,Things to Do,Los Angeles,0.080502,3,11,85,False,40,structured_what_we_offer,22,specific_medium,10,10,3,"title, description, options"
1b190e76-8c99-4885-9835-d685f546eefe,Solo or Couples 90-Min Swedish Massage w/ Aromatherapy at Ivory Beauty Studio,Beauty & Spas,Manchester,0.053005,3,62,85,False,40,structured_what_we_offer,25,specific_long,10,6,4,"options, description, title"
46d1be41-f5e3-4f42-a0e2-ed6c1ce2403d,120-Min HIFU Full Face & Neck Lift + Collagen Treatment at Pristine Spa,Beauty & Spas,Houston,0.019474,2,20,85,False,40,structured_what_we_offer,25,specific_long,5,10,5,"description, title, options"
a876db7f-a535-46b4-9e21-d1bc644967b0,"Dental Exam, Cleaning & X-Ray at Thrive Fitness Studio",Health & Fitness,Seattle,0.044226,3,88,86,False,40,structured_what_we_offer,22,specific_medium,10,10,4,"title, description, options"
50fd10d2-c0e4-496f-93af-e936f3684ba0,Custom Phone Case — 100+ Designs w/ Free Shipping,Retail,Chicago,0.044508,3,34,86,False,40,structured_what_we_offer,22,specific_medium,10,10,4,"title, description, options"
8daf7950-d590-4057-95ce-feac04fca269,Before & After Smile Transformation — Zoom Whitening at Bella Skin Lounge,Beauty & Spas,Birmingham,0.077824,3,93,86,False,40,structured_what_we_offer,25,specific_long,10,10,1,"description, title, options"
1a397ec1-e5ba-45bc-998a-ea4142bd9379,One or Two 30-Min Cryotherapy Sessions at Zenith Med Center,Health & Fitness,Dallas,0.078571,4,171,86,False,40,structured_what_we_offer,22,specific_medium,17,6,1,"options, title, description"
d278fdbc-070e-45f5-b98b-8c65ab165387,3-Night All-Inclusive Resort Stay for Two at Sunrise Retreat,Travel,Denver,0.043132,3,68,86,False,40,structured_what_we_offer,25,specific_long,10,10,1,"description, title, options"
d04a54f4-c8aa-4083-bba5-9b67df39c6e8,Termite Inspection & Treatment Plan at GreenLeaf Services,Home Services,Seattle,0.079365,3,105,86,False,40,structured_what_we_offer,22,specific_medium,10,10,4,"title, description, options"
664c3418-1cf1-4dd6-b90f-0dab812ea30b,$30 for $60 Worth of Dinner for Two at Copper Brasserie,Food & Drink,Seattle,0.05585,3,25,86,False,40,structured_what_we_offer,22,specific_medium,10,10,4,"title, description, options"
606037cb-08a7-4cda-af03-58d743bb9ecc,4-Wheel Alignment at DriveClean Auto Center,Automotive,Madrid,0.011181,3,69,86,False,40,structured_what_we_offer,22,specific_medium,10,10,4,"title, description, options"
3ee56184-254e-4123-9c16-c890cd236fb4,Wireless Bluetooth Earbuds w/ Charging Case,Retail,Miami,0.044131,3,21,86,False,40,structured_what_we_offer,22,specific_medium,10,10,4,"title, description, options"
60f05cb6-b2d0-4d66-8cb2-408948128e08,1 or 2-Night Stay in Oceanfront Suite w/ Breakfast at Palm Inn,Travel,Dallas,0.046661,3,179,86,False,40,structured_what_we_offer,25,specific_long,10,10,1,"description, title, options"
ef22a435-684d-4b45-a66e-d1b001a0c780,12-Piece Gourmet Chocolate Box w/ Gift Wrapping,Retail,Dallas,0.041446,3,30,86,False,40,structured_what_we_offer,22,specific_medium,10,10,4,"title, description, options"
8a5ddbe4-49c6-41f4-8974-52c04fe15b03,"20, 40, or 60 Units of Botox at Crystal Spa",Beauty & Spas,Manchester,0.056269,3,12,86,False,40,structured_what_we_offer,22,specific_medium,10,10,4,"title, description, options"
ca8a3d79-91f5-4ef5-a3a2-fab85d9b4b56,"Hand Wash, Wax & Interior Vacuum at MotorCraft Car Wash & Detail",Automotive,Barcelona,0.072941,3,55,86,False,40,structured_what_we_offer,25,specific_long,10,10,1,"description, title, options"
dc994880-1734-49cb-a79a-bf69fa07d3ae,One or Two 30-Min Cryotherapy Sessions at Renew Family Dentistry,Health & Fitness,Dallas,0.03987,3,49,86,False,40,structured_what_we_offer,25,specific_long,10,10,1,"description, title, options"
7713a239-07a2-44a1-8e56-7ce5984f022a,Smart Watch — Fitness Tracker w/ Heart Rate Monitor,Retail,Houston,0.072347,3,25,86,False,40,structured_what_we_offer,22,specific_medium,10,10,4,"title, description, options"
29d5b98f-8cdd-4e9f-b2d1-6e22190ca681,Windshield Chip Repair — Up to 3 Chips at TopGear Car Wash & Detail,Automotive,New York,0.04739,3,63,87,False,40,structured_what_we_offer,25,specific_long,10,10,2,"description, title, options"
3333bfdb-e52d-4606-8c61-5e8163311964,Phentermine Weight-Loss Program w/ Consultation at Revive Performance Lab,Health & Fitness,Madrid,0.057349,3,56,87,False,40,structured_what_we_offer,25,specific_long,10,10,2,"description, title, options"
3e1208d7-f319-42fe-a6c4-3f01687d621c,Family-Friendly 90-Min Sightseeing Cruise w/ Drink at Summit Escape Room,Things to Do,Boston,0.044271,3,40,87,False,40,structured_what_we_offer,25,specific_long,10,10,2,"description, title, options"
5e088743-9568-415a-97ca-43d781353f4d,Wine Tasting for Two — 6 Wines w/ Cheese Board at Maple Kitchen,Food & Drink,Birmingham,0.044075,3,77,87,False,40,structured_what_we_offer,25,specific_long,10,10,2,"description, title, options"
fdff4672-c791-4545-b8db-6e7ce4175d1c,Romantic 1-Night Stay w/ Champagne & Couples Massage at Crest Lodge,Travel,Madrid,0.070649,3,280,87,False,40,structured_what_we_offer,25,specific_long,10,10,2,"description, title, options"
10f57330-3e2f-4be3-aa89-4c4418eb07b1,Axe Throwing — 1-Hour Session for Two or Four at Coast Entertainment,Things to Do,Dallas,0.04703,3,54,87,False,40,structured_what_we_offer,25,specific_long,10,10,2,"description, title, options"
74dc67fe-d103-4429-b5f1-b487d6491272,"Gutter Cleaning for Up to 2,500 Sq. Ft. Home at TruGuard Cleaning Co.",Home Services,Houston,0.084406,4,67,87,False,40,structured_what_we_offer,25,specific_long,17,2,3,"options, description, title"
c1cf37ed-359d-4016-bf61-095e42f6703b,$25 or $50 to Spend on Food & Drinks at The Famous Bistro,Food & Drink,Barcelona,0.004955,3,175,87,False,40,structured_what_we_offer,22,specific_medium,10,10,5,"title, description, options"
1976a278-5959-430d-94f0-88f69442559e,Full Carpet Cleaning for 3 or 5 Rooms at FirstRate Solutions,Home Services,Los Angeles,0.046257,3,153,87,False,40,structured_what_we_offer,25,specific_long,10,10,2,"description, title, options"
7ef65db5-6e42-4b18-b934-f1fef7542304,Wine Tasting for Two — 6 Wines w/ Cheese Board at The Famous Grill,Food & Drink,Los Angeles,0.050697,3,15,88,False,40,structured_what_we_offer,25,specific_long,10,10,3,"description, title, options"
c498e13f-a129-4c0b-a5c3-7c62d7ff0a32,2-Night City Break w/ Breakfast & Attraction Passes at Crest Suites,Travel,Los Angeles,0.083488,4,92,88,False,40,structured_what_we_offer,25,specific_long,17,2,4,"options, description, title"
1768feea-3776-43ff-a161-cab03cf27598,3-Course Steakhouse Dinner for Two w/ Wine at The Famous Trattoria,Food & Drink,Boston,0.037094,3,10,88,False,40,structured_what_we_offer,25,specific_long,10,10,3,"description, title, options"
834d7da0-2c70-4828-9eec-1e55c398c7ce,Kid-Friendly Trampoline Park — 60 or 90-Min Jump Pass at Explorer Cruises,Things to Do,Miami,0.072628,3,10,88,False,40,structured_what_we_offer,25,specific_long,10,10,3,"description, title, options"
54147cde-022a-45d5-a56c-b4e279e3e0f7,90-Min Premier Architecture Dinner Cruise at Rustic Smokehouse,Food & Drink,Manchester,0.067511,3,24,88,False,40,structured_what_we_offer,25,specific_long,10,10,3,"description, title, options"
dbf56b97-379c-4b5d-a4e4-e309e3a2f642,Portable Bluetooth Speaker — Waterproof,Retail,Los Angeles,0.081611,4,19,88,False,40,structured_what_we_offer,18,specific_short,17,10,3,"title, description, options"
24c9267c-f375-49c5-b6c8-341078c89310,"Family Meal Deal — 2 Entrees, 2 Sides & Dessert at Iron Steakhouse",Food & Drink,San Francisco,0.042065,3,15,88,False,40,structured_what_we_offer,25,specific_long,10,10,3,"description, title, options"
75c135c4-25ab-4834-a9e2-5bb36f51b382,5 or 10 Personal Training Sessions w/ Body Composition Analysis at Optimal Chiropractic,Health & Fitness,London,0.046009,3,131,88,False,40,structured_what_we_offer,25,specific_long,10,10,3,"description, title, options"
54c32419-1b8d-45a1-a536-4940022d1f11,Brunch for Two — 3 Courses w/ Bottomless Mimosas at The Local Brasserie,Food & Drink,Houston,0.046769,3,27,88,False,40,structured_what_we_offer,25,specific_long,10,10,3,"description, title, options"
63bcea27-d84a-4931-b962-5b098003fe1f,"Invisalign Consultation + $1,000 Off Treatment at Genesis Performance Lab",Health & Fitness,Manchester,0.058002,3,101,88,False,40,structured_what_we_offer,25,specific_long,10,10,3,"description, title, options"
ed73c10e-11c3-4c3a-9503-bda0876e94d2,Family-Friendly 2-Hour Kayak or Paddleboard Rental at Starlight Cruises,Things to Do,Seattle,0.050506,3,35,88,False,40,structured_what_we_offer,25,specific_long,10,10,3,"description, title, options"
46904523-6dc7-41e4-9593-3dbc4c9f3a8b,Family-Friendly 2-Hour Kayak or Paddleboard Rental at Summit Entertainment,Things to Do,Chicago,0.079293,4,81,88,False,40,structured_what_we_offer,25,specific_long,17,2,4,"options, description, title"
79b7a7ed-3793-4b27-b139-63fd987b62da,3 or 6 Sessions of IPL Photofacial Treatment at Radiant Salon,Beauty & Spas,Manchester,0.036038,3,58,89,False,40,structured_what_we_offer,25,specific_long,10,10,4,"description, title, options"
0c4f0158-3681-4bd6-bc37-8a66527a5478,Synthetic Oil Change w/ 21-Point Inspection at QuickLube Auto Spa,Automotive,Madrid,0.027106,3,44,89,False,40,structured_what_we_offer,25,specific_long,10,10,4,"description, title, options"
0822f873-981e-4a4a-9c77-7f2bb17a4679,Before & After Body Contouring — 2 or 4 EMSCULPT NEO Sessions at Pearl Skin Lounge,Beauty & Spas,Denver,0.00497,3,406,89,False,40,structured_what_we_offer,25,specific_long,10,10,4,"description, title, options"
a55b464f-78ad-4dda-922a-0d6df9edd7c2,"Gutter Cleaning for Up to 2,500 Sq. Ft. Home at HomeFirst Solutions",Home Services,Chicago,0.026636,3,87,89,False,40,structured_what_we_offer,25,specific_long,10,10,4,"description, title, options"
942a99cf-70ee-41af-b29e-0558d33447bd,Family-Friendly 60-Min Escape Room for Up to 6 Players at Adventure Fun Zone,Things to Do,Birmingham,0.073366,3,69,89,False,40,structured_what_we_offer,25,specific_long,10,10,4,"description, title, options"
b7c25cac-ad07-4361-b9f4-c9f3308c39e9,Initial Pest Treatment + 30-Day Follow-Up at SafeGuard Home Services,Home Services,Barcelona,0.067514,4,101,89,False,40,structured_what_we_offer,25,specific_long,17,6,1,"options, description, title"
48320e6e-a91b-4cea-a2eb-2870ecaf3b43,Window Cleaning — Up to 15 or 25 Windows at TopNotch Solutions,Home Services,Seattle,0.011523,3,153,89,False,40,structured_what_we_offer,25,specific_long,10,10,4,"description, title, options"
d15da692-9d90-4a5f-b179-4b45c9233236,Guided Wine Tour — 3 Vineyards w/ Tastings at Horizon Entertainment,Things to Do,Los Angeles,0.03322,3,56,89,False,40,structured_what_we_offer,25,specific_long,10,10,4,"description, title, options"
e2c33ccc-a40a-4e5b-8bef-5ab8b39b2f80,"B12 Shot, Energy Boost, or Immunity Drip IV Therapy at Balance Dental",Health & Fitness,Birmingham,0.005419,3,108,89,False,40,structured_what_we_offer,25,specific_long,10,10,4,"description, title, options"
14b7f8ac-d418-42d9-a489-6a70eca9ecdd,Dozen Gourmet Cupcakes or Custom Cake at Golden Smokehouse,Food & Drink,San Francisco,0.081793,4,56,89,False,40,structured_what_we_offer,22,specific_medium,17,6,4,"options, title, description"
2082ec3a-07a1-41c0-9599-be2c837ff1b8,3-Night All-Inclusive Resort Stay for Two at Golden Gate Suites,Travel,Los Angeles,0.061433,3,235,89,False,40,structured_what_we_offer,25,specific_long,10,10,4,"description, title, options"
6dd520d8-204e-4eec-bab6-6114059ff4b0,State Inspection & Emissions Test at SpeedWay Auto Center,Automotive,Barcelona,0.081247,4,24,90,False,40,structured_what_we_offer,22,specific_medium,17,10,1,"title, description, options"
63b20f9b-08ce-41d0-918c-8861afc63c73,One or Two 60-Min Lymphatic Drainage Massages at Serene Day Spa,Beauty & Spas,Chicago,0.068358,3,84,90,False,40,structured_what_we_offer,25,specific_long,10,10,5,"description, title, options"
dd232191-f3c5-4ec6-b009-19f3083bac33,Brunch for Two — 3 Courses w/ Bottomless Mimosas at Maple Smokehouse,Food & Drink,New York,0.053728,3,21,90,False,40,structured_what_we_offer,25,specific_long,10,10,5,"description, title, options"
583c6205-459a-44d3-9436-93802f836953,2-Hour Arcade Pass for Unlimited Games at Skyline Adventures,Things to Do,New York,0.063792,4,32,91,False,40,structured_what_we_offer,25,specific_long,17,6,3,"options, description, title"
ff460ef3-2c91-4cb5-b25c-62e6f2dbb4e8,5-Course Italian Tasting Menu for Two at Fig & Honey Eatery,Food & Drink,Birmingham,0.057705,4,25,91,False,40,structured_what_we_offer,22,specific_medium,17,10,2,"title, description, options"
9536512d-8cc4-44e9-8bb0-f135fd443435,One or Three 60-Minute HydroFacials at Ruby Beauty Bar,Beauty & Spas,Denver,0.072979,4,107,91,False,40,structured_what_we_offer,22,specific_medium,17,10,2,"title, description, options"
ee872e11-b9af-46b8-9947-ceade9c84dbf,Termite Inspection & Treatment Plan at FirstRate Care,Home Services,Los Angeles,0.065262,4,159,91,False,40,structured_what_we_offer,22,specific_medium,17,10,2,"title, description, options"
7ea2b334-0a68-43ce-b581-a6b6b1001d06,Dryer Vent Cleaning & Inspection at Spotless Pros,Home Services,Madrid,0.082413,4,119,91,False,40,structured_what_we_offer,22,specific_medium,17,10,2,"title, description, options"
c71ef84e-271f-45dc-8ff3-a17aa2b9372e,90-Min Premier Architecture Dinner Cruise at Blue Eatery,Food & Drink,Houston,0.076028,4,21,91,False,40,structured_what_we_offer,22,specific_medium,17,10,2,"title, description, options"
f4ccdec7-a165-4ca2-a6c4-0cfe65a24aad,State Inspection & Emissions Test at QuickLube Motor Works,Automotive,Seattle,0.082438,4,66,92,False,40,structured_what_we_offer,22,specific_medium,17,10,3,"title, description, options"
6d83ec60-917b-4f86-8f7d-756a30ee8017,Engine Diagnostic Scan & Report at MasterMech Auto Spa,Automotive,Los Angeles,0.063714,4,47,92,False,40,structured_what_we_offer,22,specific_medium,17,10,3,"title, description, options"
69e33b5f-d9b2-44e2-8bd6-bf3e50ff8888,Weighted Blanket — 15 or 20 lbs w/ Removable Cover,Retail,Barcelona,0.056714,4,31,92,False,40,structured_what_we_offer,22,specific_medium,17,10,3,"title, description, options"
7af8241a-beca-4584-95cb-25f486cde7df,Windshield Chip Repair — Up to 3 Chips at TopGear Garage,Automotive,Manchester,0.083819,4,24,92,False,40,structured_what_we_offer,22,specific_medium,17,10,3,"title, description, options"
7406a191-43f7-4557-aa77-f6a5dd96ac2d,Custom Phone Case — 100+ Designs w/ Free Shipping,Retail,Los Angeles,0.077204,4,29,92,False,40,structured_what_we_offer,22,specific_medium,17,10,3,"title, description, options"
a8c32641-be60-4118-8af0-3dd41edd5fd7,2-Night City Break w/ Breakfast & Attraction Passes at Vista Inn,Travel,Birmingham,0.003055,4,408,92,False,40,structured_what_we_offer,25,specific_long,17,6,4,"options, description, title"
e2509e0f-8060-4247-b8e9-089f8788ad92,NAD+ Infusion or Glutathione IV Drip at Revive Chiropractic,Health & Fitness,Boston,0.067294,4,55,92,False,40,structured_what_we_offer,22,specific_medium,17,10,3,"title, description, options"
30f2f9d8-f471-44b8-876e-bcc991826a3e,AC Recharge & System Check at Jiffy Auto Spa,Automotive,Los Angeles,0.078117,4,69,92,False,40,structured_what_we_offer,22,specific_medium,17,10,3,"title, description, options"
b6c3f2fc-2640-4ceb-b207-afd64ae393ed,Memory Foam Pillow — Standard or King Size,Retail,Barcelona,0.072656,4,56,92,False,40,structured_what_we_offer,22,specific_medium,17,10,3,"title, description, options"
96a2d418-0fe7-4fea-b845-f3e2c60aa8c3,1 or 3 Colon Hydrotherapy Sessions at Vitality Family Dentistry,Health & Fitness,New York,0.076913,4,117,93,False,40,structured_what_we_offer,25,specific_long,17,10,1,"description, title, options"
3af3a7b0-9737-4f31-8daa-6df51cd2cda1,90-Min Premier Architecture Dinner Cruise at Oak & Vine Brasserie,Food & Drink,Manchester,0.05471,4,12,93,False,40,structured_what_we_offer,25,specific_long,17,10,1,"description, title, options"
c02d0558-f673-4b83-8dea-2c4552dc230e,Complete Eye Exam w/ $200 Toward Glasses at Wellness Health Center,Health & Fitness,Seattle,0.079368,4,101,93,False,40,structured_what_we_offer,25,specific_long,17,10,1,"description, title, options"
a8c8f567-7262-4c1a-a0cb-2f6693b002cd,"Organic Skincare Set — Cleanser, Serum & Moisturizer",Retail,Seattle,0.081714,5,34,93,False,40,structured_what_we_offer,22,specific_medium,20,10,1,"title, description, options"
ca7331fa-ee3f-45c6-aabc-4807b382cbe2,"1, 3, or 6 Laser Skin-Resurfacing Sessions at Opulent Beauty Studio",Beauty & Spas,Denver,0.078791,4,48,93,False,40,structured_what_we_offer,25,specific_long,17,10,1,"description, title, options"
5b8a6101-8bb5-40f3-927e-7d5cb105f8c2,Headlight Restoration for Both Headlights at AutoShine Car Wash & Detail,Automotive,Manchester,0.071332,4,17,93,False,40,structured_what_we_offer,25,specific_long,17,10,1,"description, title, options"
b4fd8510-ec35-4409-b68d-d9dadac47596,Termite Inspection & Treatment Plan at TopNotch Home Services,Home Services,New York,0.078101,4,108,93,False,40,structured_what_we_offer,25,specific_long,17,10,1,"description, title, options"
5fd509e8-505e-4b27-8fa6-87140eec617b,Interior Shampoo & Stain Removal at MotorCraft Auto Spa,Automotive,Birmingham,0.078795,4,54,93,False,40,structured_what_we_offer,22,specific_medium,17,10,4,"title, description, options"
670bf7e2-21b1-4cb6-af8a-0de8c7524269,Initial Pest Treatment + 30-Day Follow-Up at HomeFirst Cleaning Co.,Home Services,Manchester,0.083226,4,81,93,False,40,structured_what_we_offer,25,specific_long,17,10,1,"description, title, options"
409b2c17-ba13-4d55-8756-742ed994648f,Complete Lash Lift & Tint w/ Brow Shaping at Pure Wellness Center,Beauty & Spas,Los Angeles,0.077899,4,103,94,False,40,structured_what_we_offer,25,specific_long,17,10,2,"description, title, options"
4af5bc4d-0275-4ddc-bbb1-404730d40c42,Before & After Hair Transformation w/ Balayage & Deep Conditioning at Orchid Wellness Center,Beauty & Spas,Houston,0.088087,4,83,94,False,40,structured_what_we_offer,25,specific_long,17,10,2,"description, title, options"
94f8e105-4fe8-4b8a-8c0b-4f1ecb869a25,3 or 6 Sessions of IPL Photofacial Treatment at Lotus Salon,Beauty & Spas,Boston,0.07769,5,33,94,False,40,structured_what_we_offer,22,specific_medium,20,10,2,"title, description, options"
c3aceb74-9627-49bd-87d8-f90e8e0bad1d,60-Minute Hyperbaric Oxygen Therapy Session at Balance Family Dentistry,Health & Fitness,Manchester,0.078142,4,112,95,False,40,structured_what_we_offer,25,specific_long,17,10,3,"description, title, options"
7e3c709a-e1ed-4385-87a6-10ec67f9f81b,Termite Inspection & Treatment Plan at Shield Cleaning Co.,Home Services,Seattle,0.076042,5,60,95,False,40,structured_what_we_offer,22,specific_medium,20,10,3,"title, description, options"
efc1d243-84c0-44c9-9ff3-fdce5db08eb1,Afternoon Tea for Two w/ Champagne & 3-Tier Stand at Copper BBQ,Food & Drink,Madrid,0.056619,4,33,95,False,40,structured_what_we_offer,25,specific_long,17,10,3,"description, title, options"
34dd7bac-84fb-4c81-9acb-a4ebdee940ac,"Family Meal Deal — 2 Entrees, 2 Sides & Dessert at Sage Eatery",Food & Drink,New York,0.049235,4,38,95,False,40,structured_what_we_offer,25,specific_long,17,10,3,"description, title, options"
ffbdfb5b-c5cb-42d1-8731-127a751c29a9,90-Min Premier Architecture Dinner Cruise at Cedar Brasserie,Food & Drink,Los Angeles,0.073389,4,30,95,False,40,structured_what_we_offer,25,specific_long,17,10,3,"description, title, options"
b14edbe9-1ecb-47ee-9f7d-431ce01a236a,Family-Friendly 2-Hour Kayak or Paddleboard Rental at Epic Adventures,Things to Do,Houston,0.078608,4,104,95,False,40,structured_what_we_offer,25,specific_long,17,10,3,"description, title, options"
4496d6e8-5e8e-4aa9-a2fe-fd6dbf7e25d9,Full Carpet Cleaning for 3 or 5 Rooms at SafeGuard Home Services,Home Services,Los Angeles,0.075553,4,115,95,False,40,structured_what_we_offer,25,specific_long,17,10,3,"description, title, options"
e2a90133-5b53-427a-9420-4a693b144fa0,Lawn Care — 4 or 8 Weekly Mowing Visits at TopNotch Cleaning Co.,Home Services,Seattle,0.004344,4,564,96,False,40,structured_what_we_offer,25,specific_long,17,10,4,"description, title, options"
e3ddc752-1f14-4ae5-82c1-91eb43d0b608,5-Course Italian Tasting Menu for Two at Sofia's Smokehouse,Food & Drink,Birmingham,0.067112,5,43,96,False,40,structured_what_we_offer,22,specific_medium,20,10,4,"title, description, options"
6704a042-7d89-4126-a28a-76596ed2ead4,Semaglutide or Tirzepatide Weight-Loss Program w/ Consultation at Wellness Family Dentistry,Health & Fitness,Los Angeles,0.050918,4,11,96,False,40,structured_what_we_offer,25,specific_long,17,10,4,"description, title, options"
f66da6b6-70f0-49d4-9735-5541b7d5d763,Dozen Gourmet Cupcakes or Custom Cake at Marco's Trattoria,Food & Drink,Chicago,0.080553,5,40,96,False,40,structured_what_we_offer,22,specific_medium,20,10,4,"title, description, options"
9b803668-a081-4017-8c13-0a0aa4467915,Weekend Getaway — 2 Nights w/ Pool Access & Parking at Azure Suites,Travel,Los Angeles,0.005369,4,1149,96,False,40,structured_what_we_offer,25,specific_long,17,10,4,"description, title, options"
b09f2b9d-f5ae-4891-a6e5-575bb73f9f2c,AC Recharge & System Check at MotorCraft Car Wash & Detail,Automotive,Manchester,0.080659,5,71,96,False,40,structured_what_we_offer,22,specific_medium,20,10,4,"title, description, options"
b0db145e-4371-469b-948b-ab73d5e78f59,Family-Friendly 2-Hour Kayak or Paddleboard Rental at Starlight Excursions,Things to Do,Manchester,0.082368,5,39,96,False,40,structured_what_we_offer,25,specific_long,20,10,1,"description, title, options"
23366f23-db95-4b70-b02d-328c4c61a919,60-Min Facial w/ Microdermabrasion & LED Light Therapy at Sapphire Wellness Center,Beauty & Spas,Chicago,0.081134,4,59,97,False,40,structured_what_we_offer,25,specific_long,17,10,5,"description, title, options"
cd6e52e3-1502-463d-8681-220b0a7331ce,Smart Watch — Fitness Tracker w/ Heart Rate Monitor,Retail,San Francisco,0.00286,5,53,97,False,40,structured_what_we_offer,22,specific_medium,20,10,5,"title, description, options"
47a05b05-be94-4c96-9bc8-02f676b13e21,Before & After Acne Treatment — HydraFacial + LED at Orchid Beauty Studio,Beauty & Spas,Manchester,0.074389,5,150,97,False,40,structured_what_we_offer,25,specific_long,20,10,2,"description, title, options"
31e00924-c97f-43a9-b0f1-e787026bbcce,"Pizza, Appetizer & Two Drinks for Two at Harbor Kitchen",Food & Drink,Denver,0.009717,5,188,97,False,40,structured_what_we_offer,22,specific_medium,20,10,5,"title, description, options"
33ba5707-8d54-4ea0-b034-6c9e08e9c440,3-Night Beachfront Condo Stay for Up to 4 Guests at Monterey Suites,Travel,Houston,0.05866,4,143,97,False,40,structured_what_we_offer,25,specific_long,17,10,5,"description, title, options"
504c7163-00ea-4b11-9ffb-fe6f4c8d7a26,Glow-in-the-Dark Mini Golf for Two or Four at Thrill Escape Room,Things to Do,New York,0.052976,5,65,97,False,40,structured_what_we_offer,25,specific_long,20,10,2,"description, title, options"
99c355ee-4bda-461f-9344-57be83434a2a,Brunch for Two — 3 Courses w/ Bottomless Mimosas at Rustic BBQ,Food & Drink,Manchester,0.07903,5,18,98,False,40,structured_what_we_offer,25,specific_long,20,10,3,"description, title, options"
e1e78c66-8d08-49ba-958e-5a2a9b843956,"Zoom Teeth Whitening — 20, 40, or 60-Min Treatment at Prime Med Center",Health & Fitness,London,0.083363,5,102,98,False,40,structured_what_we_offer,25,specific_long,20,10,3,"description, title, options"
db658d59-0a2d-4eaa-8c3e-7dbd82f107f0,2-Night City Break w/ Breakfast & Attraction Passes at Monterey Inn,Travel,Seattle,0.067562,5,76,98,False,40,structured_what_we_offer,25,specific_long,20,10,3,"description, title, options"
b0da25e5-3469-42f8-9f90-5172cd690b04,Glow-in-the-Dark Mini Golf for Two or Four at Skyline Experiences,Things to Do,San Francisco,0.05411,5,37,98,False,40,structured_what_we_offer,25,specific_long,20,10,3,"description, title, options"
d98e597a-7096-4b23-917b-5f020940a66d,Guided Wine Tour — 3 Vineyards w/ Tastings at Thrill Adventures,Things to Do,Denver,0.082359,5,85,98,False,40,structured_what_we_offer,25,specific_long,20,10,3,"description, title, options"
8c3cb10a-7924-42df-a08b-be43444ca3b4,"Family Meal Deal — 2 Entrees, 2 Sides & Dessert at Silver Grill",Food & Drink,Los Angeles,0.083771,5,16,98,False,40,structured_what_we_offer,25,specific_long,20,10,3,"description, title, options"
45722937-f64b-4927-a2af-f816e0be4dc8,5 or 10 Personal Training Sessions w/ Body Composition Analysis at Wellness Chiropractic,Health & Fitness,New York,0.074775,5,34,98,False,40,structured_what_we_offer,25,specific_long,20,10,3,"description, title, options"
6d267415-785e-40fb-9ce3-b0fb6ac3acb5,60-Minute Hyperbaric Oxygen Therapy Session at Nova Med Center,Health & Fitness,Barcelona,0.082324,5,82,99,False,40,structured_what_we_offer,25,specific_long,20,10,4,"description, title, options"
6aceb748-91d1-46d0-a977-fc62b23180b5,Glow-in-the-Dark Mini Golf for Two or Four at Urban Activities,Things to Do,Boston,0.069548,5,50,99,False,40,structured_what_we_offer,25,specific_long,20,10,4,"description, title, options"
2cde840f-5250-4ecc-aa0b-96dd6fa7e91f,Phentermine Weight-Loss Program w/ Consultation at Genesis Chiropractic,Health & Fitness,Birmingham,0.004294,5,477,99,False,40,structured_what_we_offer,25,specific_long,20,10,4,"description, title, options"
c9c1185a-4cbe-42d5-a1f8-02b7e00ded24,Family-Friendly 2-Hour Kayak or Paddleboard Rental at Summit Fun Zone,Things to Do,Houston,0.078988,5,58,99,False,40,structured_what_we_offer,25,specific_long,20,10,4,"description, title, options"
3f720acb-c0b5-4ce4-810a-c473457861fa,Complete Eye Exam w/ $200 Toward Glasses at Vitality Health Center,Health & Fitness,San Francisco,0.01284,5,152,100,False,40,structured_what_we_offer,25,specific_long,20,10,5,"description, title, options"
11fbe72b-4a61-41d6-b597-3d116e510ca4,Axe Throwing — 1-Hour Session for Two or Four at Coast Adventures,Things to Do,Madrid,0.076169,5,31,100,False,40,structured_what_we_offer,25,specific_long,20,10,5,"description, title, options"
